<?xml version="1.0" encoding="utf-8"?>
<LexScheme xmlns:xsd="http://www.w3.org/2001/XMLSchema" xmlns:xsi="http://www.w3.org/2001/XMLSchema-instance">
  <Author>AlterNET Software</Author>
  <Name>HTML language</Name>
  <Desc>Syntax Scheme for HTML Language</Desc>
  <Copyright>Copyright AlterNET Software, 2016-2019</Copyright>
  <FileExtension>.html;.htm</FileExtension>
  <FileType>html</FileType>
  <Version>1.1</Version>
  <Styles>
    <Style>
      <Name>idents</Name>
      <ForeColor>ControlText</ForeColor>
      <Index>0</Index>
    </Style>
    <Style>
      <Name>numbers</Name>
      <ForeColor>Green</ForeColor>
      <Index>1</Index>
    </Style>
    <Style>
      <Name>reswords</Name>
      <ForeColor>Blue</ForeColor>
      <Index>2</Index>
    </Style>
    <Style>
      <Name>comments</Name>
      <ForeColor>Silver</ForeColor>
      <FontStyle>Italic</FontStyle>
      <Index>3</Index>
      <PlainText>true</PlainText>
    </Style>
    <Style>
      <Name>whitespace</Name>
      <ForeColor>WindowText</ForeColor>
      <Index>4</Index>
    </Style>
    <Style>
      <Name>strings</Name>
      <ForeColor>Blue</ForeColor>
      <Index>5</Index>
    </Style>
    <Style>
      <Name>tagnames</Name>
      <ForeColor>Red</ForeColor>
      <Index>6</Index>
    </Style>
    <Style>
      <Name>tagIndex</Name>
      <ForeColor>Brown</ForeColor>
      <Index>7</Index>
    </Style>
  </Styles>
  <States>
    <State>
      <Name>normal</Name>
      <CaseSensitive>false</CaseSensitive>
      <SyntaxBlocks>
        <SyntaxBlock>
          <Name>idents</Name>
          <LexStyle>0</LexStyle>
          <LeaveState>0</LeaveState>
          <ResWordSets>
            <ResWordSet>
              <Name />
              <Index>0</Index>
              <ReswordStyle>6</ReswordStyle>
              <ResWords>
                <word>&amp;ampe</word>
                <word>&amp;gt</word>
                <word>&amp;nbsp</word>
                <word>&amp;lt</word>
                <word>&amp;quot</word>
              </ResWords>
            </ResWordSet>
          </ResWordSets>
          <Expressions>
            <string>[&amp;_a-zA-Z_][a-zA-Z0-9_]*</string>
          </Expressions>
          <Index>0</Index>
        </SyntaxBlock>
        <SyntaxBlock>
          <Name>common1</Name>
          <LexStyle>2</LexStyle>
          <LeaveState>2</LeaveState>
          <Expressions>
            <string>\u003C\/[a-zA-Z_][a-zA-Z0-9_]*</string>
            <string>\u003C[a-zA-Z_][a-zA-Z0-9_]*</string>
            <string>\u003C\![a-zA-Z_][a-zA-Z0-9_]*</string>
          </Expressions>
          <Index>1</Index>
        </SyntaxBlock>
        <SyntaxBlock>
          <Name>comment1</Name>
          <LexStyle>3</LexStyle>
          <LeaveState>1</LeaveState>
          <Expressions>
            <string>\u003C\!--</string>
          </Expressions>
          <Index>2</Index>
        </SyntaxBlock>
        <SyntaxBlock>
          <Name>whitespace</Name>
          <LexStyle>4</LexStyle>
          <LeaveState>0</LeaveState>
          <Expressions>
            <string>(\s)*</string>
          </Expressions>
          <Index>3</Index>
        </SyntaxBlock>
      </SyntaxBlocks>
      <Index>0</Index>
    </State>
    <State>
      <Name>comment</Name>
      <CaseSensitive>false</CaseSensitive>
      <SyntaxBlocks>
        <SyntaxBlock>
          <Name>comment1</Name>
          <LexStyle>3</LexStyle>
          <LeaveState>0</LeaveState>
          <Expressions>
            <string>--\u003E</string>
          </Expressions>
          <Index>0</Index>
        </SyntaxBlock>
        <SyntaxBlock>
          <Name>comment2</Name>
          <LexStyle>3</LexStyle>
          <LeaveState>1</LeaveState>
          <Expressions>
            <string>((?!--\u003E).)+</string>
          </Expressions>
          <Index>1</Index>
        </SyntaxBlock>
      </SyntaxBlocks>
      <Index>1</Index>
    </State>
    <State>
      <Name>htmltag</Name>
      <CaseSensitive>false</CaseSensitive>
      <SyntaxBlocks>
        <SyntaxBlock>
          <Name>htmltag1</Name>
          <LexStyle>2</LexStyle>
          <LeaveState>0</LeaveState>
          <Expressions>
            <string>\u003E</string>
          </Expressions>
          <Index>0</Index>
        </SyntaxBlock>
        <SyntaxBlock>
          <Name>string1</Name>
          <LexStyle>5</LexStyle>
          <LeaveState>2</LeaveState>
          <Expressions>
            <string>("")|"((((\\")|("")|[^"])*")|(((\\")|("")|[^"])*))</string>
            <string>('')|'((((\\')|('')|[^'])*')|(((\\')|('')|[^'])*))</string>
          </Expressions>
          <Index>1</Index>
        </SyntaxBlock>
        <SyntaxBlock>
          <Name>tagName</Name>
          <LexStyle>6</LexStyle>
          <LeaveState>2</LeaveState>
          <Expressions>
            <string>[a-zA-Z_][a-zA-Z0-9_]*</string>
          </Expressions>
          <Index>2</Index>
        </SyntaxBlock>
        <SyntaxBlock>
          <Name>numbers</Name>
          <LexStyle>1</LexStyle>
          <LeaveState>2</LeaveState>
          <Expressions>
            <string>([0-9]+\.[0-9]*(e|E)(\+|\-)?[0-9]+)|([0-9]+\.[0-9]*)|(\#[0-9a-fA-F]+)|([0-9]+)</string>
          </Expressions>
          <Index>3</Index>
        </SyntaxBlock>
        <SyntaxBlock>
          <Name>tagValue</Name>
          <LexStyle>2</LexStyle>
          <LeaveState>3</LeaveState>
          <Expressions>
            <string>\=</string>
          </Expressions>
          <Index>4</Index>
        </SyntaxBlock>
        <SyntaxBlock>
          <Name>whitespace</Name>
          <LexStyle>4</LexStyle>
          <LeaveState>2</LeaveState>
          <Expressions>
            <string>(\s)*</string>
          </Expressions>
          <Index>5</Index>
        </SyntaxBlock>
      </SyntaxBlocks>
      <Index>2</Index>
    </State>
    <State>
      <Name>tagName</Name>
      <CaseSensitive>false</CaseSensitive>
      <SyntaxBlocks>
        <SyntaxBlock>
          <Name>tag2</Name>
          <LexStyle>2</LexStyle>
          <LeaveState>0</LeaveState>
          <Expressions>
            <string>\u003E</string>
          </Expressions>
          <Index>0</Index>
        </SyntaxBlock>
        <SyntaxBlock>
          <Name>string1</Name>
          <LexStyle>5</LexStyle>
          <LeaveState>4</LeaveState>
          <Expressions>
            <string>("")|"((((\\")|("")|[^"])*")|(((\\")|("")|[^"])*))</string>
          </Expressions>
          <Index>1</Index>
        </SyntaxBlock>
        <SyntaxBlock>
          <Name>tagName</Name>
          <LexStyle>2</LexStyle>
          <LeaveState>4</LeaveState>
          <Expressions>
            <string>[a-zA-Z_][a-zA-Z0-9_]*</string>
          </Expressions>
          <Index>2</Index>
        </SyntaxBlock>
        <SyntaxBlock>
          <Name>whitespace</Name>
          <LexStyle>4</LexStyle>
          <LeaveState>3</LeaveState>
          <Expressions>
            <string>(\s)*</string>
          </Expressions>
          <Index>3</Index>
        </SyntaxBlock>
      </SyntaxBlocks>
      <Index>3</Index>
    </State>
    <State>
      <Name>tagValue</Name>
      <CaseSensitive>false</CaseSensitive>
      <SyntaxBlocks>
        <SyntaxBlock>
          <Name>tag2</Name>
          <LexStyle>2</LexStyle>
          <LeaveState>0</LeaveState>
          <Expressions>
            <string>\u003E</string>
          </Expressions>
          <Index>0</Index>
        </SyntaxBlock>
        <SyntaxBlock>
          <Name>string1</Name>
          <LexStyle>5</LexStyle>
          <LeaveState>4</LeaveState>
          <Expressions>
            <string>("")|"((((\\")|("")|[^"])*")|(((\\")|("")|[^"])*))</string>
          </Expressions>
          <Index>1</Index>
        </SyntaxBlock>
        <SyntaxBlock>
          <Name>tagName</Name>
          <LexStyle>6</LexStyle>
          <LeaveState>4</LeaveState>
          <Expressions>
            <string>[a-zA-Z_][a-zA-Z0-9_]*</string>
          </Expressions>
          <Index>2</Index>
        </SyntaxBlock>
        <SyntaxBlock>
          <Name>whitespace</Name>
          <LexStyle>4</LexStyle>
          <LeaveState>4</LeaveState>
          <Expressions>
            <string>(\s)*</string>
          </Expressions>
          <Index>3</Index>
        </SyntaxBlock>
      </SyntaxBlocks>
      <Index>4</Index>
    </State>
  </States>
</LexScheme>