<?xml version="1.0" encoding="utf-8"?>
<LexScheme xmlns:xsi="http://www.w3.org/2001/XMLSchema-instance" xmlns:xsd="http://www.w3.org/2001/XMLSchema">
  <Author>AlterNET Software</Author>
  <Name>Assembler language</Name>
  <Desc>Syntax Scheme for Assembler Language</Desc>
  <Copyright>Copyright AlterNET Software, 2016-2019</Copyright>
  <FileExtension>.asm</FileExtension>
  <FileType>assembler</FileType>
  <Version>1.5</Version>
  <Styles>
    <Style>
      <Name>idents</Name>
      <ForeColor>ControlText</ForeColor>
      <ForeColorEnabled>true</ForeColorEnabled>
      <BackColorEnabled>true</BackColorEnabled>
      <BoldEnabled>true</BoldEnabled>
      <ItalicEnabled>true</ItalicEnabled>
      <UnderlineEnabled>true</UnderlineEnabled>
    </Style>
    <Style>
      <Name>numbers</Name>
      <ForeColor>ControlText</ForeColor>
      <ForeColorEnabled>true</ForeColorEnabled>
      <BackColorEnabled>true</BackColorEnabled>
      <BoldEnabled>true</BoldEnabled>
      <ItalicEnabled>true</ItalicEnabled>
      <UnderlineEnabled>true</UnderlineEnabled>
    </Style>
    <Style>
      <Name>reswords</Name>
      <ForeColor>ControlText</ForeColor>
      <FontStyle>Bold</FontStyle>
      <ForeColorEnabled>true</ForeColorEnabled>
      <BackColorEnabled>true</BackColorEnabled>
      <BoldEnabled>true</BoldEnabled>
      <ItalicEnabled>true</ItalicEnabled>
      <UnderlineEnabled>true</UnderlineEnabled>
    </Style>
    <Style>
      <Name>comments</Name>
      <ForeColor>Navy</ForeColor>
      <FontStyle>Italic</FontStyle>
      <PlainText>true</PlainText>
      <ForeColorEnabled>true</ForeColorEnabled>
      <BackColorEnabled>true</BackColorEnabled>
      <BoldEnabled>true</BoldEnabled>
      <ItalicEnabled>true</ItalicEnabled>
      <UnderlineEnabled>true</UnderlineEnabled>
    </Style>
    <Style>
      <Name>whitespace</Name>
      <ForeColor>WindowText</ForeColor>
      <ForeColorEnabled>true</ForeColorEnabled>
      <BackColorEnabled>true</BackColorEnabled>
      <BoldEnabled>true</BoldEnabled>
      <ItalicEnabled>true</ItalicEnabled>
      <UnderlineEnabled>true</UnderlineEnabled>
    </Style>
    <Style>
      <Name>strings</Name>
      <ForeColor>Maroon</ForeColor>
      <ForeColorEnabled>true</ForeColorEnabled>
      <BackColorEnabled>true</BackColorEnabled>
      <BoldEnabled>true</BoldEnabled>
      <ItalicEnabled>true</ItalicEnabled>
      <UnderlineEnabled>true</UnderlineEnabled>
    </Style>
    <Style>
      <Name>directives</Name>
      <ForeColor>Blue</ForeColor>
      <ForeColorEnabled>true</ForeColorEnabled>
      <BackColorEnabled>true</BackColorEnabled>
      <BoldEnabled>true</BoldEnabled>
      <ItalicEnabled>true</ItalicEnabled>
      <UnderlineEnabled>true</UnderlineEnabled>
    </Style>
  </Styles>
  <States>
    <State>
      <Name>normal</Name>
      <CaseSensitive>false</CaseSensitive>
      <SyntaxBlocks>
        <SyntaxBlock>
          <Name>idents</Name>
          <LexStyle>0</LexStyle>
          <LeaveState>0</LeaveState>
          <ResWordSets>
            <ResWordSet>
              <Name />
              <ResWordStyle>2</ResWordStyle>
              <ResWords>
                <word>extrn</word>
                <word>fst</word>
                <word>retn</word>
                <word>fcompp</word>
                <word>fimul</word>
                <word>cwde</word>
                <word>smsw</word>
                <word>int</word>
                <word>sar</word>
                <word>segment</word>
                <word>shld</word>
                <word>cs</word>
                <word>inc</word>
                <word>jecxz</word>
                <word>ficom</word>
                <word>lodsd</word>
                <word>lodsb</word>
                <word>setle</word>
                <word>jnz</word>
                <word>lodsw</word>
                <word>add</word>
                <word>arpl</word>
                <word>jns</word>
                <word>jnp</word>
                <word>fsetpm</word>
                <word>jnl</word>
                <word>mul</word>
                <word>jng</word>
                <word>jne</word>
                <word>jnb</word>
                <word>jnc</word>
                <word>jna</word>
                <word>fucomp</word>
                <word>verr</word>
                <word>verw</word>
                <word>equ</word>
                <word>fldz</word>
                <word>fsin</word>
                <word>fptan</word>
                <word>sbb</word>
                <word>invlpg</word>
                <word>pushad</word>
                <word>loop</word>
                <word>purge</word>
                <word>exitm</word>
                <word>fld1</word>
                <word>frstor</word>
                <word>page</word>
                <word>jp</word>
                <word>js</word>
                <word>seg</word>
                <word>repe</word>
                <word>lldt</word>
                <word>jz</word>
                <word>insd</word>
                <word>insb</word>
                <word>jle</word>
                <word>ja</word>
                <word>pushfd</word>
                <word>jc</word>
                <word>je</word>
                <word>fisub</word>
                <word>jg</word>
                <word>insw</word>
                <word>jl</word>
                <word>jo</word>
                <word>jmp</word>
                <word>fild</word>
                <word>or</word>
                <word>gt</word>
                <word>jno</word>
                <word>setnae</word>
                <word>fprem1</word>
                <word>f2xm1</word>
                <word>public</word>
                <word>local</word>
                <word>end</word>
                <word>bsf</word>
                <word>fiadd</word>
                <word>lt</word>
                <word>bsr</word>
                <word>repnz</word>
                <word>dword</word>
                <word>le</word>
                <word>repne</word>
                <word>faddp</word>
                <word>fyl2xp1</word>
                <word>lods</word>
                <word>outsb</word>
                <word>fsubr</word>
                <word>db</word>
                <word>finit</word>
                <word>endp</word>
                <word>push</word>
                <word>jcxz</word>
                <word>setnp</word>
                <word>setns</word>
                <word>setnz</word>
                <word>setz</word>
                <word>fxch</word>
                <word>setne</word>
                <word>setnb</word>
                <word>setnc</word>
                <word>setna</word>
                <word>setno</word>
                <word>setng</word>
                <word>in</word>
                <word>setnl</word>
                <word>bound</word>
                <word>length</word>
                <word>seta</word>
                <word>lsl</word>
                <word>fmulp</word>
                <word>comment</word>
                <word>fnclex</word>
                <word>fistp</word>
                <word>fneni</word>
                <word>hlt</word>
                <word>frndint</word>
                <word>str</word>
                <word>cx</word>
                <word>fld</word>
                <word>loopne</word>
                <word>scasw</word>
                <word>out</word>
                <word>loopnz</word>
                <word>fxam</word>
                <word>stc</word>
                <word>fstcw</word>
                <word>ch</word>
                <word>scasb</word>
                <word>scasd</word>
                <word>cl</word>
                <word>ltr</word>
                <word>near</word>
                <word>cmpsd</word>
                <word>cmpsb</word>
                <word>ffree</word>
                <word>lgdt</word>
                <word>fucompp</word>
                <word>sahf</word>
                <word>jpe</word>
                <word>size</word>
                <word>pop</word>
                <word>jpo</word>
                <word>group</word>
                <word>fucom</word>
                <word>btc</word>
                <word>setae</word>
                <word>feni</word>
                <word>edx</word>
                <word>movsx</word>
                <word>btr</word>
                <word>bts</word>
                <word>fdivrp</word>
                <word>movsw</word>
                <word>shrd</word>
                <word>bswap</word>
                <word>edi</word>
                <word>clts</word>
                <word>cmpsw</word>
                <word>movsd</word>
                <word>bx</word>
                <word>fdecstp</word>
                <word>xor</word>
                <word>movsb</word>
                <word>ecx</word>
                <word>bp</word>
                <word>bt</word>
                <word>setbe</word>
                <word>bh</word>
                <word>bl</word>
                <word>name</word>
                <word>setge</word>
                <word>jnge</word>
                <word>cwd</word>
                <word>lss</word>
                <word>tbyte</word>
                <word>gs</word>
                <word>fscale</word>
                <word>ptr</word>
                <word>ge</word>
                <word>high</word>
                <word>small</word>
                <word>popad</word>
                <word>dx</word>
                <word>dw</word>
                <word>dt</word>
                <word>ds</word>
                <word>cmps</word>
                <word>dq</word>
                <word>dl</word>
                <word>record</word>
                <word>dh</word>
                <word>di</word>
                <word>dd</word>
                <word>fnop</word>
                <word>fsubp</word>
                <word>ax</word>
                <word>fcomp</word>
                <word>struc</word>
                <word>and</word>
                <word>ah</word>
                <word>ficomp</word>
                <word>al</word>
                <word>word</word>
                <word>lmsw</word>
                <word>macro</word>
                <word>fnstsw</word>
                <word>fist</word>
                <word>label</word>
                <word>fs</word>
                <word>short</word>
                <word>jnle</word>
                <word>sal</word>
                <word>fcos</word>
                <word>byte</word>
                <word>ebx</word>
                <word>popfd</word>
                <word>sti</word>
                <word>ebp</word>
                <word>std</word>
                <word>fcom</word>
                <word>qword</word>
                <word>sldt</word>
                <word>sgdt</word>
                <word>eax</word>
                <word>div</word>
                <word>subttl</word>
                <word>offset</word>
                <word>mask</word>
                <word>seggs</word>
                <word>symtype</word>
                <word>org</word>
                <word>include</word>
                <word>lfs</word>
                <word>rol</word>
                <word>es</word>
                <word>eq</word>
                <word>leave</word>
                <word>sp</word>
                <word>ss</word>
                <word>wbinvd</word>
                <word>fnstenv</word>
                <word>segfs</word>
                <word>fidivr</word>
                <word>aas</word>
                <word>mov</word>
                <word>cld</word>
                <word>clc</word>
                <word>fsub</word>
                <word>cli</word>
                <word>aam</word>
                <word>mod</word>
                <word>sub</word>
                <word>aaa</word>
                <word>aad</word>
                <word>fbld</word>
                <word>large</word>
                <word>retf</word>
                <word>fstp</word>
                <word>fstenv</word>
                <word>fldlg2</word>
                <word>stosb</word>
                <word>stosd</word>
                <word>ftst</word>
                <word>xadd</word>
                <word>adc</word>
                <word>neg</word>
                <word>far</word>
                <word>fidiv</word>
                <word>stosw</word>
                <word>jb</word>
                <word>invd</word>
                <word>wait</word>
                <word>fnsave</word>
                <word>fldln2</word>
                <word>loopdne</word>
                <word>cmp</word>
                <word>cmpxchg</word>
                <word>fldcw</word>
                <word>dec</word>
                <word>loopdnz</word>
                <word>rcl</word>
                <word>cmc</word>
                <word>fyl2x</word>
                <word>shl</word>
                <word>setpo</word>
                <word>fmul</word>
                <word>this</word>
                <word>fsqrt</word>
                <word>shr</word>
                <word>setpe</word>
                <word>popa</word>
                <word>repz</word>
                <word>rept</word>
                <word>type</word>
                <word>lidt</word>
                <word>call</word>
                <word>width</word>
                <word>scas</word>
                <word>fprem</word>
                <word>jbe</word>
                <word>seges</word>
                <word>fsave</word>
                <word>lds</word>
                <word>fxtract</word>
                <word>ror</word>
                <word>fninit</word>
                <word>lock</word>
                <word>setnge</word>
                <word>segds</word>
                <word>xlat</word>
                <word>fsincos</word>
                <word>enter</word>
                <word>fldpi</word>
                <word>lahf</word>
                <word>les</word>
                <word>xchg</word>
                <word>sidt</word>
                <word>fdiv</word>
                <word>iretd</word>
                <word>lea</word>
                <word>das</word>
                <word>fdisi</word>
                <word>daa</word>
                <word>si</word>
                <word>nop</word>
                <word>popf</word>
                <word>fldl2e</word>
                <word>not</word>
                <word>jae</word>
                <word>fadd</word>
                <word>fchs</word>
                <word>fldl2t</word>
                <word>cdq</word>
                <word>fdivr</word>
                <word>fdivp</word>
                <word>fndisi</word>
                <word>st</word>
                <word>setp</word>
                <word>fpatan</word>
                <word>sets</word>
                <word>low</word>
                <word>setnbe</word>
                <word>eip</word>
                <word>setl</word>
                <word>seto</word>
                <word>test</word>
                <word>setb</word>
                <word>setc</word>
                <word>sete</word>
                <word>setg</word>
                <word>fabs</word>
                <word>fbstp</word>
                <word>outsd</word>
                <word>rcr</word>
                <word>jge</word>
                <word>lgs</word>
                <word>fldenv</word>
                <word>outsw</word>
                <word>ret</word>
                <word>cbw</word>
                <word>rep</word>
                <word>imul</word>
                <word>lar</word>
                <word>segss</word>
                <word>title</word>
                <word>esi</word>
                <word>jnbe</word>
                <word>idiv</word>
                <word>esc</word>
                <word>movs</word>
                <word>setnle</word>
                <word>fwait</word>
                <word>segcs</word>
                <word>esp</word>
                <word>fnstcw</word>
                <word>iret</word>
                <word>fincstp</word>
                <word>loopd</word>
                <word>loope</word>
                <word>proc</word>
                <word>fclex</word>
                <word>assume</word>
                <word>fisubr</word>
                <word>loopz</word>
                <word>fsubrp</word>
                <word>movzx</word>
                <word>pushf</word>
                <word>pusha</word>
                <word>ends</word>
                <word>fstsw</word>
                <word>loopde</word>
                <word>stos</word>
                <word>into</word>
                <word>endm</word>
                <word>jnae</word>
                <word>loopdz</word>
              </ResWords>
            </ResWordSet>
          </ResWordSets>
          <Expressions>
            <string>[a-zA-Z_][a-zA-Z0-9_]*</string>
          </Expressions>
        </SyntaxBlock>
        <SyntaxBlock>
          <Name>comments</Name>
          <LexStyle>3</LexStyle>
          <LeaveState>0</LeaveState>
          <Expressions>
            <string>\;.*</string>
          </Expressions>
        </SyntaxBlock>
        <SyntaxBlock>
          <Name>numbers</Name>
          <LexStyle>1</LexStyle>
          <LeaveState>0</LeaveState>
          <Expressions>
            <string>([0-9]+\.[0-9]*(e|E)(\+|\-)?[0-9]+)|([0-9]+\.[0-9]*)|([0-9]+)</string>
          </Expressions>
        </SyntaxBlock>
        <SyntaxBlock>
          <Name>strings</Name>
          <LexStyle>5</LexStyle>
          <LeaveState>0</LeaveState>
          <Expressions>
            <string>("")|"((((\\")|("")|[^"])*")|(((\\")|("")|[^"])*))</string>
            <string>('')|'((((\\')|('')|[^'])*')|(((\\')|('')|[^'])*))</string>
          </Expressions>
        </SyntaxBlock>
        <SyntaxBlock>
          <Name>whitespace</Name>
          <LexStyle>4</LexStyle>
          <LeaveState>0</LeaveState>
          <Expressions>
            <string>(\s)+</string>
          </Expressions>
        </SyntaxBlock>
      </SyntaxBlocks>
    </State>
  </States>
</LexScheme>