<?xml version="1.0" encoding="utf-8"?>
<LexScheme xmlns:xsi="http://www.w3.org/2001/XMLSchema-instance" xmlns:xsd="http://www.w3.org/2001/XMLSchema">
  <Author>AlterNET Software</Author>
  <Name>Cobol</Name>
  <Desc>Enhanced Syntax Scheme for Cobol Language</Desc>
  <Copyright>Copyright AlterNET Software, 2016-2019</Copyright>
  <FileExtension>CBL</FileExtension>
  <FileType />
  <Version>1.5</Version>
  <Styles>
    <Style>
      <Name>idents</Name>
      <ForeColor>ControlText</ForeColor>
      <Index>0</Index>
    </Style>
    <Style>
      <Name>numbers</Name>
      <ForeColor>Teal</ForeColor>
      <Index>1</Index>
    </Style>
    <Style>
      <Name>MiscReserved</Name>
      <ForeColor>Blue</ForeColor>
      <Index>2</Index>
    </Style>
    <Style>
      <Name>comments</Name>
      <ForeColor>Green</ForeColor>
      <Index>3</Index>
      <PlainText>true</PlainText>
    </Style>
    <Style>
      <Name>symbol</Name>
      <ForeColor>Gray</ForeColor>
      <Index>4</Index>
    </Style>
    <Style>
      <Name>whitespace</Name>
      <ForeColor>WindowText</ForeColor>
      <Index>5</Index>
    </Style>
    <Style>
      <Name>strings</Name>
      <ForeColor>Maroon</ForeColor>
      <Index>6</Index>
    </Style>
    <Style>
      <Name>prefix</Name>
      <ForeColor>Coral</ForeColor>
      <Index>7</Index>
    </Style>
    <Style>
      <Name>TransferControl</Name>
      <ForeColor>DarkOrchid</ForeColor>
      <Index>8</Index>
    </Style>
    <Style>
      <Name>Structure</Name>
      <ForeColor>CornflowerBlue</ForeColor>
      <Index>9</Index>
    </Style>
    <Style>
      <Name>Data</Name>
      <ForeColor>MediumVioletRed</ForeColor>
      <Index>10</Index>
    </Style>
    <Style>
      <Name>InputOutput</Name>
      <ForeColor>Chocolate</ForeColor>
      <Index>11</Index>
    </Style>
    <Style>
      <Name>Function</Name>
      <ForeColor>SpringGreen</ForeColor>
      <Index>12</Index>
    </Style>
    <Style>
      <Name>Manipulate</Name>
      <ForeColor>DarkCyan</ForeColor>
      <Index>13</Index>
    </Style>
    <Style>
      <Name>Precompiler</Name>
      <ForeColor>Firebrick</ForeColor>
      <Index>14</Index>
    </Style>
  </Styles>
  <States>
    <State>
      <Name>Prefix</Name>
      <Desc>First 6 characters a the prefix area</Desc>
      <CaseSensitive>false</CaseSensitive>
      <SyntaxBlocks>
        <SyntaxBlock>
          <Name>prefix6</Name>
          <LexStyle>7</LexStyle>
          <LeaveState>1</LeaveState>
          <Expressions>
            <string>^.{6}</string>
          </Expressions>
          <Index>0</Index>
        </SyntaxBlock>
        <SyntaxBlock>
          <Name>prefix5</Name>
          <LexStyle>7</LexStyle>
          <LeaveState>1</LeaveState>
          <Expressions>
            <string>^.{5}</string>
          </Expressions>
          <Index>1</Index>
        </SyntaxBlock>
        <SyntaxBlock>
          <Name>prefix4</Name>
          <LexStyle>7</LexStyle>
          <LeaveState>1</LeaveState>
          <Expressions>
            <string>^.{4}</string>
          </Expressions>
          <Index>2</Index>
        </SyntaxBlock>
        <SyntaxBlock>
          <Name>prefix3</Name>
          <LexStyle>7</LexStyle>
          <LeaveState>1</LeaveState>
          <Expressions>
            <string>^.{3}</string>
          </Expressions>
          <Index>3</Index>
        </SyntaxBlock>
        <SyntaxBlock>
          <Name>prefix2</Name>
          <LexStyle>7</LexStyle>
          <LeaveState>1</LeaveState>
          <Expressions>
            <string>^.{2}</string>
          </Expressions>
          <Index>4</Index>
        </SyntaxBlock>
        <SyntaxBlock>
          <Name>prefix1</Name>
          <LexStyle>7</LexStyle>
          <LeaveState>1</LeaveState>
          <Expressions>
            <string>^.{1}</string>
          </Expressions>
          <Index>5</Index>
        </SyntaxBlock>
      </SyntaxBlocks>
      <Index>0</Index>
    </State>
    <State>
      <Name>Comment</Name>
      <CaseSensitive>false</CaseSensitive>
      <SyntaxBlocks>
        <SyntaxBlock>
          <Name>EndOfLine</Name>
          <LexStyle>5</LexStyle>
          <LeaveState>0</LeaveState>
          <Expressions>
            <string>\Z</string>
          </Expressions>
          <Index>0</Index>
        </SyntaxBlock>
        <SyntaxBlock>
          <Name>Comment</Name>
          <LexStyle>3</LexStyle>
          <LeaveState>0</LeaveState>
          <Expressions>
            <string>\*.*?\z</string>
          </Expressions>
          <Index>1</Index>
        </SyntaxBlock>
        <SyntaxBlock>
          <Name>NonComment</Name>
          <LexStyle>5</LexStyle>
          <LeaveState>2</LeaveState>
          <Expressions>
            <string>\s</string>
          </Expressions>
          <Index>2</Index>
        </SyntaxBlock>
      </SyntaxBlocks>
      <Index>1</Index>
    </State>
    <State>
      <Name>Normal</Name>
      <CaseSensitive>true</CaseSensitive>
      <SyntaxBlocks>
        <SyntaxBlock>
          <Name>EndOfLine</Name>
          <LexStyle>5</LexStyle>
          <LeaveState>0</LeaveState>
          <Expressions>
            <string>\Z</string>
          </Expressions>
          <Index>0</Index>
        </SyntaxBlock>
        <SyntaxBlock>
          <Name>ident</Name>
          <LexStyle>0</LexStyle>
          <LeaveState>2</LeaveState>
          <ResWordSets>
            <ResWordSet>
              <Name>TransferControl</Name>
              <Index>0</Index>
              <ResWordStyle>8</ResWordStyle>
              <ResWords>
                <word>AT</word>
                <word>AND</word>
                <word>ALSO</word>
                <word>CALL</word>
                <word>CHAIN</word>
                <word>CONTINUE</word>
                <word>END</word>
                <word>ELSE</word>
                <word>ERROR</word>
                <word>END-IF</word>
                <word>END-ON</word>
                <word>EXECUTE</word>
                <word>END-CALL</word>
                <word>EVALUATE</word>
                <word>END-CHAIN</word>
                <word>END-SEARCH</word>
                <word>END-PERFORM</word>
                <word>END-EVALUATE</word>
                <word>EXIT</word>
                <word>GO</word>
                <word>GOBACK</word>
                <word>IF</word>
                <word>INVALID</word>
                <word>NOT</word>
                <word>ON</word>
                <word>OR</word>
                <word>OTHER</word>
                <word>OTHERWISE</word>
                <word>PERFORM</word>
                <word>RUN</word>
                <word>SIZE</word>
                <word>STOP</word>
                <word>SEARCH</word>
                <word>USE</word>
                <word>UNTIL</word>
                <word>WHEN</word>
              </ResWords>
            </ResWordSet>
            <ResWordSet>
              <Name>Structure</Name>
              <Index>1</Index>
              <ResWordStyle>9</ResWordStyle>
              <ResWords>
                <word>AUTHOR</word>
                <word>COMMUNICATION</word>
                <word>CONFIGURATION</word>
                <word>DATA</word>
                <word>DIVISION</word>
                <word>DATE-WRITTEN</word>
                <word>DECLARATIVES</word>
                <word>DATE-COMPILED</word>
                <word>ENVIRONMENT</word>
                <word>FILE</word>
                <word>FILE-CONTROL</word>
                <word>ID</word>
                <word>I-O-CONTROL</word>
                <word>INSTALLATION</word>
                <word>IDENTIFICATION</word>
                <word>LINKAGE</word>
                <word>OBJECT-COMPUTER</word>
                <word>PROCEDURE</word>
                <word>PROGRAM-ID</word>
                <word>REMARKS</word>
                <word>SCREEN</word>
                <word>SECTION</word>
                <word>SECURITY</word>
                <word>SPECIAL-NAMES</word>
                <word>SOURCE-COMPUTER</word>
                <word>WORKING-STORAGE</word>
              </ResWords>
            </ResWordSet>
            <ResWordSet>
              <Name>Data</Name>
              <Index>2</Index>
              <ResWordStyle>10</ResWordStyle>
              <ResWords>
                <word>COMP</word>
                <word>COMP-0</word>
                <word>COMP-1</word>
                <word>COMP-2</word>
                <word>COMP-3</word>
                <word>COMP-4</word>
                <word>COMP-5</word>
                <word>COMP-6</word>
                <word>COMP-7</word>
                <word>COMP-8</word>
                <word>COMP-9</word>
                <word>COMP-X</word>
                <word>COMPUTATIONAL</word>
                <word>COMPUTATIONAL-0</word>
                <word>COMPUTATIONAL-1</word>
                <word>COMPUTATIONAL-2</word>
                <word>COMPUTATIONAL-3</word>
                <word>COMPUTATIONAL-4</word>
                <word>COMPUTATIONAL-5</word>
                <word>COMPUTATIONAL-6</word>
                <word>COMPUTATIONAL-7</word>
                <word>COMPUTATIONAL-8</word>
                <word>COMPUTATIONAL-9</word>
                <word>COMPUTATIONAL-X</word>
                <word>DISPLAY</word>
                <word>DISPLAY-1</word>
                <word>DISPLAY-2</word>
                <word>DISPLAY-3</word>
                <word>DISPLAY-4</word>
                <word>DISPLAY-5</word>
                <word>DISPLAY-6</word>
                <word>DISPLAY-7</word>
                <word>DISPLAY-8</word>
                <word>DISPLAY-9</word>
                <word>OCCURS</word>
                <word>PIC</word>
                <word>REDEFINES</word>
                <word>USAGE</word>
              </ResWords>
            </ResWordSet>
            <ResWordSet>
              <Name>InputOutput</Name>
              <Index>3</Index>
              <ResWordStyle>11</ResWordStyle>
              <ResWords>
                <word>ACCEPT</word>
                <word>CD</word>
                <word>CLOSE</word>
                <word>COMMIT</word>
                <word>DELETE</word>
                <word>DISPLAY</word>
                <word>DISABLE</word>
                <word>ENABLE</word>
                <word>EXHIBIT</word>
                <word>END-READ</word>
                <word>END-SEND</word>
                <word>END-START</word>
                <word>END-WRITE</word>
                <word>END-ACCEPT</word>
                <word>END-DELETE</word>
                <word>END-ENABLE</word>
                <word>END-RETURN</word>
                <word>END-DISPLAY</word>
                <word>END-DISABLE</word>
                <word>END-RECEIVE</word>
                <word>END-REWRITE</word>
                <word>END-TRANSCEIVE</word>
                <word>FD</word>
                <word>MERGE</word>
                <word>OPEN</word>
                <word>PURGE</word>
                <word>READ</word>
                <word>READY</word>
                <word>RERUN</word>
                <word>RESET</word>
                <word>RETURN</word>
                <word>RECEIVE</word>
                <word>RELEASE</word>
                <word>REWRITE</word>
                <word>ROLLBACK</word>
                <word>SD</word>
                <word>SEEK</word>
                <word>SEND</word>
                <word>SORT</word>
                <word>START</word>
                <word>SELECT</word>
                <word>TRACE</word>
                <word>TRANSCIEVE</word>
                <word>UNLOCK</word>
                <word>WRITE</word>
              </ResWords>
            </ResWordSet>
            <ResWordSet>
              <Name>Function</Name>
              <Index>4</Index>
              <ResWordStyle>12</ResWordStyle>
              <ResWords>
                <word>ABS</word>
                <word>ALL</word>
                <word>ACOS</word>
                <word>ASIN</word>
                <word>ATAN</word>
                <word>ANNUITY</word>
                <word>COS</word>
                <word>CHAR</word>
                <word>CURRENT-DATE</word>
                <word>CHAR-NATIONAL</word>
                <word>DEBUG-ITEM</word>
                <word>DEBUG-LINE</word>
                <word>DEBUG-NAME</word>
                <word>DISPLAY-OF</word>
                <word>DEBUG-SUB-1</word>
                <word>DEBUG-SUB-2</word>
                <word>DEBUG-SUB-3</word>
                <word>DEBUG-SUB-N</word>
                <word>DAY-OF-INTEGER</word>
                <word>DEBUG-CONTENTS</word>
                <word>DATE-OF-INTEGER</word>
                <word>EXP</word>
                <word>EXP10</word>
                <word>FACTORIAL</word>
                <word>FRACTION-PART</word>
                <word>HIGH-VALUE</word>
                <word>HIGH-VALUES</word>
                <word>INTEGER</word>
                <word>INTEGER-PART</word>
                <word>INTEGER-OF-DAY</word>
                <word>INTEGER-OF-DATE</word>
                <word>LOG</word>
                <word>LOG10</word>
                <word>LENGTH</word>
                <word>LENGTH-AN</word>
                <word>LOW-VALUE</word>
                <word>LOW-VALUES</word>
                <word>LOWER-CASE</word>
                <word>MAX</word>
                <word>MIN</word>
                <word>MOD</word>
                <word>MEAN</word>
                <word>MEDIAN</word>
                <word>MIDRANGE</word>
                <word>NULL</word>
                <word>NULLS</word>
                <word>NUMVAL</word>
                <word>NUMVAL-C</word>
                <word>NATIONAL-OF</word>
                <word>ORD</word>
                <word>ORD-MAX</word>
                <word>ORD-MIN</word>
                <word>PI</word>
                <word>PRESENT-VALUE</word>
                <word>QUOTE</word>
                <word>QUOTES</word>
                <word>REM</word>
                <word>RANGE</word>
                <word>RANDOM</word>
                <word>REVERSE</word>
                <word>RETURN-CODE</word>
                <word>SUM</word>
                <word>SIGN</word>
                <word>SQRT</word>
                <word>SPACE</word>
                <word>SPACES</word>
                <word>STANDARD-DEVIAT</word>
                <word>TAN</word>
                <word>TALLY</word>
                <word>UPPER-CASE</word>
                <word>VARIANCE</word>
                <word>WHEN-COMPILED</word>
                <word>ZERO</word>
                <word>ZEROS</word>
                <word>ZEROES</word>
              </ResWords>
            </ResWordSet>
            <ResWordSet>
              <Name>Manipulate</Name>
              <Index>5</Index>
              <ResWordStyle>13</ResWordStyle>
              <ResWords>
                <word>ADD</word>
                <word>ALTER</word>
                <word>COPY</word>
                <word>CORR</word>
                <word>CANCEL</word>
                <word>COMPUTE</word>
                <word>CONTINUE</word>
                <word>CORRESPONDING</word>
                <word>DIVIDE</word>
                <word>EXIT</word>
                <word>ENTER</word>
                <word>ENTRY</word>
                <word>END-ADD</word>
                <word>EXAMINE</word>
                <word>END-DIVIDE</word>
                <word>END-STRING</word>
                <word>END-COMPUTE</word>
                <word>END-MULTIPLY</word>
                <word>END-SUBTRACT</word>
                <word>END-UNSTRING</word>
                <word>INSPECT</word>
                <word>INITIALIZE</word>
                <word>MOVE</word>
                <word>MULTIPLY</word>
                <word>NEXT</word>
                <word>NOTE</word>
                <word>PROGRAM</word>
                <word>SET</word>
                <word>STRING</word>
                <word>SERVICE</word>
                <word>SENTENCE</word>
                <word>SUBTRACT</word>
                <word>TO</word>
                <word>TRANSFORM</word>
                <word>UNSTRING</word>
              </ResWords>
            </ResWordSet>
            <ResWordSet>
              <Name>MiscReserved</Name>
              <Index>6</Index>
              <ResWordStyle>2</ResWordStyle>
              <ResWords>
                <word>AS</word>
                <word>AT</word>
                <word>ALL</word>
                <word>ANY</word>
                <word>ARE</word>
                <word>AREA</word>
                <word>AUTO</word>
                <word>AFTER</word>
                <word>APPLY</word>
                <word>AREAS</word>
                <word>ACCESS</word>
                <word>ACTUAL</word>
                <word>ASSIGN</word>
                <word>ACQUIRE</word>
                <word>ADDRESS</word>
                <word>ABSTRACT</word>
                <word>ALLOWING</word>
                <word>ALPHABET</word>
                <word>ADVANCING</word>
                <word>ALTERNATE</word>
                <word>ASCENDING</word>
                <word>ATTRIBUTE</word>
                <word>AUTO-SKIP</word>
                <word>AUTOMATIC</word>
                <word>ALPHABETIC</word>
                <word>AREA-VALUE</word>
                <word>ARITHMETIC</word>
                <word>ALPHANUMERIC</word>
                <word>ARGUMENT-VALUE</word>
                <word>ALPHABETIC-LOWE</word>
                <word>ALPHABETIC-UPPE</word>
                <word>ALPHANUMERIC-ED</word>
                <word>ARGUMENT-NUMBER</word>
                <word>AUTO-HYPHEN-SKI</word>
                <word>BY</word>
                <word>BIT</word>
                <word>B-OR</word>
                <word>BEEP</word>
                <word>BELL</word>
                <word>BITS</word>
                <word>B-AND</word>
                <word>B-NOT</word>
                <word>BASIS</word>
                <word>BLANK</word>
                <word>BLINK</word>
                <word>BLOCK</word>
                <word>B-EXOR</word>
                <word>B-LESS</word>
                <word>BEFORE</word>
                <word>BINARY</word>
                <word>BOTTOM</word>
                <word>BOOLEAN</word>
                <word>BACKWARD</word>
                <word>BEGINNING</word>
                <word>BACKGROUND-COLO</word>
                <word>CF</word>
                <word>CH</word>
                <word>C01</word>
                <word>C02</word>
                <word>C03</word>
                <word>C04</word>
                <word>C05</word>
                <word>C06</word>
                <word>C07</word>
                <word>C08</word>
                <word>C09</word>
                <word>C10</word>
                <word>C11</word>
                <word>C12</word>
                <word>CBL</word>
                <word>COL</word>
                <word>CRT</word>
                <word>CSP</word>
                <word>CODE</word>
                <word>CLASS</word>
                <word>COBOL</word>
                <word>COLOR</word>
                <word>COMMA</word>
                <word>COUNT</word>
                <word>CYCLE</word>
                <word>COLUMN</word>
                <word>COMMON</word>
                <word>CURSOR</word>
                <word>CHANGED</word>
                <word>COM-REG</word>
                <word>CONNECT</word>
                <word>CONSOLE</word>
                <word>CONTENT</word>
                <word>CONTROL</word>
                <word>CONVERT</word>
                <word>CURRENT</word>
                <word>CHAINING</word>
                <word>CLASS-ID</word>
                <word>CODE-SET</word>
                <word>CONTAINS</word>
                <word>CONTROLS</word>
                <word>CURRENCY</word>
                <word>CHARACTER</word>
                <word>COLLATING</word>
                <word>CONTAINED</word>
                <word>CRT-UNDER</word>
                <word>CYL-INDEX</word>
                <word>CHARACTERS</word>
                <word>COMMITMENT</word>
                <word>CONVERSION</word>
                <word>CONVERTING</word>
                <word>CORE-INDEX</word>
                <word>CLOCK-UNITS</word>
                <word>CLASS-OBJECT</word>
                <word>COMMAND-LINE</word>
                <word>CONTROL-AREA</word>
                <word>CYL-OVERFLOW</word>
                <word>DB</word>
                <word>DE</word>
                <word>DAY</word>
                <word>DATE</word>
                <word>DBCS</word>
                <word>DISK</word>
                <word>DISP</word>
                <word>DOWN</word>
                <word>DROP</word>
                <word>DEBUG</word>
                <word>DEPTH</word>
                <word>DETAIL</word>
                <word>DEFAULT</word>
                <word>DISABLE</word>
                <word>DYNAMIC</word>
                <word>DB-STATUS</word>
                <word>DEBUGGING</word>
                <word>DELIMITED</word>
                <word>DELIMITER</word>
                <word>DEPENDING</word>
                <word>DUPLICATE</word>
                <word>DESCENDING</word>
                <word>DISCONNECT</word>
                <word>DISPLAY-ST</word>
                <word>DUPLICATES</word>
                <word>DAY-OF-WEEK</word>
                <word>DB-SET-NAME</word>
                <word>DESTINATION</word>
                <word>DB-DATA-NAME</word>
                <word>DB-EXCEPTION</word>
                <word>DECIMAL-POINT</word>
                <word>DB-FORMAT-NAME</word>
                <word>DB-RECORD-NAME</word>
                <word>DB-ACCESS-CONTR</word>
                <word>EGI</word>
                <word>EMI</word>
                <word>EOL</word>
                <word>EOP</word>
                <word>EOS</word>
                <word>ESI</word>
                <word>ECHO</word>
                <word>EGCS</word>
                <word>EXOR</word>
                <word>EJECT</word>
                <word>EMPTY</word>
                <word>EQUAL</word>
                <word>ERASE</word>
                <word>EVERY</word>
                <word>EXACT</word>
                <word>EBCDIC</word>
                <word>ENABLE</word>
                <word>ENDING</word>
                <word>EQUALS</word>
                <word>ESCAPE</word>
                <word>EXTEND</word>
                <word>EXCEEDS</word>
                <word>EXCESS-3</word>
                <word>EXTERNAL</word>
                <word>EXCEPTION</word>
                <word>EXCLUSIVE</word>
                <word>END-INVOKE</word>
                <word>EMPTY-CHECK</word>
                <word>END-OF-PAGE</word>
                <word>ENVIRONMENT-NAM</word>
                <word>ENVIRONMENT-VAL</word>
                <word>EXTENDED-SEARCH</word>
                <word>EXTERNALLY-DESC</word>
                <word>FD</word>
                <word>FOR</word>
                <word>FIND</word>
                <word>FORM</word>
                <word>FREE</word>
                <word>FROM</word>
                <word>FULL</word>
                <word>FALSE</word>
                <word>FETCH</word>
                <word>FILES</word>
                <word>FINAL</word>
                <word>FIRST</word>
                <word>FIXED</word>
                <word>FILLER</word>
                <word>FINISH</word>
                <word>FORMAT</word>
                <word>FACTORY</word>
                <word>FH--FCD</word>
                <word>FILE-ID</word>
                <word>FOOTING</word>
                <word>FUNCTION</word>
                <word>FH--KEYDEF</word>
                <word>FILE-LIMIT</word>
                <word>FILE-LIMITS</word>
                <word>FIELD-TERMINATO</word>
                <word>FOREGROUND-COLO</word>
                <word>GET</word>
                <word>GRID</word>
                <word>GROUP</word>
                <word>GIVING</word>
                <word>GLOBAL</word>
                <word>GREATER</word>
                <word>GENERATE</word>
                <word>HIGH</word>
                <word>HEADING</word>
                <word>HIGHLIGHT</word>
                <word>HIGH-LIGHT</word>
                <word>IN</word>
                <word>IS</word>
                <word>I-O</word>
                <word>INTO</word>
                <word>INDEX</word>
                <word>INDIC</word>
                <word>INPUT</word>
                <word>INSERT</word>
                <word>INVOKE</word>
                <word>INDEX-0</word>
                <word>INDEX-1</word>
                <word>INDEX-2</word>
                <word>INDEX-3</word>
                <word>INDEX-4</word>
                <word>INDEX-5</word>
                <word>INDEX-6</word>
                <word>INDEX-7</word>
                <word>INDEX-8</word>
                <word>INDEX-9</word>
                <word>INDEXED</word>
                <word>INITIAL</word>
                <word>INVOICE</word>
                <word>INVOKED</word>
                <word>INDICATE</word>
                <word>INITIATE</word>
                <word>INDICATOR</word>
                <word>INDICATORS</word>
                <word>INHERITING</word>
                <word>INPUT-OUTPUT</word>
                <word>JUST</word>
                <word>JAPANESE</word>
                <word>JUSTIFIED</word>
                <word>KEY</word>
                <word>KEEP</word>
                <word>KEPT</word>
                <word>KANJI</word>
                <word>KEYBOARD</word>
                <word>LD</word>
                <word>LIN</word>
                <word>LAST</word>
                <word>LEFT</word>
                <word>LESS</word>
                <word>LIKE</word>
                <word>LINE</word>
                <word>LOCK</word>
                <word>LABEL</word>
                <word>LEAVE</word>
                <word>LIMIT</word>
                <word>LINES</word>
                <word>LOWER</word>
                <word>LIMITS</word>
                <word>LINAGE</word>
                <word>LEADING</word>
                <word>LOCALLY</word>
                <word>LOCKING</word>
                <word>LEFTLINE</word>
                <word>LOWLIGHT</word>
                <word>LOW-LIGHT</word>
                <word>LABEL-RETURN</word>
                <word>LEFT-JUSTIFY</word>
                <word>LENGTH-CHECK</word>
                <word>LINE-COUNTER</word>
                <word>LOCAL-STORAGE</word>
                <word>LINAGE-COUNTER</word>
                <word>MODE</word>
                <word>MANUAL</word>
                <word>MEMBER</word>
                <word>MEMORY</word>
                <word>METHOD</word>
                <word>MODIFY</word>
                <word>MESSAGE</word>
                <word>MODULES</word>
                <word>MODIFIED</word>
                <word>MULTIPLE</word>
                <word>MORE-LABELS</word>
                <word>MASTER-INDEX</word>
                <word>NO</word>
                <word>NAME</word>
                <word>NONE</word>
                <word>NAMED</word>
                <word>NCHAR</word>
                <word>NATIVE</word>
                <word>NORMAL</word>
                <word>NUMBER</word>
                <word>NO-ECHO</word>
                <word>NOMINAL</word>
                <word>NUMERIC</word>
                <word>NATIONAL</word>
                <word>NEGATIVE</word>
                <word>NSTD-REELS</word>
                <word>NUMERIC-EDITED</word>
                <word>NATIONAL-EDITED</word>
                <word>OF</word>
                <word>OFF</word>
                <word>ONLY</word>
                <word>ORDER</word>
                <word>OWNER</word>
                <word>O-FILL</word>
                <word>OBJECT</word>
                <word>OGNORE</word>
                <word>OUTPUT</word>
                <word>OMITTED</word>
                <word>OPTIONAL</word>
                <word>OVERFLOW</word>
                <word>OVERLINE</word>
                <word>OOSTACKPTR</word>
                <word>ORGANIZATION</word>
                <word>OBJECT-STORAGE</word>
                <word>PF</word>
                <word>PH</word>
                <word>PIC</word>
                <word>POS</word>
                <word>PAGE</word>
                <word>PLUS</word>
                <word>PRINT</word>
                <word>PRIOR</word>
                <word>PURGE</word>
                <word>PROMPT</word>
                <word>PUBLIC</word>
                <word>PADDING</word>
                <word>PALETTE</word>
                <word>PICTURE</word>
                <word>POINTER</word>
                <word>PP-LIST</word>
                <word>PRESENT</word>
                <word>PRINTER</word>
                <word>PRIVATE</word>
                <word>PROCEED</word>
                <word>PROCESS</word>
                <word>PASSWORD</word>
                <word>POSITION</word>
                <word>POSITIVE</word>
                <word>PP-DEBUG</word>
                <word>PREVIOUS</word>
                <word>PRINTING</word>
                <word>PARAGRAPH</word>
                <word>PP-NOLIST</word>
                <word>PRINTER-1</word>
                <word>PROTECTED</word>
                <word>PROCEDURES</word>
                <word>PROCESSING</word>
                <word>POSITIONING</word>
                <word>PAGE-COUNTER</word>
                <word>PRINT-SWITCH</word>
                <word>PP-END-INSERT</word>
                <word>PACKED-DECIMAL</word>
                <word>PP-START-INSERT</word>
                <word>PROCEDURE-POINT</word>
                <word>QUEUE</word>
                <word>RD</word>
                <word>RF</word>
                <word>RH</word>
                <word>RUN</word>
                <word>REEL</word>
                <word>REALM</word>
                <word>RERUN</word>
                <word>RIGHT</word>
                <word>RECORD</word>
                <word>RELOAD</word>
                <word>REPORT</word>
                <word>REREAD</word>
                <word>REWIND</word>
                <word>RECORDS</word>
                <word>REMARKS</word>
                <word>REMOVAL</word>
                <word>RENAMES</word>
                <word>REPLACE</word>
                <word>REPORTS</word>
                <word>RESERVE</word>
                <word>ROLLING</word>
                <word>ROUNDED</word>
                <word>RELATION</word>
                <word>RELATIVE</word>
                <word>REPEATED</word>
                <word>REQUIRED</word>
                <word>REVERSED</word>
                <word>RECONNECT</word>
                <word>RECORDING</word>
                <word>RECURSIVE</word>
                <word>REFERENCE</word>
                <word>REMAINDER</word>
                <word>REPLACING</word>
                <word>REPORTING</word>
                <word>RETAINING</word>
                <word>RETRIEVAL</word>
                <word>RETURNING</word>
                <word>REFERENCES</word>
                <word>RECORD-NAME</word>
                <word>REVERSE-VIDEO</word>
                <word>RIGHT-JUSTIFY</word>
                <word>REORG-CRITERIA</word>
                <word>RECORD-OVERFLOW</word>
                <word>REFERENCE-MONIT</word>
                <word>S01</word>
                <word>S02</word>
                <word>S03</word>
                <word>S04</word>
                <word>S05</word>
                <word>SAME</word>
                <word>SEEK</word>
                <word>SELF</word>
                <word>SYNC</word>
                <word>SKIP1</word>
                <word>SKIP2</word>
                <word>SKIP3</word>
                <word>STORE</word>
                <word>SUPER</word>
                <word>SYSIN</word>
                <word>SCREEN</word>
                <word>SECURE</word>
                <word>SHARED</word>
                <word>SOURCE</word>
                <word>STATUS</word>
                <word>SWITCH</word>
                <word>SYSERR</word>
                <word>SYSIPT</word>
                <word>SYSLST</word>
                <word>SYSOUT</word>
                <word>SYSPCH</word>
                <word>SEGMENT</word>
                <word>SYSLIST</word>
                <word>SEPARATE</word>
                <word>SEQUENCE</word>
                <word>SHIFT-IN</word>
                <word>STANDARD</word>
                <word>STARTING</word>
                <word>SUBFILER</word>
                <word>SUPPRESS</word>
                <word>SWITCH-1</word>
                <word>SWITCH-2</word>
                <word>SWITCH-3</word>
                <word>SWITCH-4</word>
                <word>SWITCH-5</word>
                <word>SWITCH-6</word>
                <word>SWITCH-7</word>
                <word>SWITCH-8</word>
                <word>SYMBOLIC</word>
                <word>SYSPUNCH</word>
                <word>SELECTIVE</word>
                <word>SELFCLASS</word>
                <word>SHIFT-OUT</word>
                <word>SEQUENTIAL</word>
                <word>SESSION-ID</word>
                <word>SORT-MERGE</word>
                <word>SPACE-FILL</word>
                <word>STANDARD-1</word>
                <word>STANDARD-2</word>
                <word>STANDARD-3</word>
                <word>STANDARD-4</word>
                <word>SUB-SCHEMA</word>
                <word>SUBPROGRAM</word>
                <word>SORT-OPTION</word>
                <word>SORT-RETURN</word>
                <word>SUB-QUEUE-1</word>
                <word>SUB-QUEUE-2</word>
                <word>SUB-QUEUE-3</word>
                <word>SORT-CONTROL</word>
                <word>SORT-MESSAGE</word>
                <word>SYNCHRONIZED</word>
                <word>SEGMENT-LIMIT</word>
                <word>SPECIAL-NAMES</word>
                <word>SORT-CORE-SIZE</word>
                <word>SORT-FILE-SIZE</word>
                <word>SORT-MODE-SIZE</word>
                <word>TOP</word>
                <word>TAPE</word>
                <word>TEST</word>
                <word>TEXT</word>
                <word>THAN</word>
                <word>THEN</word>
                <word>THRU</word>
                <word>TIME</word>
                <word>TRUE</word>
                <word>TYPE</word>
                <word>TABLE</word>
                <word>TIMES</word>
                <word>TITLE</word>
                <word>TRACK</word>
                <word>TENANT</word>
                <word>TRACKS</word>
                <word>THROUGH</word>
                <word>TIMEOUT</word>
                <word>TOTALED</word>
                <word>TYPEDEF</word>
                <word>TALLYING</word>
                <word>TERMINAL</word>
                <word>TIME-OUT</word>
                <word>TOTALING</word>
                <word>TRAILING</word>
                <word>TERMINATE</word>
                <word>TRACK-AREA</word>
                <word>TIME-OF-DAY</word>
                <word>TRACK-LIMIT</word>
                <word>TRANSACTION</word>
                <word>TRAILING-SIGN</word>
                <word>UP</word>
                <word>UNIT</word>
                <word>UPON</word>
                <word>USER</word>
                <word>UNTIL</word>
                <word>UPPER</word>
                <word>USAGE</word>
                <word>USING</word>
                <word>UPDATE</word>
                <word>UPSI-0</word>
                <word>UPSI-1</word>
                <word>UPSI-2</word>
                <word>UPSI-3</word>
                <word>UPSI-4</word>
                <word>UPSI-5</word>
                <word>UPSI-6</word>
                <word>UPSI-7</word>
                <word>UNEQUAL</word>
                <word>UNDERLINE</word>
                <word>USAGE-MODE</word>
                <word>VALID</word>
                <word>VALUE</word>
                <word>VALUES</word>
                <word>VARYING</word>
                <word>VALIDATE</word>
                <word>VARIABLE</word>
                <word>WAIT</word>
                <word>WITH</word>
                <word>WORDS</word>
                <word>WITHIN</word>
                <word>WRITE-ONLY</word>
                <word>ZERO-FILL</word>
              </ResWords>
            </ResWordSet>
            <ResWordSet>
              <Name>Precompiler</Name>
              <Index>7</Index>
              <ResWordStyle>14</ResWordStyle>
              <ResWords>
                <word>CICS</word>
                <word>EXEC</word>
                <word>END-EXEC</word>
                <word>SQL</word>
              </ResWords>
            </ResWordSet>
          </ResWordSets>
          <Expressions>
            <string>[a-zA-Z\-][a-zA-Z0-9\-]*</string>
          </Expressions>
          <Index>1</Index>
        </SyntaxBlock>
        <SyntaxBlock>
          <Name>number</Name>
          <LexStyle>1</LexStyle>
          <LeaveState>2</LeaveState>
          <Expressions>
            <string>([0-9]+\.[0-9]*(e|E)(\+|\-)?[0-9]+)|([0-9]+\.[0-9]*)|([0-9]+)</string>
          </Expressions>
          <Index>2</Index>
        </SyntaxBlock>
        <SyntaxBlock>
          <Name>string</Name>
          <LexStyle>6</LexStyle>
          <LeaveState>2</LeaveState>
          <Expressions>
            <string>("")|"((((\\")|("")|[^"])*")|(((\\")|("")|[^"])*))</string>
            <string>('')|'((((\\')|('')|[^'])*')|(((\\')|('')|[^'])*))</string>
          </Expressions>
          <Index>3</Index>
        </SyntaxBlock>
        <SyntaxBlock>
          <Name>whitespace</Name>
          <LexStyle>5</LexStyle>
          <LeaveState>2</LeaveState>
          <Expressions>
            <string>(\s)+</string>
          </Expressions>
          <Index>4</Index>
        </SyntaxBlock>
        <SyntaxBlock>
          <Name>symbol</Name>
          <LexStyle>4</LexStyle>
          <LeaveState>2</LeaveState>
          <Expressions>
            <string>\W</string>
          </Expressions>
          <Index>5</Index>
        </SyntaxBlock>
      </SyntaxBlocks>
      <Index>2</Index>
    </State>
  </States>
</LexScheme>
