<?xml version="1.0" encoding="utf-8"?>
<LexScheme xmlns:xsd="http://www.w3.org/2001/XMLSchema" xmlns:xsi="http://www.w3.org/2001/XMLSchema-instance">
  <Author>AlterNET Software</Author>
  <Name>CSS language</Name>
  <Desc>Syntax Scheme for Cascading Style Sheets Language</Desc>
  <Copyright>Copyright AlterNET Software, 2016-2019</Copyright>
  <FileExtension>.css</FileExtension>
  <FileType>css</FileType>
  <Version>1.5</Version>
  <Styles>
    <Style>
      <Name>idents</Name>
      <ForeColor>Brown</ForeColor>
      <Index>0</Index>
    </Style>
    <Style>
      <Name>numbers</Name>
      <ForeColor>Teal</ForeColor>
      <Index>1</Index>
    </Style>
    <Style>
      <Name>reswords</Name>
      <ForeColor>Blue</ForeColor>
      <Index>2</Index>
    </Style>
    <Style>
      <Name>comments</Name>
      <ForeColor>Green</ForeColor>
      <Index>3</Index>
      <PlainText>true</PlainText>
    </Style>
    <Style>
      <Name>symbol</Name>
      <ForeColor>Gray</ForeColor>
      <Index>4</Index>
    </Style>
    <Style>
      <Name>whitespace</Name>
      <ForeColor>WindowText</ForeColor>
      <Index>5</Index>
    </Style>
    <Style>
      <Name>strings</Name>
      <ForeColor>ControlText</ForeColor>
      <Index>6</Index>
    </Style>
    <Style>
      <Name>blockident</Name>
      <ForeColor>Red</ForeColor>
      <Index>7</Index>
    </Style>
    <Style>
      <Name>blockparam</Name>
      <ForeColor>Blue</ForeColor>
      <Index>8</Index>
    </Style>
  </Styles>
  <States>
    <State>
      <Name>normal</Name>
      <CaseSensitive>true</CaseSensitive>
      <SyntaxBlocks>
        <SyntaxBlock>
          <Name>idents</Name>
          <LexStyle>0</LexStyle>
          <LeaveState>0</LeaveState>
          <Expressions>
            <string>([a-zA-Z_])([a-zA-Z0-9_\.])*</string>
            <string>\.([a-zA-Z_])([a-zA-Z0-9_\.])*</string>
          </Expressions>
          <Index>0</Index>
        </SyntaxBlock>
        <SyntaxBlock>
          <Name>reswords</Name>
          <LexStyle>2</LexStyle>
          <LeaveState>0</LeaveState>
          <Expressions>
            <string>@([a-zA-Z_])([a-zA-Z0-9_\.])*</string>
            <string>@\.([a-zA-Z_])([a-zA-Z0-9_\.])*</string>
          </Expressions>
          <Index>1</Index>
        </SyntaxBlock>
        <SyntaxBlock>
          <Name>comment</Name>
          <LexStyle>3</LexStyle>
          <LeaveState>1</LeaveState>
          <Expressions>
            <string>/\*</string>
          </Expressions>
          <Index>2</Index>
        </SyntaxBlock>
        <SyntaxBlock>
          <Name>numbers</Name>
          <LexStyle>1</LexStyle>
          <LeaveState>0</LeaveState>
          <Expressions>
            <string>([0-9]+\.[0-9]*)|([0-9]+)|(\.[0-9]+)</string>
          </Expressions>
          <Index>3</Index>
        </SyntaxBlock>
        <SyntaxBlock>
          <Name>string</Name>
          <LexStyle>6</LexStyle>
          <LeaveState>0</LeaveState>
          <Expressions>
            <string>("")|"((((\\")|("")|[^"])*")|(((\\")|("")|[^"])*))</string>
            <string>('')|'((((\\')|('')|[^'])*')|(((\\')|('')|[^'])*))</string>
          </Expressions>
          <Index>4</Index>
        </SyntaxBlock>
        <SyntaxBlock>
          <Name>block</Name>
          <LexStyle>4</LexStyle>
          <LeaveState>2</LeaveState>
          <Expressions>
            <string>\{</string>
          </Expressions>
          <Index>5</Index>
        </SyntaxBlock>
        <SyntaxBlock>
          <Name>whitespace</Name>
          <LexStyle>5</LexStyle>
          <LeaveState>0</LeaveState>
          <Expressions>
            <string>(\s)+</string>
          </Expressions>
          <Index>6</Index>
        </SyntaxBlock>
        <SyntaxBlock>
          <Name>symbol</Name>
          <LexStyle>4</LexStyle>
          <LeaveState>0</LeaveState>
          <Expressions>
            <string>\W</string>
          </Expressions>
          <Index>7</Index>
        </SyntaxBlock>
      </SyntaxBlocks>
      <Index>0</Index>
    </State>
    <State>
      <Name>comment</Name>
      <CaseSensitive>true</CaseSensitive>
      <SyntaxBlocks>
        <SyntaxBlock>
          <Name>comment21</Name>
          <LexStyle>3</LexStyle>
          <LeaveState>0</LeaveState>
          <Expressions>
            <string>\*/</string>
          </Expressions>
          <Index>0</Index>
        </SyntaxBlock>
        <SyntaxBlock>
          <Name>comment22</Name>
          <LexStyle>3</LexStyle>
          <LeaveState>1</LeaveState>
          <Expressions>
            <string>((?!\*/).)+</string>
          </Expressions>
          <Index>1</Index>
        </SyntaxBlock>
      </SyntaxBlocks>
      <Index>1</Index>
    </State>
    <State>
      <Name>block</Name>
      <CaseSensitive>false</CaseSensitive>
      <SyntaxBlocks>
        <SyntaxBlock>
          <Name>blockindent</Name>
          <LexStyle>7</LexStyle>
          <LeaveState>4</LeaveState>
          <Expressions>
            <string>([a-zA-Z_])([a-zA-Z0-9_\.\-])*</string>
          </Expressions>
          <Index>0</Index>
        </SyntaxBlock>
        <SyntaxBlock>
          <Name>blockend</Name>
          <LexStyle>4</LexStyle>
          <LeaveState>0</LeaveState>
          <Expressions>
            <string>\}</string>
          </Expressions>
          <Index>1</Index>
        </SyntaxBlock>
        <SyntaxBlock>
          <Name>blockcomment</Name>
          <LexStyle>3</LexStyle>
          <LeaveState>3</LeaveState>
          <Expressions>
            <string>/\*</string>
          </Expressions>
          <Index>2</Index>
        </SyntaxBlock>
        <SyntaxBlock>
          <Name>blockwhitespace</Name>
          <LexStyle>5</LexStyle>
          <LeaveState>2</LeaveState>
          <Expressions>
            <string>(\s)+</string>
          </Expressions>
          <Index>3</Index>
        </SyntaxBlock>
        <SyntaxBlock>
          <Name>blocksymbol</Name>
          <LexStyle>4</LexStyle>
          <LeaveState>2</LeaveState>
          <Expressions>
            <string>\W</string>
          </Expressions>
          <Index>4</Index>
        </SyntaxBlock>
      </SyntaxBlocks>
      <Index>2</Index>
    </State>
    <State>
      <Name>blockcomment</Name>
      <CaseSensitive>false</CaseSensitive>
      <SyntaxBlocks>
        <SyntaxBlock>
          <Name>blockcomment21</Name>
          <LexStyle>3</LexStyle>
          <LeaveState>2</LeaveState>
          <Expressions>
            <string>\*/</string>
          </Expressions>
          <Index>0</Index>
        </SyntaxBlock>
        <SyntaxBlock>
          <Name>blockcomment22</Name>
          <LexStyle>3</LexStyle>
          <LeaveState>3</LeaveState>
          <Expressions>
            <string>((?!\*/).)+</string>
          </Expressions>
          <Index>1</Index>
        </SyntaxBlock>
      </SyntaxBlocks>
      <Index>3</Index>
    </State>
    <State>
      <Name>blockparam</Name>
      <CaseSensitive>false</CaseSensitive>
      <SyntaxBlocks>
        <SyntaxBlock>
          <Name>paramident</Name>
          <LexStyle>8</LexStyle>
          <LeaveState>4</LeaveState>
          <Expressions>
            <string>([a-zA-Z_])([a-zA-Z0-9_\.\-])*</string>
          </Expressions>
          <Index>0</Index>
        </SyntaxBlock>
        <SyntaxBlock>
          <Name>paramnumber</Name>
          <LexStyle>8</LexStyle>
          <LeaveState>4</LeaveState>
          <Expressions>
            <string>([0-9]+\.[0-9]*)|([0-9]+)|(\.[0-9]+)</string>
          </Expressions>
          <Index>1</Index>
        </SyntaxBlock>
        <SyntaxBlock>
          <Name>paramstring</Name>
          <LexStyle>8</LexStyle>
          <LeaveState>4</LeaveState>
          <Expressions>
            <string>("")|"((((\\")|("")|[^"])*")|(((\\")|("")|[^"])*))</string>
            <string>('')|'((((\\')|('')|[^'])*')|(((\\')|('')|[^'])*))</string>
          </Expressions>
          <Index>2</Index>
        </SyntaxBlock>
        <SyntaxBlock>
          <Name>paramend</Name>
          <LexStyle>4</LexStyle>
          <LeaveState>2</LeaveState>
          <Expressions>
            <string>;</string>
          </Expressions>
          <Index>3</Index>
        </SyntaxBlock>
        <SyntaxBlock>
          <Name>paramwhitespace</Name>
          <LexStyle>5</LexStyle>
          <LeaveState>4</LeaveState>
          <Expressions>
            <string>(\s)+</string>
          </Expressions>
          <Index>4</Index>
        </SyntaxBlock>
        <SyntaxBlock>
          <Name>paramsymbol</Name>
          <LexStyle>4</LexStyle>
          <LeaveState>4</LeaveState>
          <Expressions>
            <string>\W</string>
          </Expressions>
          <Index>5</Index>
        </SyntaxBlock>
      </SyntaxBlocks>
      <Index>4</Index>
    </State>
  </States>
</LexScheme>