<?xml version="1.0" encoding="utf-8"?>
<LexScheme xmlns:xsi="http://www.w3.org/2001/XMLSchema-instance" xmlns:xsd="http://www.w3.org/2001/XMLSchema">
  <Author>AlterNET Software</Author>
  <Name>MSIL language</Name>
  <Desc>Syntax Scheme for MSIL</Desc>
  <Copyright>Copyright AlterNET Software, 2016-2019</Copyright>
  <FileExtension>.il</FileExtension>
  <FileType>msil</FileType>
  <Version>1.5</Version>
  <Styles>
    <Style>
      <Name>idents</Name>
      <ForeColor>Teal</ForeColor>
      <ForeColorEnabled>true</ForeColorEnabled>
      <BackColorEnabled>true</BackColorEnabled>
      <BoldEnabled>true</BoldEnabled>
      <ItalicEnabled>true</ItalicEnabled>
      <UnderlineEnabled>true</UnderlineEnabled>
    </Style>
    <Style>
      <Name>numbers</Name>
      <ForeColor>Green</ForeColor>
      <ForeColorEnabled>true</ForeColorEnabled>
      <BackColorEnabled>true</BackColorEnabled>
      <BoldEnabled>true</BoldEnabled>
      <ItalicEnabled>true</ItalicEnabled>
      <UnderlineEnabled>true</UnderlineEnabled>
    </Style>
    <Style>
      <Name>reswords</Name>
      <ForeColor>Blue</ForeColor>
      <ForeColorEnabled>true</ForeColorEnabled>
      <BackColorEnabled>true</BackColorEnabled>
      <BoldEnabled>true</BoldEnabled>
      <ItalicEnabled>true</ItalicEnabled>
      <UnderlineEnabled>true</UnderlineEnabled>
    </Style>
    <Style>
      <Name>comments</Name>
      <ForeColor>Green</ForeColor>
      <PlainText>true</PlainText>
      <ForeColorEnabled>true</ForeColorEnabled>
      <BackColorEnabled>true</BackColorEnabled>
      <BoldEnabled>true</BoldEnabled>
      <ItalicEnabled>true</ItalicEnabled>
      <UnderlineEnabled>true</UnderlineEnabled>
    </Style>
    <Style>
      <Name>xml_comments</Name>
      <ForeColor>Silver</ForeColor>
      <PlainText>true</PlainText>
      <ForeColorEnabled>true</ForeColorEnabled>
      <BackColorEnabled>true</BackColorEnabled>
      <BoldEnabled>true</BoldEnabled>
      <ItalicEnabled>true</ItalicEnabled>
      <UnderlineEnabled>true</UnderlineEnabled>
    </Style>
    <Style>
      <Name>symbol</Name>
      <ForeColor>Gray</ForeColor>
      <ForeColorEnabled>true</ForeColorEnabled>
      <BackColorEnabled>true</BackColorEnabled>
      <BoldEnabled>true</BoldEnabled>
      <ItalicEnabled>true</ItalicEnabled>
      <UnderlineEnabled>true</UnderlineEnabled>
    </Style>
    <Style>
      <Name>whitespace</Name>
      <ForeColor>WindowText</ForeColor>
      <ForeColorEnabled>true</ForeColorEnabled>
      <BackColorEnabled>true</BackColorEnabled>
      <BoldEnabled>true</BoldEnabled>
      <ItalicEnabled>true</ItalicEnabled>
      <UnderlineEnabled>true</UnderlineEnabled>
    </Style>
    <Style>
      <Name>strings</Name>
      <ForeColor>Maroon</ForeColor>
      <ForeColorEnabled>true</ForeColorEnabled>
      <BackColorEnabled>true</BackColorEnabled>
      <BoldEnabled>true</BoldEnabled>
      <ItalicEnabled>true</ItalicEnabled>
      <UnderlineEnabled>true</UnderlineEnabled>
    </Style>
    <Style>
      <Name>directives</Name>
      <ForeColor>Blue</ForeColor>
      <ForeColorEnabled>true</ForeColorEnabled>
      <BackColorEnabled>true</BackColorEnabled>
      <BoldEnabled>true</BoldEnabled>
      <ItalicEnabled>true</ItalicEnabled>
      <UnderlineEnabled>true</UnderlineEnabled>
    </Style>
    <Style>
      <Name>misc</Name>
      <ForeColor>Navy</ForeColor>
      <ForeColorEnabled>true</ForeColorEnabled>
      <BackColorEnabled>true</BackColorEnabled>
      <BoldEnabled>true</BoldEnabled>
      <ItalicEnabled>true</ItalicEnabled>
      <UnderlineEnabled>true</UnderlineEnabled>
    </Style>
  </Styles>
  <States>
    <State>
      <Name>normal</Name>
      <CaseSensitive>true</CaseSensitive>
      <SyntaxBlocks>
        <SyntaxBlock>
          <Name>directive</Name>
          <LexStyle>0</LexStyle>
          <LeaveState>0</LeaveState>
          <Expressions>
            <string>\#[a-zA-Z_][a-zA-Z0-9_]*</string>
          </Expressions>
        </SyntaxBlock>
        <SyntaxBlock>
          <Name>idents</Name>
          <LexStyle>0</LexStyle>
          <LeaveState>0</LeaveState>
          <ResWordSets>
            <ResWordSet>
              <Name>keywords</Name>
              <ResWordStyle>2</ResWordStyle>
              <ResWords>
                <word>void</word>
                <word>bool</word>
                <word>char</word>
                <word>wchar</word>
                <word>int</word>
                <word>int8</word>
                <word>int16</word>
                <word>int32</word>
                <word>int64</word>
                <word>float</word>
                <word>float32</word>
                <word>float64</word>
                <word>refany</word>
                <word>typedref</word>
                <word>object</word>
                <word>string</word>
                <word>native</word>
                <word>unsigned</word>
                <word>value</word>
                <word>valuetype</word>
                <word>class</word>
                <word>const</word>
                <word>vararg</word>
                <word>default</word>
                <word>stdcall</word>
                <word>thiscall</word>
                <word>fastcall</word>
                <word>unmanaged</word>
                <word>not_in_gc_heap</word>
                <word>beforefieldinit</word>
                <word>instance</word>
                <word>filter</word>
                <word>catch</word>
                <word>static</word>
                <word>public</word>
                <word>private</word>
                <word>synchronized</word>
                <word>interface</word>
                <word>extends</word>
                <word>implements</word>
                <word>handler</word>
                <word>finally</word>
                <word>fault</word>
                <word>to</word>
                <word>abstract</word>
                <word>auto</word>
                <word>sequential</word>
                <word>explicit</word>
                <word>wrapper</word>
                <word>ansi</word>
                <word>unicode</word>
                <word>autochar</word>
                <word>import</word>
                <word>enum</word>
                <word>virtual</word>
                <word>notremotable</word>
                <word>special</word>
                <word>il</word>
                <word>cil</word>
                <word>optil</word>
                <word>managed</word>
                <word>preservesig</word>
                <word>runtime</word>
                <word>method</word>
                <word>field</word>
                <word>bytearray</word>
                <word>final</word>
                <word>sealed</word>
                <word>specialname</word>
                <word>family</word>
                <word>assembly</word>
                <word>famandassem</word>
                <word>famorassem</word>
                <word>privatescope</word>
                <word>nested</word>
                <word>hidebysig</word>
                <word>newslot</word>
                <word>rtspecialname</word>
                <word>pinvokeimpl</word>
                <word>unmanagedexp</word>
                <word>reqsecobj</word>
                <word>.ctor</word>
                <word>.cctor</word>
                <word>initonly</word>
                <word>literal</word>
                <word>notserialized</word>
                <word>forwardref</word>
                <word>internalcall</word>
                <word>noinlining</word>
                <word>nomangle</word>
                <word>lasterr</word>
                <word>winapi</word>
                <word>cdecl</word>
                <word>stdcall</word>
                <word>thiscall</word>
                <word>fastcall</word>
                <word>as</word>
                <word>pinned</word>
                <word>modreq</word>
                <word>modopt</word>
                <word>serializable</word>
                <word>at</word>
                <word>tls</word>
                <word>true</word>
                <word>false</word>
                <word>.custom</word>
                <word>init</word>
                <word>.size</word>
                <word>.pack</word>
                <word>.file</word>
                <word>nometadata</word>
                <word>.hash</word>
                <word>.assembly</word>
                <word>implicitcom</word>
                <word>noappdomain</word>
                <word>noprocess</word>
                <word>nomachine</word>
                <word>.publickey</word>
                <word>.publickeytoken</word>
                <word>algorithm</word>
                <word>.ver</word>
                <word>.locale</word>
                <word>extern</word>
                <word>.export</word>
                <word>.manifestres</word>
                <word>.mresource</word>
                <word>.localized</word>
                <word>.module</word>
                <word>marshal</word>
                <word>custom</word>
                <word>sysstring</word>
                <word>fixed</word>
                <word>variant</word>
                <word>currency</word>
                <word>syschar</word>
                <word>decimal</word>
                <word>date</word>
                <word>bstr</word>
                <word>tbstr</word>
                <word>lpstr</word>
                <word>lpwstr</word>
                <word>lptstr</word>
                <word>objectref</word>
                <word>iunknown</word>
                <word>idispatch</word>
                <word>struct</word>
                <word>safearray</word>
                <word>byvalstr</word>
                <word>lpvoid</word>
                <word>any</word>
                <word>array</word>
                <word>lpstruct</word>
                <word>.vtfixup</word>
                <word>fromunmanaged</word>
                <word>callmostderived</word>
                <word>.vtentry</word>
                <word>in</word>
                <word>out</word>
                <word>opt</word>
                <word>lcid</word>
                <word>retval</word>
                <word>.param</word>
                <word>.override</word>
                <word>with</word>
                <word>null</word>
                <word>error</word>
                <word>hresult</word>
                <word>carray</word>
                <word>userdefined</word>
                <word>record</word>
                <word>filetime</word>
                <word>blob</word>
                <word>stream</word>
                <word>storage</word>
                <word>streamed_object</word>
                <word>stored_object</word>
                <word>blob_object</word>
                <word>cf</word>
                <word>clsid</word>
                <word>vector</word>
                <word>nullref</word>
                <word>.subsystem</word>
                <word>.corflags</word>
                <word>alignment</word>
                <word>.imagebase</word>
                <word>.class</word>
                <word>.namespace</word>
                <word>.method</word>
                <word>.field</word>
                <word>.emitbyte</word>
                <word>.try</word>
                <word>.maxstack</word>
                <word>.locals</word>
                <word>.entrypoint</word>
                <word>.zeroinit</word>
                <word>.pdirect</word>
                <word>.data</word>
                <word>.event</word>
                <word>.addon</word>
                <word>.removeon</word>
                <word>.fire</word>
                <word>.other</word>
                <word>protected</word>
                <word>.property</word>
                <word>.set</word>
                <word>.get</word>
                <word>default</word>
                <word>.import</word>
                <word>.permission</word>
                <word>.permissionset</word>
                <word>request</word>
                <word>demand</word>
                <word>assert</word>
                <word>deny</word>
                <word>permitonly</word>
                <word>linkcheck</word>
                <word>inheritcheck</word>
                <word>reqmin</word>
                <word>reqopt</word>
                <word>reqrefuse</word>
                <word>prejitgrant</word>
                <word>prejitdeny</word>
                <word>noncasdemand</word>
                <word>noncaslinkdemand</word>
                <word>noncasinheritance</word>
                <word>.line</word>
                <word>.language</word>
                <word>#line</word>
              </ResWords>
            </ResWordSet>
            <ResWordSet>
              <Name>opcodes</Name>
              <ResWordStyle>9</ResWordStyle>
              <ResWords>
                <word>nop</word>
                <word>break</word>
                <word>ldarg.0</word>
                <word>ldarg.1</word>
                <word>ldarg.2</word>
                <word>ldarg.3</word>
                <word>ldloc.0</word>
                <word>ldloc.1</word>
                <word>ldloc.2</word>
                <word>ldloc.3</word>
                <word>stloc.0</word>
                <word>stloc.1</word>
                <word>stloc.2</word>
                <word>stloc.3</word>
                <word>ldarg.s</word>
                <word>ldarga.s</word>
                <word>starg.s</word>
                <word>ldloc.s</word>
                <word>ldloca.s</word>
                <word>stloc.s</word>
                <word>ldnull</word>
                <word>ldc.i4.m1</word>
                <word>ldc.i4.0</word>
                <word>ldc.i4.1</word>
                <word>ldc.i4.2</word>
                <word>ldc.i4.3</word>
                <word>ldc.i4.4</word>
                <word>ldc.i4.5</word>
                <word>ldc.i4.6</word>
                <word>ldc.i4.7</word>
                <word>ldc.i4.8</word>
                <word>ldc.i4.s</word>
                <word>ldc.i4</word>
                <word>ldc.i8</word>
                <word>ldc.r4</word>
                <word>ldc.r8</word>
                <word>dup</word>
                <word>pop</word>
                <word>jmp</word>
                <word>call</word>
                <word>calli</word>
                <word>ret</word>
                <word>br.s</word>
                <word>brfalse.s</word>
                <word>brtrue.s</word>
                <word>beq.s</word>
                <word>bge.s</word>
                <word>bgt.s</word>
                <word>ble.s</word>
                <word>blt.s</word>
                <word>bne.un.s</word>
                <word>bge.un.s</word>
                <word>bgt.un.s</word>
                <word>ble.un.s</word>
                <word>blt.un.s</word>
                <word>br</word>
                <word>brfalse</word>
                <word>brtrue</word>
                <word>beq</word>
                <word>bge</word>
                <word>bgt</word>
                <word>ble</word>
                <word>blt</word>
                <word>bne.un</word>
                <word>bge.un</word>
                <word>bgt.un</word>
                <word>ble.un</word>
                <word>blt.un</word>
                <word>switch</word>
                <word>ldind.i1</word>
                <word>ldind.u1</word>
                <word>ldind.i2</word>
                <word>ldind.u2</word>
                <word>ldind.i4</word>
                <word>ldind.u4</word>
                <word>ldind.i8</word>
                <word>ldind.i</word>
                <word>ldind.r4</word>
                <word>ldind.r8</word>
                <word>ldind.ref</word>
                <word>stind.ref</word>
                <word>stind.i1</word>
                <word>stind.i2</word>
                <word>stind.i4</word>
                <word>stind.i8</word>
                <word>stind.r4</word>
                <word>stind.r8</word>
                <word>add</word>
                <word>sub</word>
                <word>mul</word>
                <word>div</word>
                <word>div.un</word>
                <word>rem</word>
                <word>rem.un</word>
                <word>and</word>
                <word>or</word>
                <word>xor</word>
                <word>shl</word>
                <word>shr</word>
                <word>shr.un</word>
                <word>neg</word>
                <word>not</word>
                <word>conv.i1</word>
                <word>conv.i2</word>
                <word>conv.i4</word>
                <word>conv.i8</word>
                <word>conv.r4</word>
                <word>conv.r8</word>
                <word>conv.u4</word>
                <word>conv.u8</word>
                <word>callvirt</word>
                <word>cpobj</word>
                <word>ldobj</word>
                <word>ldstr</word>
                <word>newobj</word>
                <word>castclass</word>
                <word>isinst</word>
                <word>conv.r.un</word>
                <word>unbox</word>
                <word>throw</word>
                <word>ldfld</word>
                <word>ldflda</word>
                <word>stfld</word>
                <word>ldsfld</word>
                <word>ldsflda</word>
                <word>stsfld</word>
                <word>stobj</word>
                <word>conv.ovf.i1.un</word>
                <word>conv.ovf.i2.un</word>
                <word>conv.ovf.i4.un</word>
                <word>conv.ovf.i8.un</word>
                <word>conv.ovf.u1.un</word>
                <word>conv.ovf.u2.un</word>
                <word>conv.ovf.u4.un</word>
                <word>conv.ovf.u8.un</word>
                <word>conv.ovf.i.un</word>
                <word>conv.ovf.u.un</word>
                <word>box</word>
                <word>newarr</word>
                <word>ldlen</word>
                <word>ldelema</word>
                <word>ldelem.i1</word>
                <word>ldelem.u1</word>
                <word>ldelem.i2</word>
                <word>ldelem.u2</word>
                <word>ldelem.i4</word>
                <word>ldelem.u4</word>
                <word>ldelem.i8</word>
                <word>ldelem.i</word>
                <word>ldelem.r4</word>
                <word>ldelem.r8</word>
                <word>ldelem.ref</word>
                <word>stelem.i</word>
                <word>stelem.i1</word>
                <word>stelem.i2</word>
                <word>stelem.i4</word>
                <word>stelem.i8</word>
                <word>stelem.r4</word>
                <word>stelem.r8</word>
                <word>stelem.ref</word>
                <word>conv.ovf.i1</word>
                <word>conv.ovf.u1</word>
                <word>conv.ovf.i2</word>
                <word>conv.ovf.u2</word>
                <word>conv.ovf.i4</word>
                <word>conv.ovf.u4</word>
                <word>conv.ovf.i8</word>
                <word>conv.ovf.u8</word>
                <word>refanyval</word>
                <word>ckfinite</word>
                <word>mkrefany</word>
                <word>ldtoken</word>
                <word>conv.u2</word>
                <word>conv.u1</word>
                <word>conv.i</word>
                <word>conv.ovf.i</word>
                <word>conv.ovf.u</word>
                <word>add.ovf</word>
                <word>add.ovf.un</word>
                <word>mul.ovf</word>
                <word>mul.ovf.un</word>
                <word>sub.ovf</word>
                <word>sub.ovf.un</word>
                <word>endfinally</word>
                <word>leave</word>
                <word>leave.s</word>
                <word>stind.i</word>
                <word>conv.u</word>
                <word>prefix7</word>
                <word>prefix6</word>
                <word>prefix5</word>
                <word>prefix4</word>
                <word>prefix3</word>
                <word>prefix2</word>
                <word>prefix1</word>
                <word>prefixref</word>
                <word>arglist</word>
                <word>ceq</word>
                <word>cgt</word>
                <word>cgt.un</word>
                <word>clt</word>
                <word>clt.un</word>
                <word>ldftn</word>
                <word>ldvirtftn</word>
                <word>ldarg</word>
                <word>ldarga</word>
                <word>starg</word>
                <word>ldloc</word>
                <word>ldloca</word>
                <word>stloc</word>
                <word>localloc</word>
                <word>endfilter</word>
                <word>unaligned.</word>
                <word>volatile.</word>
                <word>tail.</word>
                <word>initobj</word>
                <word>cpblk</word>
                <word>initblk</word>
                <word>rethrow</word>
                <word>sizeof</word>
                <word>refanytype</word>
                <word>illegal</word>
                <word>endmac</word>
                <word>brnull</word>
                <word>brnull.s</word>
                <word>brzero</word>
                <word>brzero.s</word>
                <word>brinst</word>
                <word>brinst.s</word>
                <word>ldind.u8</word>
                <word>ldelem.u8</word>
                <word>ldc.i4.M1</word>
                <word>endfault</word>
              </ResWords>
            </ResWordSet>
          </ResWordSets>
          <Expressions>
            <string>[a-zA-Z_][a-zA-Z0-9_/.]*</string>
            <string>@[a-zA-Z_][a-zA-Z0-9_/.]*</string>
          </Expressions>
        </SyntaxBlock>
        <SyntaxBlock>
          <Name>comment1</Name>
          <LexStyle>3</LexStyle>
          <LeaveState>1</LeaveState>
          <Expressions>
            <string>/\*</string>
          </Expressions>
        </SyntaxBlock>
        <SyntaxBlock>
          <Name>comment2</Name>
          <LexStyle>4</LexStyle>
          <LeaveState>2</LeaveState>
          <Expressions>
            <string>///</string>
          </Expressions>
        </SyntaxBlock>
        <SyntaxBlock>
          <Name>comment3</Name>
          <LexStyle>3</LexStyle>
          <LeaveState>0</LeaveState>
          <Expressions>
            <string>//.*</string>
          </Expressions>
        </SyntaxBlock>
        <SyntaxBlock>
          <Name>numbers</Name>
          <LexStyle>1</LexStyle>
          <LeaveState>0</LeaveState>
          <Expressions>
            <string>([0-9]+\.[0-9]*(e|E)(\+|\-)?[0-9]+)|([0-9]+\.[0-9]*)|(0(x|X)[0-9a-fA-F]+)|([0-9a-fA-F]+(h|H))|^([0-9a-fA-F]+)|([0-9a-fA-F]+)$|([0-9]+)</string>
          </Expressions>
        </SyntaxBlock>
        <SyntaxBlock>
          <Name>string1</Name>
          <LexStyle>7</LexStyle>
          <LeaveState>0</LeaveState>
          <Expressions>
            <string>("")|"((((\\")|("")|[^"])*")|(((\\")|("")|[^"])*))</string>
            <string>@("")|"((((\\")|("")|[^"])*")|(((\\")|("")|[^"])*))</string>
            <string>('')|'((((\\')|('')|[^'])*')|(((\\')|('')|[^'])*))</string>
          </Expressions>
        </SyntaxBlock>
        <SyntaxBlock>
          <Name>whitespace</Name>
          <LexStyle>6</LexStyle>
          <LeaveState>0</LeaveState>
          <Expressions>
            <string>(\s)+</string>
          </Expressions>
        </SyntaxBlock>
        <SyntaxBlock>
          <Name>symbol</Name>
          <LexStyle>5</LexStyle>
          <LeaveState>0</LeaveState>
          <Expressions>
            <string>\W</string>
          </Expressions>
        </SyntaxBlock>
      </SyntaxBlocks>
    </State>
    <State>
      <Name>comment</Name>
      <CaseSensitive>true</CaseSensitive>
      <SyntaxBlocks>
        <SyntaxBlock>
          <Name>comment21</Name>
          <LexStyle>3</LexStyle>
          <LeaveState>0</LeaveState>
          <Expressions>
            <string>\*/</string>
          </Expressions>
        </SyntaxBlock>
        <SyntaxBlock>
          <Name>comment22</Name>
          <LexStyle>3</LexStyle>
          <LeaveState>1</LeaveState>
          <Expressions>
            <string>((?!\*/).)+</string>
          </Expressions>
        </SyntaxBlock>
      </SyntaxBlocks>
    </State>
    <State>
      <Name>commentXML</Name>
      <CaseSensitive>true</CaseSensitive>
      <SyntaxBlocks>
        <SyntaxBlock>
          <Name>comment31</Name>
          <LexStyle>4</LexStyle>
          <LeaveState>4</LeaveState>
          <Expressions>
            <string>\u003C</string>
          </Expressions>
        </SyntaxBlock>
        <SyntaxBlock>
          <Name>comment32</Name>
          <LexStyle>4</LexStyle>
          <LeaveState>0</LeaveState>
          <Expressions>
            <string>$</string>
          </Expressions>
        </SyntaxBlock>
        <SyntaxBlock>
          <Name>comment33</Name>
          <LexStyle>3</LexStyle>
          <LeaveState>3</LeaveState>
          <Expressions>
            <string>[^\u003C]*</string>
          </Expressions>
        </SyntaxBlock>
      </SyntaxBlocks>
    </State>
    <State>
      <Name>xml_comment</Name>
      <CaseSensitive>true</CaseSensitive>
      <SyntaxBlocks>
        <SyntaxBlock>
          <Name>comment41</Name>
          <LexStyle>4</LexStyle>
          <LeaveState>4</LeaveState>
          <Expressions>
            <string>\u003C</string>
          </Expressions>
        </SyntaxBlock>
        <SyntaxBlock>
          <Name>comment42</Name>
          <LexStyle>3</LexStyle>
          <LeaveState>0</LeaveState>
          <Expressions>
            <string>$</string>
          </Expressions>
        </SyntaxBlock>
        <SyntaxBlock>
          <Name>comment43</Name>
          <LexStyle>3</LexStyle>
          <LeaveState>3</LeaveState>
          <Expressions>
            <string>[^\u003C]*</string>
          </Expressions>
        </SyntaxBlock>
      </SyntaxBlocks>
    </State>
    <State>
      <Name>tag_comment</Name>
      <CaseSensitive>true</CaseSensitive>
      <SyntaxBlocks>
        <SyntaxBlock>
          <Name>comment51</Name>
          <LexStyle>4</LexStyle>
          <LeaveState>0</LeaveState>
          <Expressions>
            <string>$</string>
          </Expressions>
        </SyntaxBlock>
        <SyntaxBlock>
          <Name>comment52</Name>
          <LexStyle>4</LexStyle>
          <LeaveState>3</LeaveState>
          <Expressions>
            <string>\u003E</string>
          </Expressions>
        </SyntaxBlock>
        <SyntaxBlock>
          <Name>comment53</Name>
          <LexStyle>4</LexStyle>
          <LeaveState>4</LeaveState>
          <Expressions>
            <string>[^\u003E]*</string>
          </Expressions>
        </SyntaxBlock>
      </SyntaxBlocks>
    </State>
  </States>
</LexScheme>