<?xml version="1.0" encoding="utf-8"?>
<LexScheme xmlns:xsi="http://www.w3.org/2001/XMLSchema-instance" xmlns:xsd="http://www.w3.org/2001/XMLSchema">
  <Author>AlterNET Software</Author>
  <Name>Java script language</Name>
  <Desc>Syntax Scheme for Java Script Language</Desc>
  <Copyright>Copyright AlterNET Software, 2016-2019</Copyright>
  <FileExtension>.js</FileExtension>
  <FileType>javascript</FileType>
  <Version>1.5</Version>
  <Styles>
    <Style>
      <Name>idents</Name>
      <ForeColor>ControlText</ForeColor>
    </Style>
    <Style>
      <Name>numbers</Name>
      <ForeColor>ControlText</ForeColor>
    </Style>
    <Style>
      <Name>reswords</Name>
      <ForeColor>Blue</ForeColor>
    </Style>
    <Style>
      <Name>comments</Name>
      <ForeColor>Green</ForeColor>
      <PlainText>true</PlainText>
    </Style>
    <Style>
      <Name>symbol</Name>
      <ForeColor>Gray</ForeColor>
    </Style>
    <Style>
      <Name>whitespace</Name>
    </Style>
    <Style>
      <Name>strings</Name>
      <ForeColor>ControlText</ForeColor>
    </Style>
    <Style>
      <Name>directives</Name>
      <ForeColor>Blue</ForeColor>
    </Style>
  </Styles>
  <States>
    <State>
      <Name>normal</Name>
      <CaseSensitive>true</CaseSensitive>
      <SyntaxBlocks>
        <SyntaxBlock>
          <Name>directive</Name>
          <LexStyle>0</LexStyle>
          <LeaveState>0</LeaveState>
          <ResWordSets>
            <ResWordSet>
              <ResWordStyle>7</ResWordStyle>
              <ResWords>
                <word>#region</word>
                <word>#elif</word>
                <word>#undef</word>
                <word>#endif/String</word>
                <word>#if</word>
                <word>#line</word>
                <word>#warning</word>
                <word>#endregion</word>
                <word>#else</word>
                <word>#error</word>
                <word>#define</word>
              </ResWords>
            </ResWordSet>
          </ResWordSets>
          <Expressions>
            <string>\#[a-zA-Z_][a-zA-Z0-9_]*</string>
          </Expressions>
        </SyntaxBlock>
        <SyntaxBlock>
          <Name>idents</Name>
          <LexStyle>0</LexStyle>
          <LeaveState>0</LeaveState>
          <ResWordSets>
            <ResWordSet>
              <ResWordStyle>2</ResWordStyle>
              <ResWords>
                <word>abstract</word>
                <word>break</word>
                <word>case</word>
                <word>catch</word>
                <word>class</word>
                <word>const</word>
                <word>continue</word>
                <word>debugger</word>
                <word>default</word>
                <word>delegate</word>
                <word>delete</word>
                <word>do</word>
                <word>else</word>
                <word>enum</word>
                <word>export</word>
                <word>extends</word>
                <word>false</word>
                <word>final</word>
                <word>finally</word>
                <word>for</word>
                <word>function</word>
                <word>if</word>
                <word>implements</word>
                <word>import</word>
                <word>in</word>
                <word>int</word>
                <word>interface</word>
                <word>multicast</word>
                <word>new</word>
                <word>null</word>
                <word>package</word>
                <word>private</word>
                <word>protected</word>
                <word>public</word>
                <word>return</word>
                <word>static</word>
                <word>super</word>
                <word>switch</word>
                <word>this</word>
                <word>throw</word>
                <word>transient</word>
                <word>true</word>
                <word>try</word>
                <word>typeof</word>
                <word>using</word>
                <word>var</word>
                <word>void</word>
                <word>volatile</word>
                <word>while</word>
                <word>with</word>
              </ResWords>
            </ResWordSet>
          </ResWordSets>
          <Expressions>
            <string>[a-zA-Z_][a-zA-Z0-9_]*</string>
          </Expressions>
        </SyntaxBlock>
        <SyntaxBlock>
          <Name>comment1</Name>
          <LexStyle>3</LexStyle>
          <LeaveState>0</LeaveState>
          <Expressions>
            <string>//.*</string>
          </Expressions>
        </SyntaxBlock>
        <SyntaxBlock>
          <Name>comment2</Name>
          <LexStyle>3</LexStyle>
          <LeaveState>1</LeaveState>
          <Expressions>
            <string>/\*</string>
          </Expressions>
        </SyntaxBlock>
        <SyntaxBlock>
          <Name>numbers</Name>
          <LexStyle>1</LexStyle>
          <LeaveState>0</LeaveState>
          <Expressions>
            <string>([0-9]+\.[0-9]*(e|E)(\+|\-)?[0-9]+)|([0-9]+\.[0-9]*)|(0(x|X)[0-9a-fA-F]+)|([0-9]+)</string>
          </Expressions>
        </SyntaxBlock>
        <SyntaxBlock>
          <Name>string1</Name>
          <LexStyle>6</LexStyle>
          <LeaveState>0</LeaveState>
          <Expressions>
            <string>('')|'((((\\')|('')|[^'])*')|(((\\')|('')|[^'])*))</string>
          </Expressions>
        </SyntaxBlock>
        <SyntaxBlock>
          <Name>string2</Name>
          <LexStyle>6</LexStyle>
          <LeaveState>0</LeaveState>
          <Expressions>
            <string>("")|"((((\\")|("")|[^"])*")|(((\\")|("")|[^"])*))</string>
          </Expressions>
        </SyntaxBlock>
        <SyntaxBlock>
          <Name>whitespace</Name>
          <LexStyle>5</LexStyle>
          <LeaveState>0</LeaveState>
          <Expressions>
            <string>(\s)+</string>
          </Expressions>
        </SyntaxBlock>
        <SyntaxBlock>
          <Name>symbol</Name>
          <LexStyle>4</LexStyle>
          <LeaveState>0</LeaveState>
          <Expressions>
            <string>\W</string>
          </Expressions>
        </SyntaxBlock>
      </SyntaxBlocks>
    </State>
    <State>
      <Name>comment</Name>
      <CaseSensitive>true</CaseSensitive>
      <SyntaxBlocks>
        <SyntaxBlock>
          <Name>comment21</Name>
          <LexStyle>3</LexStyle>
          <LeaveState>0</LeaveState>
          <Expressions>
            <string>\*/</string>
          </Expressions>
        </SyntaxBlock>
        <SyntaxBlock>
          <Name>comment22</Name>
          <LexStyle>3</LexStyle>
          <LeaveState>1</LeaveState>
          <Expressions>
            <string>((?!\*/).)+</string>
          </Expressions>
        </SyntaxBlock>
      </SyntaxBlocks>
    </State>
  </States>
</LexScheme>