<?xml version="1.0" encoding="utf-8"?>
<LexScheme xmlns:xsi="http://www.w3.org/2001/XMLSchema-instance" xsi:noNamespaceSchemaLocation="scheme.xsd">
  <Author>AlterNET Software</Author>
  <Name>MS SQL language</Name>
  <Desc>Syntax Scheme for MS SQL Server Language</Desc>
  <Copyright>Copyright AlterNET Software, 2016-2019</Copyright>
  <FileExtension>.sql</FileExtension>
  <FileType>ms sql</FileType>
  <Version>1.5</Version>
  <Styles>
    <Style>
      <Name>idents</Name>
      <ForeColor>ControlText</ForeColor>
      <Index>0</Index>
    </Style>
    <Style>
      <Name>numbers</Name>
      <ForeColor>Teal</ForeColor>
      <FontStyle>Bold</FontStyle>
      <Index>1</Index>
    </Style>
    <Style>
      <Name>reswords1</Name>
      <ForeColor>Blue</ForeColor>
      <FontStyle>Bold</FontStyle>
      <Index>2</Index>
    </Style>
    <Style>
      <Name>reswords2</Name>
      <ForeColor>DarkBlue</ForeColor>
      <FontStyle>Bold</FontStyle>
      <Index>3</Index>
    </Style>
    <Style>
      <Name>reswords3</Name>
      <ForeColor>Magenta</ForeColor>
      <Index>4</Index>
    </Style>
    <Style>
      <Name>reswords4</Name>
      <ForeColor>DarkRed</ForeColor>
      <Index>5</Index>
    </Style>
    <Style>
      <Name>reswords5</Name>
      <ForeColor>DarkBlue</ForeColor>
      <Index>6</Index>
    </Style>
    <Style>
      <Name>reswords6</Name>
      <ForeColor>DarkGreen</ForeColor>
      <FontStyle>Bold</FontStyle>
      <Index>7</Index>
    </Style>
    <Style>
      <Name>comments</Name>
      <ForeColor>Green</ForeColor>
      <Index>8</Index>
      <PlainText>true</PlainText>
    </Style>
    <Style>
      <Name>whitespace</Name>
      <ForeColor>WindowText</ForeColor>
      <Index>9</Index>
    </Style>
    <Style>
      <Name>strings</Name>
      <ForeColor>SteelBlue</ForeColor>
      <Index>10</Index>
    </Style>
    <Style>
      <Name>ServerVariable</Name>
      <ForeColor>DarkMagenta</ForeColor>
      <FontStyle>Bold</FontStyle>
      <Index>11</Index>
    </Style>
    <Style>
      <Name>Variable</Name>
      <ForeColor>Magenta</ForeColor>
      <FontStyle>Bold</FontStyle>
      <Index>12</Index>
    </Style>
  </Styles>
  <States>
    <State>
      <Name>normal</Name>
      <CaseSensitive>false</CaseSensitive>
      <SyntaxBlocks>
        <SyntaxBlock>
          <Name>idents</Name>
          <LexStyle>0</LexStyle>
          <LeaveState>0</LeaveState>
          <ResWordSets>
            <ResWordSet>
              <Name>ResWord Set1</Name>
              <Index>0</Index>
              <ResWordStyle>2</ResWordStyle>
              <ResWords>
                <word>action</word>
                <word>add</word>
                <word>all</word>
                <word>alter</word>
                <word>and</word>
                <word>any</word>
                <word>as</word>
                <word>asc</word>
                <word>authorization</word>
                <word>avg</word>
                <word>backup</word>
                <word>begin</word>
                <word>between</word>
                <word>break</word>
                <word>browse</word>
                <word>bulk</word>
                <word>by</word>
                <word>cascade</word>
                <word>case</word>
                <word>check</word>
                <word>checkpoint</word>
                <word>close</word>
                <word>clustered</word>
                <word>coalesce</word>
                <word>collate</word>
                <word>column</word>
                <word>commit</word>
                <word>committed</word>
                <word>compute</word>
                <word>confirm</word>
                <word>constraint</word>
                <word>contains</word>
                <word>containstable</word>
                <word>continue</word>
                <word>controlrow</word>
                <word>convert</word>
                <word>count</word>
                <word>create</word>
                <word>cross</word>
                <word>current</word>
                <word>current_date</word>
                <word>current_time</word>
                <word>current_timestamp</word>
                <word>current_user</word>
                <word>cursor</word>
                <word>database</word>
                <word>dbcc</word>
                <word>deallocate</word>
                <word>declare</word>
                <word>default</word>
                <word>delete</word>
                <word>deny</word>
                <word>desc</word>
                <word>disable</word>
                <word>disk</word>
                <word>distinct</word>
                <word>distributed</word>
                <word>double</word>
                <word>drop</word>
                <word>dummy</word>
                <word>dump</word>
                <word>else</word>
                <word>enable</word>
                <word>end</word>
                <word>errlvl</word>
                <word>errorexit</word>
                <word>escape</word>
                <word>except</word>
                <word>exec</word>
                <word>execute</word>
                <word>exists</word>
                <word>exit</word>
                <word>fetch</word>
                <word>file</word>
                <word>fillfactor</word>
                <word>floppy</word>
                <word>for</word>
                <word>foreign</word>
                <word>forward_only</word>
                <word>freetext</word>
                <word>freetexttable</word>
                <word>from</word>
                <word>full</word>
                <word>function</word>
                <word>goto</word>
                <word>grant</word>
                <word>group</word>
                <word>having</word>
                <word>holdlock</word>
                <word>identity</word>
                <word>identity_insert</word>
                <word>identitycol</word>
                <word>if</word>
                <word>in</word>
                <word>index</word>
                <word>inner</word>
                <word>insert</word>
                <word>intersect</word>
                <word>into</word>
                <word>is</word>
                <word>isolation</word>
                <word>join</word>
                <word>key</word>
                <word>kill</word>
                <word>left</word>
                <word>level</word>
                <word>like</word>
                <word>lineno</word>
                <word>load</word>
                <word>mirrorexit</word>
                <word>move</word>
                <word>national</word>
                <word>no</word>
                <word>nocheck</word>
                <word>nonclustered</word>
                <word>not</word>
                <word>nounload</word>
                <word>null</word>
                <word>nullif</word>
                <word>of</word>
                <word>off</word>
                <word>offsets</word>
                <word>on</word>
                <word>once</word>
                <word>only</word>
                <word>open</word>
                <word>opendatasource</word>
                <word>openquery</word>
                <word>openrowset</word>
                <word>option</word>
                <word>or</word>
                <word>order</word>
                <word>outer</word>
                <word>over</word>
                <word>percent</word>
                <word>perm</word>
                <word>permanent</word>
                <word>pipe</word>
                <word>plan</word>
                <word>precision</word>
                <word>prepare</word>
                <word>primary</word>
                <word>print</word>
                <word>privileges</word>
                <word>proc</word>
                <word>procedure</word>
                <word>processexit</word>
                <word>public</word>
                <word>raiserror</word>
                <word>read</word>
                <word>readtext</word>
                <word>read_only</word>
                <word>reconfigure</word>
                <word>recovery</word>
                <word>references</word>
                <word>repeatable</word>
                <word>replication</word>
                <word>restore</word>
                <word>restrict</word>
                <word>return</word>
                <word>returns</word>
                <word>revoke</word>
                <word>right</word>
                <word>rollback</word>
                <word>rowcount</word>
                <word>rowguidcol</word>
                <word>rule</word>
                <word>save</word>
                <word>schema</word>
                <word>select</word>
                <word>serializable</word>
                <word>session_user</word>
                <word>set</word>
                <word>setuser</word>
                <word>shutdown</word>
                <word>some</word>
                <word>statistics</word>
                <word>stats</word>
                <word>system_user</word>
                <word>table</word>
                <word>tape</word>
                <word>temp</word>
                <word>temporary</word>
                <word>textsize</word>
                <word>then</word>
                <word>to</word>
                <word>top</word>
                <word>tran</word>
                <word>transaction</word>
                <word>trigger</word>
                <word>truncate</word>
                <word>tsequal</word>
                <word>uncommitted</word>
                <word>union</word>
                <word>unique</word>
                <word>update</word>
                <word>updatetext</word>
                <word>use</word>
                <word>user</word>
                <word>values</word>
                <word>varying</word>
                <word>view</word>
                <word>waitfor</word>
                <word>when</word>
                <word>where</word>
                <word>while</word>
                <word>with</word>
                <word>work</word>
                <word>writetext</word>
                <word>nocount</word>
              </ResWords>
            </ResWordSet>
            <ResWordSet>
              <Name>ResWord Set2</Name>
              <Index>1</Index>
              <ResWordStyle>3</ResWordStyle>
              <ResWords>
                <word>bigint</word>
                <word>binary</word>
                <word>bit</word>
                <word>char</word>
                <word>character</word>
                <word>datetime</word>
                <word>dec</word>
                <word>decimal</word>
                <word>float</word>
                <word>image</word>
                <word>int</word>
                <word>integer</word>
                <word>money</word>
                <word>nchar</word>
                <word>ntext</word>
                <word>numeric</word>
                <word>nvarchar</word>
                <word>real</word>
                <word>smalldatetime</word>
                <word>smallint</word>
                <word>smallmoney</word>
                <word>sql_variant</word>
                <word>sysname</word>
                <word>text</word>
                <word>timestamp</word>
                <word>tinyint</word>
                <word>uniqueidentifier</word>
                <word>varbinary</word>
                <word>varchar</word>
              </ResWords>
            </ResWordSet>
            <ResWordSet>
              <Name>ResWord Set3</Name>
              <Index>2</Index>
              <ResWordStyle>4</ResWordStyle>
              <ResWords>
                <word>sp_abort_xact</word>
                <word>sp_add_agent_parameter</word>
                <word>sp_add_agent_profile</word>
                <word>sp_add_server_sortinfo</word>
                <word>sp_addalias</word>
                <word>sp_addapprole</word>
                <word>sp_addarticle</word>
                <word>sp_adddistpublisher</word>
                <word>sp_adddistributiondb</word>
                <word>sp_adddistributor</word>
                <word>sp_addextendedproc</word>
                <word>sp_addgroup</word>
                <word>sp_addlinkedserver</word>
                <word>sp_addlinkedsrvlogin</word>
                <word>sp_addlogin</word>
                <word>sp_addmergearticle</word>
                <word>sp_addmergefilter</word>
                <word>sp_addmergepublication</word>
                <word>sp_addmergepullsubscription</word>
                <word>sp_addmergepullsubscription_agent</word>
                <word>sp_addmergesubscription</word>
                <word>sp_addmessage</word>
                <word>sp_addpublication</word>
                <word>sp_addpublication_snapshot</word>
                <word>sp_addpublisher</word>
                <word>sp_addpullsubscription</word>
                <word>sp_addpullsubscription_agent</word>
                <word>sp_addremotelogin</word>
                <word>sp_addrole</word>
                <word>sp_addrolemember</word>
                <word>sp_addserver</word>
                <word>sp_addsrvrolemember</word>
                <word>sp_addsubscriber</word>
                <word>sp_addsubscriber_schedule</word>
                <word>sp_addsubscription</word>
                <word>sp_addsynctriggers</word>
                <word>sp_addtype</word>
                <word>sp_addumpdevice</word>
                <word>sp_adduser</word>
                <word>sp_altermessage</word>
                <word>sp_approlepassword</word>
                <word>sp_article_validation</word>
                <word>sp_articlecolumn</word>
                <word>sp_articlefilter</word>
                <word>sp_articlesynctranprocs</word>
                <word>sp_articleview</word>
                <word>sp_attach_db</word>
                <word>sp_attach_single_file_db</word>
                <word>sp_autostats</word>
                <word>sp_bindefault</word>
                <word>sp_bindrule</word>
                <word>sp_bindsession</word>
                <word>sp_blockcnt</word>
                <word>sp_catalogs</word>
                <word>sp_catalogs_rowset</word>
                <word>sp_certify_removable</word>
                <word>sp_change_subscription_properties</word>
                <word>sp_change_users_login</word>
                <word>sp_changearticle</word>
                <word>sp_changedbowner</word>
                <word>sp_changedistpublisher</word>
                <word>sp_changedistributiondb</word>
                <word>sp_changedistributor_password</word>
                <word>sp_changedistributor_property</word>
                <word>sp_changegroup</word>
                <word>sp_changemergearticle</word>
                <word>sp_changemergefilter</word>
                <word>sp_changemergepublication</word>
                <word>sp_changemergepullsubscription</word>
                <word>sp_changemergesubscription</word>
                <word>sp_changeobjectowner</word>
                <word>sp_changepublication</word>
                <word>sp_changesubscriber</word>
                <word>sp_changesubscriber_schedule</word>
                <word>sp_changesubscription</word>
                <word>sp_changesubstatus</word>
                <word>sp_check_for_sync_trigger</word>
                <word>sp_check_removable</word>
                <word>sp_check_removable_sysusers</word>
                <word>sp_check_sync_trigger</word>
                <word>sp_checknames</word>
                <word>sp_cleanupwebtask</word>
                <word>sp_column_privileges</word>
                <word>sp_column_privileges_ex</word>
                <word>sp_column_privileges_rowset</word>
                <word>sp_columns</word>
                <word>sp_columns_ex</word>
                <word>sp_columns_rowset</word>
                <word>sp_commit_xact</word>
                <word>sp_configure</word>
                <word>sp_create_removable</word>
                <word>sp_createorphan</word>
                <word>sp_createstats</word>
                <word>sp_cursor</word>
                <word>sp_cursor_list</word>
                <word>sp_cursorclose</word>
                <word>sp_cursorexecute</word>
                <word>sp_cursorfetch</word>
                <word>sp_cursoropen</word>
                <word>sp_cursoroption</word>
                <word>sp_cursorprepare</word>
                <word>sp_cursorunprepare</word>
                <word>sp_databases</word>
                <word>sp_datatype_info</word>
                <word>sp_db_upgrade</word>
                <word>sp_dbcmptlevel</word>
                <word>sp_dbfixedrolepermission</word>
                <word>sp_dboption</word>
                <word>sp_dbremove</word>
                <word>sp_ddopen</word>
                <word>sp_defaultdb</word>
                <word>sp_defaultlanguage</word>
                <word>sp_deletemergeconflictrow</word>
                <word>sp_denylogin</word>
                <word>sp_depends</word>
                <word>sp_describe_cursor</word>
                <word>sp_describe_cursor_columns</word>
                <word>sp_describe_cursor_tables</word>
                <word>sp_detach_db</word>
                <word>sp_diskdefault</word>
                <word>sp_distcounters</word>
                <word>sp_drop_agent_parameter</word>
                <word>sp_drop_agent_profile</word>
                <word>sp_dropalias</word>
                <word>sp_dropapprole</word>
                <word>sp_droparticle</word>
                <word>sp_dropdevice</word>
                <word>sp_dropdistpublisher</word>
                <word>sp_dropdistributiondb</word>
                <word>sp_dropdistributor</word>
                <word>sp_dropextendedproc</word>
                <word>sp_dropgroup</word>
                <word>sp_droplinkedsrvlogin</word>
                <word>sp_droplogin</word>
                <word>sp_dropmergearticle</word>
                <word>sp_dropmergefilter</word>
                <word>sp_dropmergepublication</word>
                <word>sp_dropmergepullsubscription</word>
                <word>sp_dropmergesubscription</word>
                <word>sp_dropmessage</word>
                <word>sp_droporphans</word>
                <word>sp_droppublication</word>
                <word>sp_droppublisher</word>
                <word>sp_droppullsubscription</word>
                <word>sp_dropremotelogin</word>
                <word>sp_droprole</word>
                <word>sp_droprolemember</word>
                <word>sp_dropserver</word>
                <word>sp_dropsrvrolemember</word>
                <word>sp_dropsubscriber</word>
                <word>sp_dropsubscription</word>
                <word>sp_droptype</word>
                <word>sp_dropuser</word>
                <word>sp_dropwebtask</word>
                <word>sp_dsninfo</word>
                <word>sp_enumcodepages</word>
                <word>sp_enumcustomresolvers</word>
                <word>sp_enumdsn</word>
                <word>sp_enumfullsubscribers</word>
                <word>sp_enumoledbdatasources</word>
                <word>sp_execute</word>
                <word>sp_executesql</word>
                <word>sp_fallback_MS_sel_fb_svr</word>
                <word>sp_fetchshowcmdsinput</word>
                <word>sp_fixindex</word>
                <word>sp_fkeys</word>
                <word>sp_foreign_keys_rowset</word>
                <word>sp_foreignkeys</word>
                <word>sp_fulltext_catalog</word>
                <word>sp_fulltext_column</word>
                <word>sp_fulltext_database</word>
                <word>sp_fulltext_getdata</word>
                <word>sp_fulltext_service</word>
                <word>sp_fulltext_table</word>
                <word>sp_generatefilters</word>
                <word>sp_get_distributor</word>
                <word>sp_getarticlepkcolbitmap</word>
                <word>sp_getbindtoken</word>
                <word>sp_GetMBCSCharLen</word>
                <word>sp_getmergedeletetype</word>
                <word>sp_gettypestring</word>
                <word>sp_grant_publication_access</word>
                <word>sp_grantdbaccess</word>
                <word>sp_grantlogin</word>
                <word>sp_help</word>
                <word>sp_help_agent_default</word>
                <word>sp_help_agent_parameter</word>
                <word>sp_help_agent_profile</word>
                <word>sp_help_fulltext_catalogs</word>
                <word>sp_help_fulltext_catalogs_cursor</word>
                <word>sp_help_fulltext_columns</word>
                <word>sp_help_fulltext_columns_cursor</word>
                <word>sp_help_fulltext_tables</word>
                <word>sp_help_fulltext_tables_cursor</word>
                <word>sp_help_publication_access</word>
                <word>sp_helpallowmerge_publication</word>
                <word>sp_helparticle</word>
                <word>sp_helparticlecolumns</word>
                <word>sp_helpconstraint</word>
                <word>sp_helpdb</word>
                <word>sp_helpdbfixedrole</word>
                <word>sp_helpdevice</word>
                <word>sp_helpdistpublisher</word>
                <word>sp_helpdistributiondb</word>
                <word>sp_helpdistributor</word>
                <word>sp_helpdistributor_properties</word>
                <word>sp_helpextendedproc</word>
                <word>sp_helpfile</word>
                <word>sp_helpfilegroup</word>
                <word>sp_helpgroup</word>
                <word>sp_helpindex</word>
                <word>sp_helplanguage</word>
                <word>sp_helplog</word>
                <word>sp_helplogins</word>
                <word>sp_helpmergearticle</word>
                <word>sp_helpmergearticleconflicts</word>
                <word>sp_helpmergeconflictrows</word>
                <word>sp_helpmergedeleteconflictrows</word>
                <word>sp_helpmergefilter</word>
                <word>sp_helpmergepublication</word>
                <word>sp_helpmergepullsubscription</word>
                <word>sp_helpmergesubscription</word>
                <word>sp_helpntgroup</word>
                <word>sp_helppublication</word>
                <word>sp_helppublication_snapshot</word>
                <word>sp_helppublicationsync</word>
                <word>sp_helppullsubscription</word>
                <word>sp_helpremotelogin</word>
                <word>sp_helpreplicationdb</word>
                <word>sp_helpreplicationdboption</word>
                <word>sp_helpreplicationoption</word>
                <word>sp_helprole</word>
                <word>sp_helprolemember</word>
                <word>sp_helprotect</word>
                <word>sp_helpserver</word>
                <word>sp_helpsort</word>
                <word>sp_helpsql</word>
                <word>sp_helpsrvrole</word>
                <word>sp_helpsrvrolemember</word>
                <word>sp_helpstartup</word>
                <word>sp_helpsubscriber</word>
                <word>sp_helpsubscriberinfo</word>
                <word>sp_helpsubscription</word>
                <word>sp_helpsubscription_properties</word>
                <word>sp_helptext</word>
                <word>sp_helptrigger</word>
                <word>sp_helpuser</word>
                <word>sp_indexes</word>
                <word>sp_indexes_rowset</word>
                <word>sp_indexoption</word>
                <word>sp_isarticlecolbitset</word>
                <word>sp_IsMBCSLeadByte</word>
                <word>sp_link_publication</word>
                <word>sp_linkedservers</word>
                <word>sp_linkedservers_rowset</word>
                <word>sp_lock</word>
                <word>sp_lockinfo</word>
                <word>sp_logdevice</word>
                <word>sp_makestartup</word>
                <word>sp_makewebtask</word>
                <word>sp_mergedummyupdate</word>
                <word>sp_mergesubscription_cleanup</word>
                <word>sp_mergesubscriptioncleanup</word>
                <word>sp_monitor</word>
                <word>sp_MS_marksystemobject</word>
                <word>sp_MS_replication_installed</word>
                <word>sp_MS_upd_sysobj_category</word>
                <word>sp_MSactivate_auto_sub</word>
                <word>sp_MSadd_distributor_alerts_and_responses</word>
                <word>sp_MSadd_mergereplcommand</word>
                <word>sp_MSadd_repl_job</word>
                <word>sp_MSaddanonymousreplica</word>
                <word>sp_MSaddarticletocontents</word>
                <word>sp_MSaddexecarticle</word>
                <word>sp_MSaddguidcolumn</word>
                <word>sp_MSaddguidindex</word>
                <word>sp_MSaddinitialarticle</word>
                <word>sp_MSaddinitialpublication</word>
                <word>sp_MSaddinitialsubscription</word>
                <word>sp_MSaddlogin_implicit_ntlogin</word>
                <word>sp_MSaddmergepub_snapshot</word>
                <word>sp_MSaddmergetriggers</word>
                <word>sp_MSaddpub_snapshot</word>
                <word>sp_MSaddpubtocontents</word>
                <word>sp_MSaddupdatetrigger</word>
                <word>sp_MSadduser_implicit_ntlogin</word>
                <word>sp_MSarticlecleanup</word>
                <word>sp_MSarticletextcol</word>
                <word>sp_MSbelongs</word>
                <word>sp_MSchange_priority</word>
                <word>sp_MSchangearticleresolver</word>
                <word>sp_MScheck_agent_instance</word>
                <word>sp_MScheck_uid_owns_anything</word>
                <word>sp_MScheckatpublisher</word>
                <word>sp_MScheckexistsgeneration</word>
                <word>sp_MScheckmetadatamatch</word>
                <word>sp_MScleanup_subscription</word>
                <word>sp_MScleanuptask</word>
                <word>sp_MScontractsubsnb</word>
                <word>sp_MScreate_dist_tables</word>
                <word>sp_MScreate_distributor_tables</word>
                <word>sp_MScreate_mergesystables</word>
                <word>sp_MScreate_pub_tables</word>
                <word>sp_MScreate_replication_checkup_agent</word>
                <word>sp_MScreate_replication_status_table</word>
                <word>sp_MScreate_sub_tables</word>
                <word>sp_MScreateglobalreplica</word>
                <word>sp_MScreateretry</word>
                <word>sp_MSdbuseraccess</word>
                <word>sp_MSdbuserpriv</word>
                <word>sp_MSdeletecontents</word>
                <word>sp_MSdeletepushagent</word>
                <word>sp_MSdeleteretry</word>
                <word>sp_MSdelrow</word>
                <word>sp_MSdelsubrows</word>
                <word>sp_MSdependencies</word>
                <word>sp_MSdoesfilterhaveparent</word>
                <word>sp_MSdrop_6x_replication_agent</word>
                <word>sp_MSdrop_distributor_alerts_and_responses</word>
                <word>sp_MSdrop_mergesystables</word>
                <word>sp_MSdrop_object</word>
                <word>sp_MSdrop_pub_tables</word>
                <word>sp_MSdrop_replcom</word>
                <word>sp_MSdrop_repltran</word>
                <word>sp_MSdrop_rladmin</word>
                <word>sp_MSdrop_rlcore</word>
                <word>sp_MSdrop_rlrecon</word>
                <word>sp_MSdroparticleprocs</word>
                <word>sp_MSdroparticletombstones</word>
                <word>sp_MSdroparticletriggers</word>
                <word>sp_MSdropconstraints</word>
                <word>sp_MSdropmergepub_snapshot</word>
                <word>sp_MSdropretry</word>
                <word>sp_MSdummyupdate</word>
                <word>sp_MSenum_replication_agents</word>
                <word>sp_MSenum_replication_job</word>
                <word>sp_MSenum3rdpartypublications</word>
                <word>sp_MSenumallpublications</word>
                <word>sp_MSenumchanges</word>
                <word>sp_MSenumcolumns</word>
                <word>sp_MSenumdeletesmetadata</word>
                <word>sp_MSenumgenerations</word>
                <word>sp_MSenummergepublications</word>
                <word>sp_MSenumpartialchanges</word>
                <word>sp_MSenumpartialdeletes</word>
                <word>sp_MSenumpubreferences</word>
                <word>sp_MSenumreplicas</word>
                <word>sp_MSenumretries</word>
                <word>sp_MSenumschemachange</word>
                <word>sp_MSenumtranpublications</word>
                <word>sp_MSexists_file</word>
                <word>sp_MSexpandbelongs</word>
                <word>sp_MSexpandnotbelongs</word>
                <word>sp_MSexpandsubsnb</word>
                <word>sp_MSfilterclause</word>
                <word>sp_MSflush_access_cache</word>
                <word>sp_MSflush_command</word>
                <word>sp_MSforeach_worker</word>
                <word>sp_MSforeachdb</word>
                <word>sp_MSforeachtable</word>
                <word>sp_MSgen_sync_tran_procs</word>
                <word>sp_MSgenreplnickname</word>
                <word>sp_MSgentablenickname</word>
                <word>sp_MSget_col_position</word>
                <word>sp_MSget_colinfo</word>
                <word>sp_MSget_oledbinfo</word>
                <word>sp_MSget_publisher_rpc</word>
                <word>sp_MSget_qualifed_name</word>
                <word>sp_MSget_synctran_commands</word>
                <word>sp_MSget_type</word>
                <word>sp_MSgetalertinfo</word>
                <word>sp_MSgetchangecount</word>
                <word>sp_MSgetconflictinsertproc</word>
                <word>sp_MSgetlastrecgen</word>
                <word>sp_MSgetlastsentgen</word>
                <word>sp_MSgetonerow</word>
                <word>sp_MSgetreplicainfo</word>
                <word>sp_MSgetreplnick</word>
                <word>sp_MSgetrowmetadata</word>
                <word>sp_MSguidtostr</word>
                <word>sp_MShelp_distdb</word>
                <word>sp_MShelp_replication_status</word>
                <word>sp_MShelpcolumns</word>
                <word>sp_MShelpfulltextindex</word>
                <word>sp_MShelpindex</word>
                <word>sp_MShelpmergearticles</word>
                <word>sp_MShelpobjectpublications</word>
                <word>sp_MShelptype</word>
                <word>sp_MSIfExistsRemoteLogin</word>
                <word>sp_MSindexcolfrombin</word>
                <word>sp_MSindexspace</word>
                <word>sp_MSinit_replication_perfmon</word>
                <word>sp_MSinsertcontents</word>
                <word>sp_MSinsertdeleteconflict</word>
                <word>sp_MSinsertgenhistory</word>
                <word>sp_MSinsertschemachange</word>
                <word>sp_MSis_col_replicated</word>
                <word>sp_MSis_pk_col</word>
                <word>sp_MSkilldb</word>
                <word>sp_MSload_replication_status</word>
                <word>sp_MSlocktable</word>
                <word>sp_MSloginmappings</word>
                <word>sp_MSmakearticleprocs</word>
                <word>sp_MSmakeconflictinsertproc</word>
                <word>sp_MSmakeexpandproc</word>
                <word>sp_MSmakegeneration</word>
                <word>sp_MSmakeinsertproc</word>
                <word>sp_MSmakejoinfilter</word>
                <word>sp_MSmakeselectproc</word>
                <word>sp_MSmakesystableviews</word>
                <word>sp_MSmaketempinsertproc</word>
                <word>sp_MSmakeupdateproc</word>
                <word>sp_MSmakeviewproc</word>
                <word>sp_MSmaptype</word>
                <word>sp_MSmark_proc_norepl</word>
                <word>sp_MSmatchkey</word>
                <word>sp_MSmergepublishdb</word>
                <word>sp_MSmergesubscribedb</word>
                <word>sp_MSobjectprivs</word>
                <word>sp_MSpad_command</word>
                <word>sp_MSproxiedmetadata</word>
                <word>sp_MSpublicationcleanup</word>
                <word>sp_MSpublicationview</word>
                <word>sp_MSpublishdb</word>
                <word>sp_MSrefcnt</word>
                <word>sp_MSregistersubscription</word>
                <word>sp_MSreinit_failed_subscriptions</word>
                <word>sp_MSrepl_addrolemember</word>
                <word>sp_MSrepl_dbrole</word>
                <word>sp_MSrepl_droprolemember</word>
                <word>sp_MSrepl_encrypt</word>
                <word>sp_MSrepl_linkedservers_rowset</word>
                <word>sp_MSrepl_startup</word>
                <word>sp_MSreplcheck_connection</word>
                <word>sp_MSreplcheck_publish</word>
                <word>sp_MSreplcheck_pull</word>
                <word>sp_MSreplcheck_subscribe</word>
                <word>sp_MSreplicationcompatlevel</word>
                <word>sp_MSreplrole</word>
                <word>sp_MSreplsup_table_has_pk</word>
                <word>sp_MSscript_beginproc</word>
                <word>sp_MSscript_begintrig1</word>
                <word>sp_MSscript_begintrig2</word>
                <word>sp_MSscript_delete_statement</word>
                <word>sp_MSscript_dri</word>
                <word>sp_MSscript_endproc</word>
                <word>sp_MSscript_endtrig</word>
                <word>sp_MSscript_insert_statement</word>
                <word>sp_MSscript_multirow_trigger</word>
                <word>sp_MSscript_params</word>
                <word>sp_MSscript_security</word>
                <word>sp_MSscript_singlerow_trigger</word>
                <word>sp_MSscript_sync_del_proc</word>
                <word>sp_MSscript_sync_del_trig</word>
                <word>sp_MSscript_sync_ins_proc</word>
                <word>sp_MSscript_sync_ins_trig</word>
                <word>sp_MSscript_sync_upd_proc</word>
                <word>sp_MSscript_sync_upd_trig</word>
                <word>sp_MSscript_trigger_assignment</word>
                <word>sp_MSscript_trigger_exec_rpc</word>
                <word>sp_MSscript_trigger_fetch_statement</word>
                <word>sp_MSscript_trigger_update_checks</word>
                <word>sp_MSscript_trigger_updates</word>
                <word>sp_MSscript_trigger_variables</word>
                <word>sp_MSscript_update_statement</word>
                <word>sp_MSscript_where_clause</word>
                <word>sp_MSscriptdatabase</word>
                <word>sp_MSscriptdb_worker</word>
                <word>sp_MSsetaccesslist</word>
                <word>sp_MSsetalertinfo</word>
                <word>sp_MSsetartprocs</word>
                <word>sp_MSsetbit</word>
                <word>sp_MSsetconflictscript</word>
                <word>sp_MSsetconflicttable</word>
                <word>sp_MSsetfilteredstatus</word>
                <word>sp_MSsetfilterparent</word>
                <word>sp_MSsetlastrecgen</word>
                <word>sp_MSsetlastsentgen</word>
                <word>sp_MSsetreplicainfo</word>
                <word>sp_MSsetreplicastatus</word>
                <word>sp_MSsetrowmetadata</word>
                <word>sp_MSsettopology</word>
                <word>sp_MSsetupbelongs</word>
                <word>sp_MSSQLDMO70_version</word>
                <word>sp_MSSQLOLE_version</word>
                <word>sp_MSSQLOLE65_version</word>
                <word>sp_MSsubscribedb</word>
                <word>sp_MSsubscriptions</word>
                <word>sp_MSsubscriptionvalidated</word>
                <word>sp_MSsubsetpublication</word>
                <word>sp_MStable_has_unique_index</word>
                <word>sp_MStable_not_modifiable</word>
                <word>sp_MStablechecks</word>
                <word>sp_MStablekeys</word>
                <word>sp_MStablenamefromnick</word>
                <word>sp_MStablenickname</word>
                <word>sp_MStablerefs</word>
                <word>sp_MStablespace</word>
                <word>sp_MStestbit</word>
                <word>sp_MStextcolstatus</word>
                <word>sp_MSunc_to_drive</word>
                <word>sp_MSuniquecolname</word>
                <word>sp_MSuniquename</word>
                <word>sp_MSuniqueobjectname</word>
                <word>sp_MSuniquetempname</word>
                <word>sp_MSunmarkreplinfo</word>
                <word>sp_MSunregistersubscription</word>
                <word>sp_MSupdate_agenttype_default</word>
                <word>sp_MSupdate_replication_status</word>
                <word>sp_MSupdatecontents</word>
                <word>sp_MSupdategenhistory</word>
                <word>sp_MSupdateschemachange</word>
                <word>sp_MSupdatesysmergearticles</word>
                <word>sp_msupg_createcatalogcomputedcols</word>
                <word>sp_msupg_dosystabcatalogupgrades</word>
                <word>sp_msupg_dropcatalogcomputedcols</word>
                <word>sp_msupg_recreatecatalogfaketables</word>
                <word>sp_msupg_recreatesystemviews</word>
                <word>sp_msupg_removesystemcomputedcolumns</word>
                <word>sp_msupg_upgradecatalog</word>
                <word>sp_MSuplineageversion</word>
                <word>sp_MSvalidatearticle</word>
                <word>sp_OACreate</word>
                <word>sp_OADestroy</word>
                <word>sp_OAGetErrorInfo</word>
                <word>sp_OAGetProperty</word>
                <word>sp_OAMethod</word>
                <word>sp_OASetProperty</word>
                <word>sp_OAStop</word>
                <word>sp_objectfilegroup</word>
                <word>sp_oledbinfo</word>
                <word>sp_password</word>
                <word>sp_pkeys</word>
                <word>sp_prepare</word>
                <word>sp_primary_keys_rowset</word>
                <word>sp_primarykeys</word>
                <word>sp_probe_xact</word>
                <word>sp_procedure_params_rowset</word>
                <word>sp_procedures_rowset</word>
                <word>sp_processinfo</word>
                <word>sp_processmail</word>
                <word>sp_procoption</word>
                <word>sp_provider_types_rowset</word>
                <word>sp_publication_validation</word>
                <word>sp_publishdb</word>
                <word>sp_recompile</word>
                <word>sp_refreshsubscriptions</word>
                <word>sp_refreshview</word>
                <word>sp_reinitmergepullsubscription</word>
                <word>sp_reinitmergesubscription</word>
                <word>sp_reinitpullsubscription</word>
                <word>sp_reinitsubscription</word>
                <word>sp_remoteoption</word>
                <word>sp_remove_tempdb_file</word>
                <word>sp_remove_xact</word>
                <word>sp_removedbreplication</word>
                <word>sp_removesrvreplication</word>
                <word>sp_rename</word>
                <word>sp_renamedb</word>
                <word>sp_replcmds</word>
                <word>sp_replcounters</word>
                <word>sp_repldone</word>
                <word>sp_replflush</word>
                <word>sp_replica</word>
                <word>sp_replication_agent_checkup</word>
                <word>sp_replicationdboption</word>
                <word>sp_replicationoption</word>
                <word>sp_replincrementlsn</word>
                <word>sp_replpostcmd</word>
                <word>sp_replsetoriginator</word>
                <word>sp_replshowcmds</word>
                <word>sp_replsync</word>
                <word>sp_repltrans</word>
                <word>sp_replupdateschema</word>
                <word>sp_reset_connection</word>
                <word>sp_revoke_publication_access</word>
                <word>sp_revokedbaccess</word>
                <word>sp_revokelogin</word>
                <word>sp_runwebtask</word>
                <word>sp_scan_xact</word>
                <word>sp_schemata_rowset</word>
                <word>sp_script_synctran_commands</word>
                <word>sp_scriptdelproc</word>
                <word>sp_scriptinsproc</word>
                <word>sp_scriptmappedupdproc</word>
                <word>sp_scriptpkwhereclause</word>
                <word>sp_scriptupdateparams</word>
                <word>sp_scriptupdproc</word>
                <word>sp_sdidebug</word>
                <word>sp_sem_start_mail</word>
                <word>sp_server_info</word>
                <word>sp_serveroption</word>
                <word>sp_setapprole</word>
                <word>sp_setnetname</word>
                <word>sp_spaceused</word>
                <word>sp_special_columns</word>
                <word>sp_sproc_columns</word>
                <word>sp_sqlexec</word>
                <word>sp_sqlregister</word>
                <word>sp_srvrolepermission</word>
                <word>sp_start_xact</word>
                <word>sp_stat_xact</word>
                <word>sp_statistics</word>
                <word>sp_statistics_rowset</word>
                <word>sp_stored_procedures</word>
                <word>sp_subscribe</word>
                <word>sp_subscription_cleanup</word>
                <word>sp_subscriptioncleanup</word>
                <word>sp_table_privileges</word>
                <word>sp_table_privileges_ex</word>
                <word>sp_table_privileges_rowset</word>
                <word>sp_table_validation</word>
                <word>sp_tableoption</word>
                <word>sp_tables</word>
                <word>sp_tables_ex</word>
                <word>sp_tables_info_rowset</word>
                <word>sp_tables_rowset</word>
                <word>sp_tempdbspace</word>
                <word>sp_unbindefault</word>
                <word>sp_unbindrule</word>
                <word>sp_unmakestartup</word>
                <word>sp_unprepare</word>
                <word>sp_unsubscribe</word>
                <word>sp_updatestats</word>
                <word>sp_user_counter1</word>
                <word>sp_user_counter10</word>
                <word>sp_user_counter2</word>
                <word>sp_user_counter3</word>
                <word>sp_user_counter4</word>
                <word>sp_user_counter5</word>
                <word>sp_user_counter6</word>
                <word>sp_user_counter7</word>
                <word>sp_user_counter8</word>
                <word>sp_user_counter9</word>
                <word>sp_validatelogins</word>
                <word>sp_validlang</word>
                <word>sp_validname</word>
                <word>sp_who</word>
                <word>sp_who2</word>
                <word>spt_committab</word>
                <word>spt_datatype_info</word>
                <word>spt_datatype_info_ext</word>
                <word>spt_fallback_db</word>
                <word>spt_fallback_dev</word>
                <word>spt_fallback_usg</word>
                <word>spt_monitor</word>
                <word>spt_provider_types</word>
                <word>spt_server_info</word>
                <word>spt_values</word>
                <word>xp_availablemedia</word>
                <word>xp_check_query_results</word>
                <word>xp_cleanupwebtask</word>
                <word>xp_cmdshell</word>
                <word>xp_deletemail</word>
                <word>xp_dirtree</word>
                <word>xp_displayparamstmt</word>
                <word>xp_dropwebtask</word>
                <word>xp_dsninfo</word>
                <word>xp_enum_activescriptengines</word>
                <word>xp_enum_oledb_providers</word>
                <word>xp_enumcodepages</word>
                <word>xp_enumdsn</word>
                <word>xp_enumerrorlogs</word>
                <word>xp_enumgroups</word>
                <word>xp_eventlog</word>
                <word>xp_execresultset</word>
                <word>xp_fileexist</word>
                <word>xp_findnextmsg</word>
                <word>xp_fixeddrives</word>
                <word>xp_get_mapi_default_profile</word>
                <word>xp_get_mapi_profiles</word>
                <word>xp_get_tape_devices</word>
                <word>xp_getfiledetails</word>
                <word>xp_getnetname</word>
                <word>xp_grantlogin</word>
                <word>xp_initcolvs</word>
                <word>xp_intersectbitmaps</word>
                <word>xp_load_dummy_handlers</word>
                <word>xp_logevent</word>
                <word>xp_loginconfig</word>
                <word>xp_logininfo</word>
                <word>xp_makewebtask</word>
                <word>xp_mergexpusage</word>
                <word>xp_msver</word>
                <word>xp_msx_enlist</word>
                <word>xp_ntsec_enumdomains</word>
                <word>xp_ntsec_enumgroups</word>
                <word>xp_ntsec_enumusers</word>
                <word>xp_oledbinfo</word>
                <word>xp_param_dump</word>
                <word>xp_perfend</word>
                <word>xp_perfmonitor</word>
                <word>xp_perfsample</word>
                <word>xp_perfstart</word>
                <word>xp_printstatements</word>
                <word>xp_proxiedmetadata</word>
                <word>xp_qv</word>
                <word>xp_readerrorlog</word>
                <word>xp_readmail</word>
                <word>xp_regaddmultistring</word>
                <word>xp_regdeletekey</word>
                <word>xp_regdeletevalue</word>
                <word>xp_regenumvalues</word>
                <word>xp_regread</word>
                <word>xp_regremovemultistring</word>
                <word>xp_regwrite</word>
                <word>xp_revokelogin</word>
                <word>xp_runwebtask</word>
                <word>xp_sendmail</word>
                <word>xp_servicecontrol</word>
                <word>xp_showcolv</word>
                <word>xp_showlineage</word>
                <word>xp_snmp_getstate</word>
                <word>xp_snmp_raisetrap</word>
                <word>xp_sprintf</word>
                <word>xp_sqlagent_enum_jobs</word>
                <word>xp_sqlagent_is_starting</word>
                <word>xp_sqlagent_monitor</word>
                <word>xp_sqlagent_notify</word>
                <word>xp_sqlinventory</word>
                <word>xp_sqlmaint</word>
                <word>xp_sqlregister</word>
                <word>xp_sqltrace</word>
                <word>xp_sscanf</word>
                <word>xp_startmail</word>
                <word>xp_stopmail</word>
                <word>xp_subdirs</word>
                <word>xp_terminate_process</word>
                <word>xp_test_mapi_profile</word>
                <word>xp_trace_addnewqueue</word>
                <word>xp_trace_deletequeuedefinition</word>
                <word>xp_trace_destroyqueue</word>
                <word>xp_trace_enumqueuedefname</word>
                <word>xp_trace_enumqueuehandles</word>
                <word>xp_trace_eventclassrequired</word>
                <word>xp_trace_flushqueryhistory</word>
                <word>xp_trace_generate_event</word>
                <word>xp_trace_getappfilter</word>
                <word>xp_trace_getconnectionidfilter</word>
                <word>xp_trace_getcpufilter</word>
                <word>xp_trace_getdbidfilter</word>
                <word>xp_trace_getdurationfilter</word>
                <word>xp_trace_geteventfilter</word>
                <word>xp_trace_geteventnames</word>
                <word>xp_trace_getevents</word>
                <word>xp_trace_gethostfilter</word>
                <word>xp_trace_gethpidfilter</word>
                <word>xp_trace_getindidfilter</word>
                <word>xp_trace_getntdmfilter</word>
                <word>xp_trace_getntnmfilter</word>
                <word>xp_trace_getobjidfilter</word>
                <word>xp_trace_getqueueautostart</word>
                <word>xp_trace_getqueuecreateinfo</word>
                <word>xp_trace_getqueuedestination</word>
                <word>xp_trace_getqueueproperties</word>
                <word>xp_trace_getreadfilter</word>
                <word>xp_trace_getserverfilter</word>
                <word>xp_trace_getseverityfilter</word>
                <word>xp_trace_getspidfilter</word>
                <word>xp_trace_gettextfilter</word>
                <word>xp_trace_getuserfilter</word>
                <word>xp_trace_getwritefilter</word>
                <word>xp_trace_loadqueuedefinition</word>
                <word>xp_trace_opentracefile</word>
                <word>xp_trace_pausequeue</word>
                <word>xp_trace_restartqueue</word>
                <word>xp_trace_savequeuedefinition</word>
                <word>xp_trace_setappfilter</word>
                <word>xp_trace_setconnectionidfilter</word>
                <word>xp_trace_setcpufilter</word>
                <word>xp_trace_setdbidfilter</word>
                <word>xp_trace_setdurationfilter</word>
                <word>xp_trace_seteventclassrequired</word>
                <word>xp_trace_seteventfilter</word>
                <word>xp_trace_sethostfilter</word>
                <word>xp_trace_sethpidfilter</word>
                <word>xp_trace_setindidfilter</word>
                <word>xp_trace_setntdmfilter</word>
                <word>xp_trace_setntnmfilter</word>
                <word>xp_trace_setobjidfilter</word>
                <word>xp_trace_setqueryhistory</word>
                <word>xp_trace_setqueueautostart</word>
                <word>xp_trace_setqueuecreateinfo</word>
                <word>xp_trace_setqueuedestination</word>
                <word>xp_trace_setreadfilter</word>
                <word>xp_trace_setserverfilter</word>
                <word>xp_trace_setseverityfilter</word>
                <word>xp_trace_setspidfilter</word>
                <word>xp_trace_settextfilter</word>
                <word>xp_trace_setuserfilter</word>
                <word>xp_trace_setwritefilter</word>
                <word>xp_trace_startconsumer</word>
                <word>xp_trace_toeventlogconsumer</word>
                <word>xp_trace_tofileconsumer</word>
                <word>xp_unc_to_drive</word>
                <word>xp_unload_dummy_handlers</word>
                <word>xp_updatecolvbm</word>
                <word>xp_updatelineage</word>
                <word>xp_varbintohexstr</word>
                <word>xp_writesqlinfo</word>
              </ResWords>
            </ResWordSet>
            <ResWordSet>
              <Name>ResWord Set4</Name>
              <Index>3</Index>
              <ResWordStyle>5</ResWordStyle>
              <ResWords>
                <word>deleted</word>
                <word>inserted</word>
                <word>sysallocations</word>
                <word>sysalternates</word>
                <word>sysaltfiles</word>
                <word>syscacheobjects</word>
                <word>syscharsets</word>
                <word>syscolumns</word>
                <word>syscomments</word>
                <word>sysconfigures</word>
                <word>sysconstraints</word>
                <word>syscurconfigs</word>
                <word>syscursorcolumns</word>
                <word>syscursorrefs</word>
                <word>syscursors</word>
                <word>syscursortables</word>
                <word>sysdatabases</word>
                <word>sysdepends</word>
                <word>sysdevices</word>
                <word>sysfilegroups</word>
                <word>sysfiles</word>
                <word>sysfiles1</word>
                <word>sysforeignkeys</word>
                <word>sysfulltextcatalogs</word>
                <word>sysindexes</word>
                <word>sysindexkeys</word>
                <word>syslanguages</word>
                <word>syslockinfo</word>
                <word>syslocks</word>
                <word>syslogins</word>
                <word>sysmembers</word>
                <word>sysmessages</word>
                <word>sysobjects</word>
                <word>sysoledbusers</word>
                <word>sysperfinfo</word>
                <word>syspermissions</word>
                <word>sysprocesses</word>
                <word>sysprotects</word>
                <word>sysreferences</word>
                <word>sysremote_catalogs</word>
                <word>sysremote_column_privileges</word>
                <word>sysremote_columns</word>
                <word>sysremote_foreign_keys</word>
                <word>sysremote_indexes</word>
                <word>sysremote_primary_keys</word>
                <word>sysremote_provider_types</word>
                <word>sysremote_schemata</word>
                <word>sysremote_statistics</word>
                <word>sysremote_table_privileges</word>
                <word>sysremote_tables</word>
                <word>sysremote_views</word>
                <word>sysremotelogins</word>
                <word>syssegments</word>
                <word>sysservers</word>
                <word>systypes</word>
                <word>sysusers</word>
                <word>sysxlogins</word>
              </ResWords>
            </ResWordSet>
            <ResWordSet>
              <Name>ResWord Set5</Name>
              <Index>4</Index>
              <ResWordStyle>6</ResWordStyle>
              <ResWords>
                <word>connections</word>
                <word>cpu_busy</word>
                <word>cursor_rows</word>
                <word>datefirst</word>
                <word>dbts</word>
                <word>error</word>
                <word>fetch_status</word>
                <word>identity</word>
                <word>idle</word>
                <word>io_busy</word>
                <word>langid</word>
                <word>language</word>
                <word>lock_timeout</word>
                <word>max_connections</word>
                <word>max_precision</word>
                <word>nestlevel</word>
                <word>options</word>
                <word>packet_errors</word>
                <word>packet_received</word>
                <word>pack_sent</word>
                <word>patindex</word>
                <word>procid</word>
                <word>remserver</word>
                <word>rowcount</word>
                <word>servername</word>
                <word>servicename</word>
                <word>spid</word>
                <word>textptr</word>
                <word>textsize</word>
                <word>textvalid</word>
                <word>timeticks</word>
                <word>total_errors</word>
                <word>total_read</word>
                <word>total_write</word>
                <word>trancount</word>
                <word>version</word>
              </ResWords>
            </ResWordSet>
            <ResWordSet>
              <Name>ResWord Set6</Name>
              <Index>5</Index>
              <ResWordStyle>7</ResWordStyle>
              <ResWords>
                <word>abs</word>
                <word>acos</word>
                <word>app_name</word>
                <word>ascii</word>
                <word>asin</word>
                <word>atan</word>
                <word>atn2</word>
                <word>avg</word>
                <word>binary_checksum</word>
                <word>case</word>
                <word>cast</word>
                <word>ceiling</word>
                <word>charindex</word>
                <word>checksum</word>
                <word>checksum_agg</word>
                <word>coalesce</word>
                <word>collationproperty</word>
                <word>col_length</word>
                <word>col_name</word>
                <word>columns_updated</word>
                <word>columnproperty</word>
                <word>convert</word>
                <word>cos</word>
                <word>cot</word>
                <word>count</word>
                <word>count_big</word>
                <word>current_timestamp</word>
                <word>current_user</word>
                <word>cursor_status</word>
                <word>databaseproperty</word>
                <word>databasepropertyex</word>
                <word>datalength</word>
                <word>dateadd</word>
                <word>datediff</word>
                <word>datename</word>
                <word>datepart</word>
                <word>day</word>
                <word>db_id</word>
                <word>db_name</word>
                <word>degrees</word>
                <word>difference</word>
                <word>exp</word>
                <word>file_id</word>
                <word>file_name</word>
                <word>filegroup_id</word>
                <word>filegroup_name</word>
                <word>filegroupproperty</word>
                <word>fileproperty</word>
                <word>floor</word>
                <word>fn_helpcollations</word>
                <word>fn_listextendedproperty</word>
                <word>fn_servershareddrives</word>
                <word>fn_trace_geteventinfo</word>
                <word>fn_trace_getfilterinfo</word>
                <word>fn_trace_getinfo</word>
                <word>fn_trace_gettable</word>
                <word>fn_virtualfilestats</word>
                <word>formatmessage</word>
                <word>fulltextcatalogproperty</word>
                <word>fulltextserviceproperty</word>
                <word>getansinull</word>
                <word>getdate</word>
                <word>getutcdate</word>
                <word>grouping</word>
                <word>has_dbaccess</word>
                <word>host_id</word>
                <word>host_name</word>
                <word>ident_current</word>
                <word>ident_incr</word>
                <word>ident_seed</word>
                <word>index_col</word>
                <word>indexkey_property</word>
                <word>indexproperty</word>
                <word>is_member</word>
                <word>is_srvrolemember</word>
                <word>isdate</word>
                <word>isnull</word>
                <word>isnumeric</word>
                <word>left</word>
                <word>len</word>
                <word>log</word>
                <word>log10</word>
                <word>lower</word>
                <word>ltrim</word>
                <word>max</word>
                <word>min</word>
                <word>month</word>
                <word>newid</word>
                <word>nullif</word>
                <word>object_id</word>
                <word>object_name</word>
                <word>objectproperty</word>
                <word>parsename</word>
                <word>patindex</word>
                <word>permissions</word>
                <word>pi</word>
                <word>power</word>
                <word>quotename</word>
                <word>radians</word>
                <word>rand</word>
                <word>replace</word>
                <word>replicate</word>
                <word>reverse</word>
                <word>right</word>
                <word>round</word>
                <word>rowcount_big</word>
                <word>rtrim</word>
                <word>scope_identity</word>
                <word>serverproperty</word>
                <word>sessionproperty</word>
                <word>session_user</word>
                <word>sign</word>
                <word>sin</word>
                <word>soundex</word>
                <word>space</word>
                <word>sqare</word>
                <word>sql_variant_property</word>
                <word>sqrt</word>
                <word>stats_date</word>
                <word>stdev</word>
                <word>stdevp</word>
                <word>str</word>
                <word>stuff</word>
                <word>substring</word>
                <word>sum</word>
                <word>suser_sid</word>
                <word>suser_sname</word>
                <word>system_user</word>
                <word>tan</word>
                <word>typeproperty</word>
                <word>unicode</word>
                <word>upper</word>
                <word>user_id</word>
                <word>user_name</word>
                <word>var</word>
                <word>varp</word>
                <word>year</word>
              </ResWords>
            </ResWordSet>
          </ResWordSets>
          <Expressions>
            <string>[a-zA-Z_][a-zA-Z0-9_]*</string>
            <string>\[.*\]</string>
          </Expressions>
          <Index>0</Index>
        </SyntaxBlock>
        <SyntaxBlock>
          <Name>comments1</Name>
          <LexStyle>8</LexStyle>
          <LeaveState>0</LeaveState>
          <Expressions>
            <string>--.*</string>
          </Expressions>
          <Index>1</Index>
        </SyntaxBlock>
        <SyntaxBlock>
          <Name>comments2</Name>
          <LexStyle>8</LexStyle>
          <LeaveState>1</LeaveState>
          <Expressions>
            <string>/\*</string>
          </Expressions>
          <Index>2</Index>
        </SyntaxBlock>
        <SyntaxBlock>
          <Name>numbers</Name>
          <LexStyle>1</LexStyle>
          <LeaveState>0</LeaveState>
          <Expressions>
            <string>([0-9]+)</string>
          </Expressions>
          <Index>3</Index>
        </SyntaxBlock>
        <SyntaxBlock>
          <Name>strings</Name>
          <LexStyle>10</LexStyle>
          <LeaveState>0</LeaveState>
          <Expressions>
            <string>("")|"((((\\")|("")|[^"])*")|(((\\")|("")|[^"])*))</string>
            <string>('')|'((((\\')|('')|[^'])*')|(((\\')|('')|[^'])*))</string>
          </Expressions>
          <Index>4</Index>
        </SyntaxBlock>
        <SyntaxBlock>
          <Name>whitespace</Name>
          <LexStyle>9</LexStyle>
          <LeaveState>0</LeaveState>
          <Expressions>
            <string>(\s)+</string>
          </Expressions>
          <Index>5</Index>
        </SyntaxBlock>
        <SyntaxBlock>
          <Name>servervariables</Name>
          <LexStyle>11</LexStyle>
          <LeaveState>0</LeaveState>
          <Expressions>
            <string>(@@[a-zA-Z]+[a-zA-Z0-9]*)</string>
          </Expressions>
          <Index>6</Index>
        </SyntaxBlock>
        <SyntaxBlock>
          <Name>variables</Name>
          <LexStyle>12</LexStyle>
          <LeaveState>0</LeaveState>
          <Expressions>
            <string>(@[a-zA-Z]+[a-zA-Z0-9]*)</string>
          </Expressions>
          <Index>7</Index>
        </SyntaxBlock>
      </SyntaxBlocks>
      <Index>0</Index>
    </State>
    <State>
      <Name>comment</Name>
      <CaseSensitive>false</CaseSensitive>
      <SyntaxBlocks>
        <SyntaxBlock>
          <Name>comment21</Name>
          <LexStyle>8</LexStyle>
          <LeaveState>0</LeaveState>
          <Expressions>
            <string>\*/</string>
          </Expressions>
          <Index>0</Index>
        </SyntaxBlock>
        <SyntaxBlock>
          <Name>comment22</Name>
          <LexStyle>8</LexStyle>
          <LeaveState>1</LeaveState>
          <Expressions>
            <string>((?!\*/).)+</string>
          </Expressions>
          <Index>1</Index>
        </SyntaxBlock>
      </SyntaxBlocks>
      <Index>1</Index>
    </State>
  </States>
</LexScheme>