<?xml version="1.0" encoding="utf-8"?>
<LexScheme xmlns:xsi="http://www.w3.org/2001/XMLSchema-instance" xsi:noNamespaceSchemaLocation="scheme.xsd">
  <Author>AlterNET Software</Author>
  <Name>Progress</Name>
  <Desc>Syntax Scheme for Progress Language</Desc>
  <Copyright>Copyright AlterNET Software, 2016-2019</Copyright>
  <FileExtension></FileExtension>
  <FileType>progress</FileType>
  <Version>1.5</Version>
  <Styles>
    <Style>
      <Name>idents</Name>
      <ForeColor>ControlText</ForeColor>
      <Index>0</Index>
    </Style>
    <Style>
      <Name>numbers</Name>
      <ForeColor>ControlText</ForeColor>
      <Index>1</Index>
    </Style>
    <Style>
      <Name>reswords</Name>
      <ForeColor>Blue</ForeColor>
      <Index>2</Index>
    </Style>
    <Style>
      <Name>comments</Name>
      <ForeColor>Green</ForeColor>
      <Index>3</Index>
      <PlainText>true</PlainText>
    </Style>
    <Style>
      <Name>nested_comments</Name>
      <ForeColor>Silver</ForeColor>
      <Index>4</Index>
      <PlainText>true</PlainText>
    </Style>
    <Style>
      <Name>whitespace</Name>
      <Index>5</Index>
    </Style>
    <Style>
      <Name>strings</Name>
      <ForeColor>ControlText</ForeColor>
      <Index>6</Index>
    </Style>
  </Styles>
  <States>
    <State>
      <Name>normal</Name>
      <CaseSensitive>false</CaseSensitive>
      <SyntaxBlocks>
        <SyntaxBlock>
          <Name>ident</Name>
          <LexStyle>0</LexStyle>
          <LeaveState>0</LeaveState>
          <ResWordSets>
            <ResWordSet>
              <Name />
              <Index>0</Index>
              <ResWordStyle>2</ResWordStyle>
              <ResWords>
                <word>&amp;batch</word>
                <word>&amp;batch-mode</word>
                <word>&amp;else</word>
                <word>&amp;elseif</word>
                <word>&amp;endif</word>
                <word>&amp;file-name</word>
                <word>&amp;glob</word>
                <word>&amp;global-define</word>
                <word>&amp;if</word>
                <word>&amp;line-numbe</word>
                <word>&amp;line-number</word>
                <word>&amp;message</word>
                <word>&amp;opsys</word>
                <word>&amp;scop</word>
                <word>&amp;scoped-define</word>
                <word>&amp;sequence</word>
                <word>&amp;then</word>
                <word>&amp;undef</word>
                <word>&amp;undefine</word>
                <word>&amp;webstream</word>
                <word>&amp;window-sys</word>
                <word>&amp;window-system</word>
                <word>abs</word>
                <word>absolute</word>
                <word>accelerator</word>
                <word>accum</word>
                <word>accumulate</word>
                <word>active-window</word>
                <word>add</word>
                <word>add-buffer</word>
                <word>add-calc-column</word>
                <word>add-columns-from</word>
                <word>add-events-procedure</word>
                <word>add-fields-from</word>
                <word>add-first</word>
                <word>add-index-field</word>
                <word>add-last</word>
                <word>add-like-column</word>
                <word>add-like-field</word>
                <word>add-like-index</word>
                <word>add-new-field</word>
                <word>add-new-index</word>
                <word>add-super-procedure</word>
                <word>adm-data</word>
                <word>advise</word>
                <word>alert-box</word>
                <word>alias</word>
                <word>all</word>
                <word>allow-column-searching</word>
                <word>alter</word>
                <word>always-on-top</word>
                <word>ambig</word>
                <word>ambiguous</word>
                <word>and</word>
                <word>ansi-only</word>
                <word>any</word>
                <word>anywhere</word>
                <word>append</word>
                <word>appl-alert</word>
                <word>appl-alert-boxes</word>
                <word>application</word>
                <word>apply</word>
                <word>appserver-info</word>
                <word>appserver-password</word>
                <word>appserver-userid</word>
                <word>array-message</word>
                <word>as</word>
                <word>asc</word>
                <word>ascending</word>
                <word>ask-overwrite</word>
                <word>assign</word>
                <word>at</word>
                <word>attr</word>
                <word>attr-space</word>
                <word>authorization</word>
                <word>auto-comp</word>
                <word>auto-completion</word>
                <word>auto-end-key</word>
                <word>auto-endkey</word>
                <word>auto-go</word>
                <word>auto-ind</word>
                <word>auto-indent</word>
                <word>auto-resize</word>
                <word>auto-ret</word>
                <word>auto-return</word>
                <word>auto-z</word>
                <word>auto-zap</word>
                <word>automatic</word>
                <word>avail</word>
                <word>available</word>
                <word>available-formats</word>
                <word>ave</word>
                <word>average</word>
                <word>avg</word>
                <word>back</word>
                <word>background</word>
                <word>backward</word>
                <word>backwards</word>
                <word>base-key</word>
                <word>batch</word>
                <word>batch-mode</word>
                <word>before-h</word>
                <word>before-hide</word>
                <word>begins</word>
                <word>bell</word>
                <word>between</word>
                <word>bgc</word>
                <word>bgcolor</word>
                <word>binary</word>
                <word>bind-where</word>
                <word>blank</word>
                <word>block-iteration-</word>
                <word>border-</word>
                <word>border-b</word>
                <word>border-bottom-chars</word>
                <word>border-bottom-pixels</word>
                <word>border-l</word>
                <word>border-left-chars</word>
                <word>border-left-p</word>
                <word>border-left-pixels</word>
                <word>border-r</word>
                <word>border-right-chars</word>
                <word>border-right-p</word>
                <word>border-right-pixels</word>
                <word>border-t</word>
                <word>border-top-chars</word>
                <word>border-top-p</word>
                <word>border-top-pixels</word>
                <word>bottom-p</word>
                <word>bound</word>
                <word>bound-request</word>
                <word>box</word>
                <word>box-select</word>
                <word>box-selectable</word>
                <word>break</word>
                <word>browse</word>
                <word>buffer</word>
                <word>buffer-chars</word>
                <word>buffer-compare</word>
                <word>buffer-copy</word>
                <word>buffer-create</word>
                <word>buffer-delete</word>
                <word>buffer-field</word>
                <word>buffer-handle</word>
                <word>buffer-lines</word>
                <word>buffer-name</word>
                <word>buffer-release</word>
                <word>buffer-value</word>
                <word>button</word>
                <word>buttons</word>
                <word>by</word>
                <word>by-pointer</word>
                <word>by-variant-pointer</word>
                <word>cache</word>
                <word>cache-size</word>
                <word>call</word>
                <word>can-create</word>
                <word>can-delete</word>
                <word>can-do</word>
                <word>can-find</word>
                <word>can-query</word>
                <word>can-read</word>
                <word>can-set</word>
                <word>can-write</word>
                <word>cancel-break</word>
                <word>cancel-button</word>
                <word>caps</word>
                <word>careful-paint</word>
                <word>case</word>
                <word>case-sen</word>
                <word>case-sensitive</word>
                <word>cdecl</word>
                <word>center</word>
                <word>centered</word>
                <word>chained</word>
                <word>char</word>
                <word>character</word>
                <word>character_length</word>
                <word>chars</word>
                <word>charset</word>
                <word>check</word>
                <word>checked</word>
                <word>choose</word>
                <word>chr</word>
                <word>clear</word>
                <word>clear-select</word>
                <word>clear-selection</word>
                <word>client-connection-id</word>
                <word>client-type</word>
                <word>clipboard</word>
                <word>close</word>
                <word>code</word>
                <word>codebase-locator</word>
                <word>codepage</word>
                <word>codepage-convert</word>
                <word>col</word>
                <word>col-of</word>
                <word>collate</word>
                <word>colon</word>
                <word>colon-align</word>
                <word>colon-aligned</word>
                <word>color</word>
                <word>color-table</word>
                <word>column</word>
                <word>column-bgcolor</word>
                <word>column-dcolor</word>
                <word>column-fgcolor</word>
                <word>column-font</word>
                <word>column-lab</word>
                <word>column-label</word>
                <word>column-movable</word>
                <word>column-of</word>
                <word>column-pfcolor</word>
                <word>column-read-only</word>
                <word>column-resizable</word>
                <word>column-scrolling</word>
                <word>columns</word>
                <word>com-handle</word>
                <word>com-self</word>
                <word>combo-box</word>
                <word>command</word>
                <word>compares</word>
                <word>compile</word>
                <word>compiler</word>
                <word>complete</word>
                <word>config-name</word>
                <word>connect</word>
                <word>connected</word>
                <word>connection</word>
                <word>contains</word>
                <word>contents</word>
                <word>context</word>
                <word>context-help</word>
                <word>context-help-file</word>
                <word>context-help-id</word>
                <word>context-popup</word>
                <word>control</word>
                <word>control-box</word>
                <word>control-frame</word>
                <word>convert</word>
                <word>convert-3d-colors</word>
                <word>convert-to-</word>
                <word>convert-to-offset</word>
                <word>count</word>
                <word>count-of</word>
                <word>cpcase</word>
                <word>cpcoll</word>
                <word>cpinternal</word>
                <word>cplog</word>
                <word>cpprint</word>
                <word>cprcodein</word>
                <word>cprcodeout</word>
                <word>cpstream</word>
                <word>cpterm</word>
                <word>crc-value</word>
                <word>create</word>
                <word>create-like</word>
                <word>create-node-namespace</word>
                <word>create-result-list-entry</word>
                <word>create-test-file</word>
                <word>current</word>
                <word>current-changed</word>
                <word>current-column</word>
                <word>current-env</word>
                <word>current-environment</word>
                <word>current-iteration</word>
                <word>current-lang</word>
                <word>current-language</word>
                <word>current-result-row</word>
                <word>current-row-modified</word>
                <word>current-value</word>
                <word>current-window</word>
                <word>current_date</word>
                <word>curs</word>
                <word>cursor</word>
                <word>cursor-char</word>
                <word>cursor-line</word>
                <word>cursor-offset</word>
                <word>data-bind</word>
                <word>data-entry-</word>
                <word>data-entry-return</word>
                <word>data-t</word>
                <word>data-type</word>
                <word>database</word>
                <word>dataservers</word>
                <word>date</word>
                <word>date-f</word>
                <word>date-format</word>
                <word>day</word>
                <word>db-references</word>
                <word>dbcodepage</word>
                <word>dbcollation</word>
                <word>dbname</word>
                <word>dbparam</word>
                <word>dbrest</word>
                <word>dbrestrictions</word>
                <word>dbtaskid</word>
                <word>dbtype</word>
                <word>dbvers</word>
                <word>dbversion</word>
                <word>dcolor</word>
                <word>dde</word>
                <word>dde-error</word>
                <word>dde-i</word>
                <word>dde-id</word>
                <word>dde-item</word>
                <word>dde-name</word>
                <word>dde-topic</word>
                <word>deblank</word>
                <word>debu</word>
                <word>debug</word>
                <word>debug-alert</word>
                <word>debug-list</word>
                <word>debugger</word>
                <word>dec</word>
                <word>decimal</word>
                <word>decimals</word>
                <word>declare</word>
                <word>def</word>
                <word>default</word>
                <word>default-buffer-handle</word>
                <word>default-button</word>
                <word>default-commit</word>
                <word>default-ex</word>
                <word>default-extension</word>
                <word>default-window</word>
                <word>defaut-b</word>
                <word>define</word>
                <word>defined</word>
                <word>delete</word>
                <word>delete-char</word>
                <word>delete-current-row</word>
                <word>delete-line</word>
                <word>delete-result-list-</word>
                <word>delete-selected-row</word>
                <word>delete-selected-rows</word>
                <word>delete procedure</word>
                <word>delimiter</word>
                <word>desc</word>
                <word>descending</word>
                <word>deselect-focused-row</word>
                <word>deselect-rows</word>
                <word>deselect-selected-</word>
                <word>deselection</word>
                <word>dialog-box</word>
                <word>dict</word>
                <word>dictionary</word>
                <word>dir</word>
                <word>disable</word>
                <word>disable-auto-zap</word>
                <word>disabled</word>
                <word>discon</word>
                <word>disconnect</word>
                <word>disp</word>
                <word>display</word>
                <word>display-message</word>
                <word>display-t</word>
                <word>display-type</word>
                <word>distinct</word>
                <word>do</word>
                <word>dos</word>
                <word>double</word>
                <word>down</word>
                <word>drag-enabled</word>
                <word>drop</word>
                <word>drop-down</word>
                <word>drop-down-list</word>
                <word>drop-file-notify</word>
                <word>drop-target</word>
                <word>dump</word>
                <word>dynamic</word>
                <word>dynamic-function</word>
                <word>each</word>
                <word>echo</word>
                <word>edge</word>
                <word>edge-chars</word>
                <word>edge-p</word>
                <word>edge-pixels</word>
                <word>edit-can-paste</word>
                <word>edit-can-undo</word>
                <word>edit-clear</word>
                <word>edit-copy</word>
                <word>edit-cut</word>
                <word>edit-paste</word>
                <word>edit-undo</word>
                <word>editing</word>
                <word>editor</word>
                <word>else</word>
                <word>empty</word>
                <word>empty-temp-table</word>
                <word>enable</word>
                <word>encode</word>
                <word>end</word>
                <word>end-file-drop</word>
                <word>end-key</word>
                <word>end-move</word>
                <word>end-resize</word>
                <word>end-row-resize</word>
                <word>end-user-prompt</word>
                <word>endkey</word>
                <word>entered</word>
                <word>entry</word>
                <word>eq</word>
                <word>error</word>
                <word>error-col</word>
                <word>error-column</word>
                <word>error-row</word>
                <word>error-stat</word>
                <word>error-status</word>
                <word>escape</word>
                <word>etime</word>
                <word>event</word>
                <word>event-t</word>
                <word>event-type</word>
                <word>events</word>
                <word>except</word>
                <word>exclusive</word>
                <word>exclusive-id</word>
                <word>exclusive-lock</word>
                <word>exclusive-web-user</word>
                <word>execute</word>
                <word>exists</word>
                <word>exp</word>
                <word>expand</word>
                <word>expandable</word>
                <word>explicit</word>
                <word>export</word>
                <word>extended</word>
                <word>extent</word>
                <word>external</word>
                <word>false</word>
                <word>fetch</word>
                <word>fetch-selected-row</word>
                <word>fgc</word>
                <word>fgcolor</word>
                <word>field</word>
                <word>fields</word>
                <word>file</word>
                <word>file-create-date</word>
                <word>file-create-time</word>
                <word>file-info</word>
                <word>file-information</word>
                <word>file-mod-date</word>
                <word>file-mod-time</word>
                <word>file-name</word>
                <word>file-off</word>
                <word>file-offset</word>
                <word>file-size</word>
                <word>file-type</word>
                <word>filename</word>
                <word>fill</word>
                <word>fill-in</word>
                <word>filled</word>
                <word>filters</word>
                <word>find</word>
                <word>find-by-rowid</word>
                <word>find-case-sensitive</word>
                <word>find-global</word>
                <word>find-next-occurence</word>
                <word>find-prev-occurence</word>
                <word>find-select</word>
                <word>find-wrap-around</word>
                <word>finder</word>
                <word>first</word>
                <word>first-asynch-request</word>
                <word>first-child</word>
                <word>first-column</word>
                <word>first-of</word>
                <word>first-proc</word>
                <word>first-procedure</word>
                <word>first-server</word>
                <word>first-tab-i</word>
                <word>first-tab-item</word>
                <word>fixed-only</word>
                <word>flat-button</word>
                <word>float</word>
                <word>focus</word>
                <word>focused-row</word>
                <word>focused-row-selected</word>
                <word>font</word>
                <word>font-table</word>
                <word>for</word>
                <word>force-file</word>
                <word>fore</word>
                <word>foreground</word>
                <word>form</word>
                <word>form input</word>
                <word>format</word>
                <word>forward</word>
                <word>forwards</word>
                <word>fram</word>
                <word>frame</word>
                <word>frame-col</word>
                <word>frame-db</word>
                <word>frame-down</word>
                <word>frame-field</word>
                <word>frame-file</word>
                <word>frame-inde</word>
                <word>frame-index</word>
                <word>frame-line</word>
                <word>frame-name</word>
                <word>frame-row</word>
                <word>frame-spa</word>
                <word>frame-spacing</word>
                <word>frame-val</word>
                <word>frame-value</word>
                <word>frame-x</word>
                <word>frame-y</word>
                <word>frequency</word>
                <word>from</word>
                <word>from-cur</word>
                <word>from-current</word>
                <word>full-height</word>
                <word>full-height-chars</word>
                <word>full-height-p</word>
                <word>full-height-pixels</word>
                <word>full-pathn</word>
                <word>full-pathname</word>
                <word>full-width</word>
                <word>full-width-chars</word>
                <word>full-width-p</word>
                <word>full-width-pixels</word>
                <word>function</word>
                <word>gateway</word>
                <word>gateways</word>
                <word>ge</word>
                <word>generate-md5</word>
                <word>get</word>
                <word>get-attribute-node</word>
                <word>get-blue</word>
                <word>get-blue-value</word>
                <word>get-browse-column</word>
                <word>get-buffer-handle</word>
                <word>get-byte</word>
                <word>get-cgi-list</word>
                <word>get-cgi-value</word>
                <word>get-codepages</word>
                <word>get-collations</word>
                <word>get-config-value</word>
                <word>get-current</word>
                <word>get-double</word>
                <word>get-dropped-file</word>
                <word>get-dynamic</word>
                <word>get-file</word>
                <word>get-first</word>
                <word>get-float</word>
                <word>get-green</word>
                <word>get-green-value</word>
                <word>get-iteration</word>
                <word>get-key-val</word>
                <word>get-key-value</word>
                <word>get-last</word>
                <word>get-long</word>
                <word>get-message</word>
                <word>get-next</word>
                <word>get-number</word>
                <word>get-pointer-value</word>
                <word>get-prev</word>
                <word>get-printers</word>
                <word>get-red</word>
                <word>get-red-value</word>
                <word>get-repositioned-row</word>
                <word>get-rgb-value</word>
                <word>get-selected</word>
                <word>get-selected-widget</word>
                <word>get-short</word>
                <word>get-signature</word>
                <word>get-size</word>
                <word>get-string</word>
                <word>get-tab-item</word>
                <word>get-text-</word>
                <word>get-text-height-chars</word>
                <word>get-text-height-pixels</word>
                <word>get-text-width-chars</word>
                <word>get-text-width-pixels</word>
                <word>get-unsigned-short</word>
                <word>get-wait-state</word>
                <word>getbyte</word>
                <word>global</word>
                <word>go-on</word>
                <word>go-pend</word>
                <word>go-pending</word>
                <word>grant</word>
                <word>graphic-e</word>
                <word>graphic-edge</word>
                <word>grid-factor-h</word>
                <word>grid-factor-horizontal</word>
                <word>grid-factor-v</word>
                <word>grid-factor-vertical</word>
                <word>grid-snap</word>
                <word>grid-unit-</word>
                <word>grid-unit-height-</word>
                <word>grid-unit-width-chars</word>
                <word>grid-unit-width-pixels</word>
                <word>grid-visible</word>
                <word>group</word>
                <word>gt</word>
                <word>handle</word>
                <word>has-records</word>
                <word>having</word>
                <word>header</word>
                <word>height</word>
                <word>height-chars</word>
                <word>height-p</word>
                <word>height-pixels</word>
                <word>help</word>
                <word>hidden</word>
                <word>hide</word>
                <word>hori</word>
                <word>horizontal</word>
                <word>html-end-of-line</word>
                <word>html-end-of-page</word>
                <word>html-frame-begin</word>
                <word>html-frame-end</word>
                <word>html-header-begin</word>
                <word>html-header-end</word>
                <word>html-title-begin</word>
                <word>html-title-end</word>
                <word>hwnd</word>
                <word>icon</word>
                <word>id</word>
                <word>if</word>
                <word>image</word>
                <word>image-down</word>
                <word>image-insensitive</word>
                <word>image-size</word>
                <word>image-size-c</word>
                <word>image-size-chars</word>
                <word>image-size-p</word>
                <word>image-size-pixels</word>
                <word>image-up</word>
                <word>immediate-display</word>
                <word>import</word>
                <word>in</word>
                <word>increment-exclusive-</word>
                <word>index</word>
                <word>index-hint</word>
                <word>index-information</word>
                <word>indexed-reposition</word>
                <word>indicator</word>
                <word>info</word>
                <word>information</word>
                <word>init</word>
                <word>initial</word>
                <word>initial-dir</word>
                <word>initial-filter</word>
                <word>initialize-document-type</word>
                <word>initiate</word>
                <word>inner-chars</word>
                <word>inner-lines</word>
                <word>input</word>
                <word>input-o</word>
                <word>input-output</word>
                <word>insert</word>
                <word>insert-b</word>
                <word>insert-backtab</word>
                <word>insert-file</word>
                <word>insert-row</word>
                <word>insert-string</word>
                <word>insert-t</word>
                <word>insert-tab</word>
                <word>int</word>
                <word>integer</word>
                <word>internal-entries</word>
                <word>interval</word>
                <word>into</word>
                <word>is</word>
                <word>is-attr</word>
                <word>is-attr-space</word>
                <word>is-lead-byte</word>
                <word>is-open</word>
                <word>is-row-selected</word>
                <word>is-selected</word>
                <word>item</word>
                <word>items-per-row</word>
                <word>join-by-sqldb</word>
                <word>kblabel</word>
                <word>keep-connection-open</word>
                <word>keep-frame-z</word>
                <word>keep-frame-z-order</word>
                <word>keep-messages</word>
                <word>keep-security-cache</word>
                <word>keep-tab-order</word>
                <word>key</word>
                <word>key-code</word>
                <word>key-func</word>
                <word>key-function</word>
                <word>key-label</word>
                <word>keycode</word>
                <word>keyfunc</word>
                <word>keyfunction</word>
                <word>keylabel</word>
                <word>keys</word>
                <word>keyword</word>
                <word>keyword-all</word>
                <word>label</word>
                <word>label-bgc</word>
                <word>label-bgcolor</word>
                <word>label-dc</word>
                <word>label-dcolor</word>
                <word>label-fgc</word>
                <word>label-fgcolor</word>
                <word>label-font</word>
                <word>label-pfc</word>
                <word>label-pfcolor</word>
                <word>labels</word>
                <word>landscape</word>
                <word>language</word>
                <word>languages</word>
                <word>large</word>
                <word>large-to-small</word>
                <word>last</word>
                <word>last-asynch-request</word>
                <word>last-child</word>
                <word>last-even</word>
                <word>last-event</word>
                <word>last-key</word>
                <word>last-of</word>
                <word>last-proce</word>
                <word>last-procedure</word>
                <word>last-server</word>
                <word>last-tab-i</word>
                <word>last-tab-item</word>
                <word>lastkey</word>
                <word>lc</word>
                <word>ldbname</word>
                <word>le</word>
                <word>leave</word>
                <word>left-align</word>
                <word>left-aligned</word>
                <word>left-trim</word>
                <word>length</word>
                <word>library</word>
                <word>like</word>
                <word>line</word>
                <word>line-count</word>
                <word>line-counter</word>
                <word>list-events</word>
                <word>list-item-pairs</word>
                <word>list-items</word>
                <word>list-query-attrs</word>
                <word>list-set-attrs</word>
                <word>list-widgets</word>
                <word>listi</word>
                <word>listing</word>
                <word>load</word>
                <word>load-icon</word>
                <word>load-image</word>
                <word>load-image-down</word>
                <word>load-image-insensitive</word>
                <word>load-image-up</word>
                <word>load-mouse-p</word>
                <word>load-mouse-pointer</word>
                <word>load-picture</word>
                <word>load-small-icon</word>
                <word>local-name</word>
                <word>locator-type</word>
                <word>locked</word>
                <word>log</word>
                <word>logical</word>
                <word>lookahead</word>
                <word>lookup</word>
                <word>lt</word>
                <word>mandatory</word>
                <word>manual-highlight</word>
                <word>map</word>
                <word>margin-</word>
                <word>margin-extra</word>
                <word>margin-height</word>
                <word>margin-height-chars</word>
                <word>margin-height-pixels</word>
                <word>margin-width</word>
                <word>margin-width-chars</word>
                <word>margin-width-pixels</word>
                <word>matches</word>
                <word>max</word>
                <word>max-button</word>
                <word>max-chars</word>
                <word>max-data-guess</word>
                <word>max-height</word>
                <word>max-height-c</word>
                <word>max-height-chars</word>
                <word>max-height-p</word>
                <word>max-height-pixels</word>
                <word>max-rows</word>
                <word>max-size</word>
                <word>max-val</word>
                <word>max-value</word>
                <word>max-width</word>
                <word>max-width-chars</word>
                <word>max-width-p</word>
                <word>max-width-pixels</word>
                <word>maxim</word>
                <word>maximize</word>
                <word>maximum</word>
                <word>member</word>
                <word>menu</word>
                <word>menu-bar</word>
                <word>menu-item</word>
                <word>menu-k</word>
                <word>menu-key</word>
                <word>menu-m</word>
                <word>menu-mouse</word>
                <word>menubar</word>
                <word>message</word>
                <word>message-area</word>
                <word>message-area-font</word>
                <word>message-lines</word>
                <word>min</word>
                <word>min-button</word>
                <word>min-height</word>
                <word>min-height-chars</word>
                <word>min-height-p</word>
                <word>min-height-pixels</word>
                <word>min-size</word>
                <word>min-val</word>
                <word>min-value</word>
                <word>min-width</word>
                <word>min-width-chars</word>
                <word>min-width-p</word>
                <word>min-width-pixels</word>
                <word>minimum</word>
                <word>mod</word>
                <word>mode</word>
                <word>modified</word>
                <word>modulo</word>
                <word>month</word>
                <word>mouse-p</word>
                <word>mouse-pointer</word>
                <word>movable</word>
                <word>move-after</word>
                <word>move-after-tab-item</word>
                <word>move-befor</word>
                <word>move-before-tab-item</word>
                <word>move-col</word>
                <word>move-column</word>
                <word>move-to-b</word>
                <word>move-to-bottom</word>
                <word>move-to-eof</word>
                <word>move-to-t</word>
                <word>move-to-top</word>
                <word>multiple</word>
                <word>multiple-key</word>
                <word>multitasking-</word>
                <word>must-exist</word>
                <word>name</word>
                <word>namespace-prefix</word>
                <word>namespace-uri</word>
                <word>native</word>
                <word>ne</word>
                <word>needs-appserver-prompt</word>
                <word>needs-prompt</word>
                <word>new</word>
                <word>new-row</word>
                <word>next</word>
                <word>next-column</word>
                <word>next-prompt</word>
                <word>next-sibling</word>
                <word>next-tab-i</word>
                <word>next-tab-item</word>
                <word>next-value</word>
                <word>no</word>
                <word>no-apply</word>
                <word>no-array-message</word>
                <word>no-assign</word>
                <word>no-attr</word>
                <word>no-attr-list</word>
                <word>no-attr-space</word>
                <word>no-auto-validate</word>
                <word>no-bind-where</word>
                <word>no-box</word>
                <word>no-console</word>
                <word>no-convert</word>
                <word>no-convert-3d-colors</word>
                <word>no-current-value</word>
                <word>no-debug</word>
                <word>no-drag</word>
                <word>no-echo</word>
                <word>no-error</word>
                <word>no-f</word>
                <word>no-fill</word>
                <word>no-focus</word>
                <word>no-help</word>
                <word>no-hide</word>
                <word>no-index-hint</word>
                <word>no-join-by-sqldb</word>
                <word>no-label</word>
                <word>no-labels</word>
                <word>no-lock</word>
                <word>no-lookahead</word>
                <word>no-map</word>
                <word>no-mes</word>
                <word>no-message</word>
                <word>no-pause</word>
                <word>no-prefe</word>
                <word>no-prefetch</word>
                <word>no-row-markers</word>
                <word>no-scrollbar-</word>
                <word>no-separate-</word>
                <word>no-separators</word>
                <word>no-tab-stop</word>
                <word>no-und</word>
                <word>no-underline</word>
                <word>no-undo</word>
                <word>no-val</word>
                <word>no-validate</word>
                <word>no-wait</word>
                <word>no-word-wrap</word>
                <word>none</word>
                <word>normalize</word>
                <word>not</word>
                <word>null</word>
                <word>num-ali</word>
                <word>num-aliases</word>
                <word>num-buffers</word>
                <word>num-but</word>
                <word>num-buttons</word>
                <word>num-col</word>
                <word>num-columns</word>
                <word>num-copies</word>
                <word>num-dbs</word>
                <word>num-dropped-files</word>
                <word>num-entries</word>
                <word>num-fields</word>
                <word>num-formats</word>
                <word>num-items</word>
                <word>num-iterations</word>
                <word>num-lines</word>
                <word>num-locked-</word>
                <word>num-locked-columns</word>
                <word>num-messages</word>
                <word>num-replaced</word>
                <word>num-results</word>
                <word>num-selected</word>
                <word>num-selected-rows</word>
                <word>num-selected-widgets</word>
                <word>num-tabs</word>
                <word>num-to-retain</word>
                <word>num-visible-columns</word>
                <word>numeric</word>
                <word>numeric-f</word>
                <word>numeric-format</word>
                <word>octet-length</word>
                <word>of</word>
                <word>off</word>
                <word>offs</word>
                <word>ok</word>
                <word>ok-cancel</word>
                <word>old</word>
                <word>on</word>
                <word>on-frame</word>
                <word>on-frame-border</word>
                <word>open</word>
                <word>opsys</word>
                <word>option</word>
                <word>or</word>
                <word>ordered-join</word>
                <word>ordinal</word>
                <word>os-append</word>
                <word>os-command</word>
                <word>os-copy</word>
                <word>os-create-dir</word>
                <word>os-delete</word>
                <word>os-dir</word>
                <word>os-drive</word>
                <word>os-drives</word>
                <word>os-error</word>
                <word>os-getenv</word>
                <word>os-rename</word>
                <word>otherwise</word>
                <word>output</word>
                <word>overlay</word>
                <word>override</word>
                <word>owner</word>
                <word>page</word>
                <word>page-bot</word>
                <word>page-bottom</word>
                <word>page-num</word>
                <word>page-number</word>
                <word>page-size</word>
                <word>page-top</word>
                <word>page-wid</word>
                <word>page-width</word>
                <word>paged</word>
                <word>param</word>
                <word>parameter</word>
                <word>parent</word>
                <word>partial-key</word>
                <word>pascal</word>
                <word>pathname</word>
                <word>pause</word>
                <word>pdbname</word>
                <word>persist</word>
                <word>persistent</word>
                <word>persistent-cache-disabled</word>
                <word>pfc</word>
                <word>pfcolor</word>
                <word>pixels</word>
                <word>pixels-per-col</word>
                <word>pixels-per-column</word>
                <word>pixels-per-row</word>
                <word>popup-m</word>
                <word>popup-menu</word>
                <word>popup-o</word>
                <word>popup-only</word>
                <word>portrait</word>
                <word>position</word>
                <word>precision</word>
                <word>prepare-string</word>
                <word>prepared</word>
                <word>preproc</word>
                <word>preprocess</word>
                <word>presel</word>
                <word>preselect</word>
                <word>prev</word>
                <word>prev-column</word>
                <word>prev-sibling</word>
                <word>prev-tab-i</word>
                <word>prev-tab-item</word>
                <word>primary</word>
                <word>printer</word>
                <word>printer-control-</word>
                <word>printer-hdc</word>
                <word>printer-name</word>
                <word>printer-port</word>
                <word>printer-setup</word>
                <word>private</word>
                <word>private-d</word>
                <word>private-data</word>
                <word>privileges</word>
                <word>proc-ha</word>
                <word>proc-handle</word>
                <word>proc-st</word>
                <word>proc-status</word>
                <word>proc-text</word>
                <word>proc-text-buffer</word>
                <word>proce</word>
                <word>procedure</word>
                <word>process</word>
                <word>program-name</word>
                <word>progress</word>
                <word>progress-s</word>
                <word>progress-source</word>
                <word>prompt</word>
                <word>prompt-f</word>
                <word>prompt-for</word>
                <word>promsgs</word>
                <word>propath</word>
                <word>provers</word>
                <word>proversion</word>
                <word>proxy</word>
                <word>public-id</word>
                <word>publish</word>
                <word>published-events</word>
                <word>put</word>
                <word>put-byte</word>
                <word>put-double</word>
                <word>put-float</word>
                <word>put-key-val</word>
                <word>put-key-value</word>
                <word>put-long</word>
                <word>put-short</word>
                <word>put-string</word>
                <word>putbyte</word>
                <word>query</word>
                <word>query-close</word>
                <word>query-off-end</word>
                <word>query-open</word>
                <word>query-prepare</word>
                <word>query-tuning</word>
                <word>question</word>
                <word>quit</word>
                <word>r-index</word>
                <word>radio-buttons</word>
                <word>radio-set</word>
                <word>random</word>
                <word>raw</word>
                <word>raw-transfer</word>
                <word>rcode-info</word>
                <word>rcode-information</word>
                <word>read-file</word>
                <word>read-only</word>
                <word>readkey</word>
                <word>real</word>
                <word>recid</word>
                <word>record-length</word>
                <word>rect</word>
                <word>rectangle</word>
                <word>recursive</word>
                <word>refresh</word>
                <word>refreshable</word>
                <word>release</word>
                <word>remote</word>
                <word>remove-events-</word>
                <word>remove-super-</word>
                <word>repeat</word>
                <word>replace</word>
                <word>replace-selection-</word>
                <word>reposition</word>
                <word>reposition-backward</word>
                <word>reposition-forward</word>
                <word>reposition-to-row</word>
                <word>reposition-to-rowid</word>
                <word>request</word>
                <word>resiza</word>
                <word>resizable</word>
                <word>resize</word>
                <word>ret</word>
                <word>retain</word>
                <word>retain-shape</word>
                <word>retry</word>
                <word>retry-cancel</word>
                <word>return</word>
                <word>return-align</word>
                <word>return-ins</word>
                <word>return-inserted</word>
                <word>return-to-</word>
                <word>return-to-start-dir</word>
                <word>return-val</word>
                <word>return-value</word>
                <word>returns</word>
                <word>reverse-from</word>
                <word>revert</word>
                <word>revoke</word>
                <word>rgb-value</word>
                <word>right-aligned</word>
                <word>right-trim</word>
                <word>round</word>
                <word>row</word>
                <word>row-height-chars</word>
                <word>row-height-pixels</word>
                <word>row-markers</word>
                <word>row-of</word>
                <word>row-pos</word>
                <word>row-resizable</word>
                <word>rowid</word>
                <word>rule</word>
                <word>rule-row</word>
                <word>rule-y</word>
                <word>run</word>
                <word>run-procedure</word>
                <word>save</word>
                <word>save-as</word>
                <word>save-file</word>
                <word>save cache</word>
                <word>schema</word>
                <word>screen</word>
                <word>screen-io</word>
                <word>screen-lines</word>
                <word>screen-val</word>
                <word>screen-value</word>
                <word>scroll</word>
                <word>scroll-bars</word>
                <word>scroll-delta</word>
                <word>scroll-offset</word>
                <word>scroll-to-current-</word>
                <word>scroll-to-i</word>
                <word>scroll-to-item</word>
                <word>scroll-to-selected-</word>
                <word>scrollable</word>
                <word>scrollbar-h</word>
                <word>scrollbar-horizontal</word>
                <word>scrollbar-v</word>
                <word>scrollbar-vertical</word>
                <word>scrolled-</word>
                <word>scrolled-row-position</word>
                <word>scrolling</word>
                <word>sdbname</word>
                <word>search</word>
                <word>section</word>
                <word>seek</word>
                <word>select</word>
                <word>select-all</word>
                <word>select-focused-row</word>
                <word>select-next-row</word>
                <word>select-prev-row</word>
                <word>select-row</word>
                <word>selectable</word>
                <word>selected</word>
                <word>selection</word>
                <word>selection-end</word>
                <word>selection-list</word>
                <word>selection-start</word>
                <word>selection-text</word>
                <word>self</word>
                <word>send</word>
                <word>send-sql</word>
                <word>send-sql-statement</word>
                <word>sensitive</word>
                <word>separate-connection</word>
                <word>separator-fgcolor</word>
                <word>separators</word>
                <word>server-connection-</word>
                <word>server-connection-id</word>
                <word>server-operating-</word>
                <word>session</word>
                <word>set</word>
                <word>set-attribute-node</word>
                <word>set-blue</word>
                <word>set-blue-value</word>
                <word>set-break</word>
                <word>set-buffers</word>
                <word>set-commit</word>
                <word>set-contents</word>
                <word>set-current-value</word>
                <word>set-dynamic</word>
                <word>set-green</word>
                <word>set-green-value</word>
                <word>set-pointer-value</word>
                <word>set-red</word>
                <word>set-red-value</word>
                <word>set-repositioned-row</word>
                <word>set-rgb-value</word>
                <word>set-rollback</word>
                <word>set-selection</word>
                <word>set-size</word>
                <word>set-wait-state</word>
                <word>setuser</word>
                <word>setuserid</word>
                <word>share</word>
                <word>share-lock</word>
                <word>shared</word>
                <word>show-in-taskbar</word>
                <word>show-stat</word>
                <word>show-stats</word>
                <word>side-lab</word>
                <word>side-label-h</word>
                <word>side-label-handle</word>
                <word>side-labels</word>
                <word>silent</word>
                <word>simple</word>
                <word>single</word>
                <word>size</word>
                <word>size-c</word>
                <word>size-chars</word>
                <word>size-p</word>
                <word>size-pixels</word>
                <word>skip</word>
                <word>skip-deleted-record</word>
                <word>slider</word>
                <word>small-icon</word>
                <word>small-title</word>
                <word>smallint</word>
                <word>some</word>
                <word>sort</word>
                <word>source</word>
                <word>source-procedure</word>
                <word>space</word>
                <word>sql</word>
                <word>sqrt</word>
                <word>start</word>
                <word>start-di</word>
                <word>start-move</word>
                <word>start-resize</word>
                <word>start-row-resize</word>
                <word>status</word>
                <word>status-area</word>
                <word>status-area-font</word>
                <word>stdcall</word>
                <word>steam-io</word>
                <word>stop</word>
                <word>stoppe</word>
                <word>stopped</word>
                <word>stored-proc</word>
                <word>stored-procedure</word>
                <word>stream</word>
                <word>stretch-to-fit</word>
                <word>string</word>
                <word>string-value</word>
                <word>string-xref</word>
                <word>sub-</word>
                <word>sub-ave</word>
                <word>sub-average</word>
                <word>sub-count</word>
                <word>sub-maximum</word>
                <word>sub-menu</word>
                <word>sub-min</word>
                <word>sub-minimum</word>
                <word>sub-total</word>
                <word>subscribe</word>
                <word>subst</word>
                <word>substitute</word>
                <word>substr</word>
                <word>substring</word>
                <word>subtype</word>
                <word>sum</word>
                <word>sum-max</word>
                <word>super</word>
                <word>super-procedures</word>
                <word>suppress-w</word>
                <word>suppress-warnings</word>
                <word>system-alert</word>
                <word>system-alert-boxes</word>
                <word>system-dialog</word>
                <word>system-help</word>
                <word>system-id</word>
                <word>tab-position</word>
                <word>tab-stop</word>
                <word>table</word>
                <word>table-handle</word>
                <word>table-number</word>
                <word>target</word>
                <word>target-procedure</word>
                <word>temp-dir</word>
                <word>temp-directory</word>
                <word>temp-table</word>
                <word>temp-table-prepare</word>
                <word>term</word>
                <word>terminal</word>
                <word>terminate</word>
                <word>text</word>
                <word>text-seg-grow</word>
                <word>text-selected</word>
                <word>then</word>
                <word>this-procedure</word>
                <word>three-d</word>
                <word>through</word>
                <word>thru</word>
                <word>tic-marks</word>
                <word>time</word>
                <word>time-source</word>
                <word>title</word>
                <word>title-bgc</word>
                <word>title-bgcolor</word>
                <word>title-dc</word>
                <word>title-dcolor</word>
                <word>title-fgc</word>
                <word>title-fgcolor</word>
                <word>title-fo</word>
                <word>title-font</word>
                <word>to</word>
                <word>to-rowid</word>
                <word>today</word>
                <word>toggle-box</word>
                <word>tooltip</word>
                <word>tooltips</word>
                <word>top-only</word>
                <word>topic</word>
                <word>total</word>
                <word>trailing</word>
                <word>trans-init-procedure</word>
                <word>transaction</word>
                <word>transaction-mode</word>
                <word>transparent</word>
                <word>trigger</word>
                <word>triggers</word>
                <word>trim</word>
                <word>true</word>
                <word>trunc</word>
                <word>truncate</word>
                <word>type</word>
                <word>unbuff</word>
                <word>unbuffered</word>
                <word>underl</word>
                <word>underline</word>
                <word>undo</word>
                <word>unform</word>
                <word>unformatted</word>
                <word>union</word>
                <word>unique</word>
                <word>unique-id</word>
                <word>unique-match</word>
                <word>unix</word>
                <word>unless-hidden</word>
                <word>unload</word>
                <word>unsubscribe</word>
                <word>up</word>
                <word>update</word>
                <word>url</word>
                <word>url-decode</word>
                <word>url-encode</word>
                <word>url-password</word>
                <word>url-userid</word>
                <word>use</word>
                <word>use-dict-exps</word>
                <word>use-filename</word>
                <word>use-index</word>
                <word>use-revvideo</word>
                <word>use-text</word>
                <word>use-underline</word>
                <word>user</word>
                <word>userid</word>
                <word>using</word>
                <word>v6display</word>
                <word>v6frame</word>
                <word>valid-event</word>
                <word>valid-handle</word>
                <word>validate</word>
                <word>validate-expression</word>
                <word>validate-message</word>
                <word>value</word>
                <word>value-changed</word>
                <word>values</word>
                <word>var</word>
                <word>variable</word>
                <word>verbose</word>
                <word>vert</word>
                <word>vertical</word>
                <word>view</word>
                <word>view-as</word>
                <word>virtual-</word>
                <word>virtual-height-chars</word>
                <word>virtual-height-pixels</word>
                <word>virtual-width</word>
                <word>virtual-width-chars</word>
                <word>virtual-width-pixels</word>
                <word>visible</word>
                <word>wait</word>
                <word>wait-for</word>
                <word>warning</word>
                <word>web-context</word>
                <word>weekday</word>
                <word>when</word>
                <word>where</word>
                <word>while</word>
                <word>widget</word>
                <word>widget-e</word>
                <word>widget-enter</word>
                <word>widget-h</word>
                <word>widget-handle</word>
                <word>widget-l</word>
                <word>widget-leave</word>
                <word>widget-pool</word>
                <word>width</word>
                <word>width-chars</word>
                <word>width-p</word>
                <word>width-pixels</word>
                <word>window</word>
                <word>window-</word>
                <word>window-maximized</word>
                <word>window-minim</word>
                <word>window-minimized</word>
                <word>window-name</word>
                <word>window-normal</word>
                <word>window-sta</word>
                <word>window-state</word>
                <word>window-system</word>
                <word>with</word>
                <word>word-index</word>
                <word>word-wrap</word>
                <word>work-area-height-</word>
                <word>work-area-width-</word>
                <word>work-area-x</word>
                <word>work-area-y</word>
                <word>work-tab</word>
                <word>work-table</word>
                <word>workfile</word>
                <word>write</word>
                <word>x</word>
                <word>x-of</word>
                <word>xcode</word>
                <word>xref</word>
                <word>y</word>
                <word>y-of</word>
                <word>year</word>
                <word>year-offset</word>
                <word>yes</word>
                <word>yes-no</word>
                <word>yes-no-cancel</word>
              </ResWords>
            </ResWordSet>
          </ResWordSets>
          <Expressions>
            <string>[a-zA-Z_][a-zA-Z0-9_\-]*</string>
          </Expressions>
          <Index>0</Index>
        </SyntaxBlock>
        <SyntaxBlock>
          <Name>comment</Name>
          <LexStyle>3</LexStyle>
          <LeaveState>1</LeaveState>
          <Expressions>
            <string>/\*</string>
          </Expressions>
          <Index>1</Index>
        </SyntaxBlock>
        <SyntaxBlock>
          <Name>number</Name>
          <LexStyle>1</LexStyle>
          <LeaveState>0</LeaveState>
          <Expressions>
            <string>[0-9]+</string>
          </Expressions>
          <Index>2</Index>
        </SyntaxBlock>
        <SyntaxBlock>
          <Name>string</Name>
          <LexStyle>6</LexStyle>
          <LeaveState>0</LeaveState>
          <Expressions>
            <string>("")|"((((\\")|("")|[^"])*")|(((\\")|("")|[^"])*))</string>
          </Expressions>
          <Index>3</Index>
        </SyntaxBlock>
        <SyntaxBlock>
          <Name>whitespace</Name>
          <LexStyle>5</LexStyle>
          <LeaveState>0</LeaveState>
          <Expressions>
            <string>(\s)+</string>
          </Expressions>
          <Index>4</Index>
        </SyntaxBlock>
      </SyntaxBlocks>
      <Index>0</Index>
    </State>
    <State>
      <Name>comment</Name>
      <CaseSensitive>false</CaseSensitive>
      <SyntaxBlocks>
        <SyntaxBlock>
          <Name>comment21</Name>
          <LexStyle>3</LexStyle>
          <LeaveState>0</LeaveState>
          <Expressions>
            <string>\*/</string>
          </Expressions>
          <Index>0</Index>
        </SyntaxBlock>
        <SyntaxBlock>
          <Name>comment22</Name>
          <LexStyle>4</LexStyle>
          <LeaveState>2</LeaveState>
          <Expressions>
            <string>/\*</string>
          </Expressions>
          <Index>1</Index>
        </SyntaxBlock>
        <SyntaxBlock>
          <Name>comment23</Name>
          <LexStyle>3</LexStyle>
          <LeaveState>1</LeaveState>
          <Expressions>
            <string>((?!(\*/|/\*)).)+</string>
          </Expressions>
          <Index>2</Index>
        </SyntaxBlock>
      </SyntaxBlocks>
      <Index>1</Index>
    </State>
    <State>
      <Name>nested_comment</Name>
      <CaseSensitive>false</CaseSensitive>
      <SyntaxBlocks>
        <SyntaxBlock>
          <Name>comment31</Name>
          <LexStyle>4</LexStyle>
          <LeaveState>1</LeaveState>
          <Expressions>
            <string>\*/</string>
          </Expressions>
          <Index>0</Index>
        </SyntaxBlock>
        <SyntaxBlock>
          <Name>comment32</Name>
          <LexStyle>4</LexStyle>
          <LeaveState>2</LeaveState>
          <Expressions>
            <string>((?!\*/).)+</string>
          </Expressions>
          <Index>1</Index>
        </SyntaxBlock>
      </SyntaxBlocks>
      <Index>2</Index>
    </State>
  </States>
</LexScheme>