<?xml version="1.0" encoding="utf-8"?>
<LexScheme xmlns:xsi="http://www.w3.org/2001/XMLSchema-instance" xsi:noNamespaceSchemaLocation="scheme.xsd">
  <Author>AlterNET Software</Author>
  <Name>Ruby language</Name>
  <Desc>Syntax Scheme for Ruby Language</Desc>
  <Copyright>Copyright AlterNET Software, 2016-2019</Copyright>
  <FileExtension></FileExtension>
  <FileType>ruby</FileType>
  <Version>1.5</Version>
  <Styles>
    <Style>
      <Name>idents</Name>
      <ForeColor>ControlText</ForeColor>
      <Index>0</Index>
    </Style>
    <Style>
      <Name>numbers</Name>
      <ForeColor>ControlText</ForeColor>
      <Index>1</Index>
    </Style>
    <Style>
      <Name>reswords</Name>
      <ForeColor>Blue</ForeColor>
      <Index>2</Index>
    </Style>
    <Style>
      <Name>comments</Name>
      <ForeColor>Green</ForeColor>
      <Index>3</Index>
      <PlainText>true</PlainText>
    </Style>
    <Style>
      <Name>whitespace</Name>
      <Index>4</Index>
    </Style>
    <Style>
      <Name>strings</Name>
      <ForeColor>Maroon</ForeColor>
      <Index>5</Index>
    </Style>
  </Styles>
  <States>
    <State>
      <Name>normal</Name>
      <CaseSensitive>false</CaseSensitive>
      <SyntaxBlocks>
        <SyntaxBlock>
          <Name>ident</Name>
          <LexStyle>0</LexStyle>
          <LeaveState>0</LeaveState>
          <ResWordSets>
            <ResWordSet>
              <Name />
              <Index>0</Index>
              <ResWordStyle>2</ResWordStyle>
              <ResWords>
                <word>__file__</word>
                <word>__line__</word>
                <word>alias</word>
                <word>and</word>
                <word>begin</word>
                <word>break</word>
                <word>case</word>
                <word>class</word>
                <word>def</word>
                <word>defined?</word>
                <word>do</word>
                <word>else</word>
                <word>elsif</word>
                <word>end</word>
                <word>ensure</word>
                <word>false</word>
                <word>for</word>
                <word>if</word>
                <word>in</word>
                <word>module</word>
                <word>next</word>
                <word>nil</word>
                <word>not</word>
                <word>or</word>
                <word>redo</word>
                <word>rescue</word>
                <word>retry</word>
                <word>return</word>
                <word>self</word>
                <word>super</word>
                <word>then</word>
                <word>true</word>
                <word>undef</word>
                <word>unless</word>
                <word>until</word>
                <word>when</word>
                <word>while</word>
                <word>yield</word>
              </ResWords>
            </ResWordSet>
          </ResWordSets>
          <Expressions>
            <string>[a-zA-Z_][a-zA-Z0-9_]*</string>
          </Expressions>
          <Index>0</Index>
        </SyntaxBlock>
        <SyntaxBlock>
          <Name>comment</Name>
          <LexStyle>3</LexStyle>
          <LeaveState>0</LeaveState>
          <Expressions>
            <string>\#.*</string>
          </Expressions>
          <Index>1</Index>
        </SyntaxBlock>
        <SyntaxBlock>
          <Name>number</Name>
          <LexStyle>1</LexStyle>
          <LeaveState>0</LeaveState>
          <Expressions>
            <string>([0-9]+\.[0-9]*(e|E)(\+|\-)?[0-9]+)|([0-9]+\.[0-9]*)|(0x[0-9a-fA-F]+)(0b[0-9]+)|([0-9]+)</string>
          </Expressions>
          <Index>2</Index>
        </SyntaxBlock>
        <SyntaxBlock>
          <Name>string</Name>
          <LexStyle>5</LexStyle>
          <LeaveState>0</LeaveState>
          <Expressions>
            <string>("")|"((((\\")|("")|[^"])*")|(((\\")|("")|[^"])*))</string>
            <string>('')|'((((\\')|('')|[^'])*')|(((\\')|('')|[^'])*))</string>
            <string>\%q\![^\!]*\!</string>
            <string>\%q\/[^\/]*\/</string>
            <string>\%q\{[^\{]*\{</string>
            <string>\%\&lt;[^\&gt;]*\&gt;</string>
          </Expressions>
          <Index>3</Index>
        </SyntaxBlock>
        <SyntaxBlock>
          <Name>whitespace</Name>
          <LexStyle>4</LexStyle>
          <LeaveState>0</LeaveState>
          <Expressions>
            <string>(\s)+</string>
          </Expressions>
          <Index>4</Index>
        </SyntaxBlock>
      </SyntaxBlocks>
      <Index>0</Index>
    </State>
  </States>
</LexScheme>