<?xml version="1.0" encoding="utf-8"?>
<LexScheme xmlns:xsi="http://www.w3.org/2001/XMLSchema-instance" xmlns:xsd="http://www.w3.org/2001/XMLSchema">
  <Author>AlterNET Software</Author>
  <Name>SQL (Oracle) language</Name>
  <Desc>Syntax Scheme for SQL(Oracle) Language</Desc>
  <Copyright>Copyright AlterNET Software, 2016-2019</Copyright>
  <FileExtension>.sql</FileExtension>
  <FileType>sql(oracle)</FileType>
  <Version>1.5</Version>
  <Styles>
    <Style>
      <Name>idents</Name>
      <ForeColor>ControlText</ForeColor>
      <ForeColorEnabled>true</ForeColorEnabled>
      <BackColorEnabled>true</BackColorEnabled>
      <BoldEnabled>true</BoldEnabled>
      <ItalicEnabled>true</ItalicEnabled>
      <UnderlineEnabled>true</UnderlineEnabled>
    </Style>
    <Style>
      <Name>numbers</Name>
      <ForeColor>Green</ForeColor>
      <ForeColorEnabled>true</ForeColorEnabled>
      <BackColorEnabled>true</BackColorEnabled>
      <BoldEnabled>true</BoldEnabled>
      <ItalicEnabled>true</ItalicEnabled>
      <UnderlineEnabled>true</UnderlineEnabled>
    </Style>
    <Style>
      <Name>reswords</Name>
      <ForeColor>Navy</ForeColor>
      <ForeColorEnabled>true</ForeColorEnabled>
      <BackColorEnabled>true</BackColorEnabled>
      <BoldEnabled>true</BoldEnabled>
      <ItalicEnabled>true</ItalicEnabled>
      <UnderlineEnabled>true</UnderlineEnabled>
    </Style>
    <Style>
      <Name>comments</Name>
      <ForeColor>Gray</ForeColor>
      <FontStyle>Italic</FontStyle>
      <PlainText>true</PlainText>
      <ForeColorEnabled>true</ForeColorEnabled>
      <BackColorEnabled>true</BackColorEnabled>
      <BoldEnabled>true</BoldEnabled>
      <ItalicEnabled>true</ItalicEnabled>
      <UnderlineEnabled>true</UnderlineEnabled>
    </Style>
    <Style>
      <Name>whitespace</Name>
      <ForeColor>0</ForeColor>
      <ForeColorEnabled>true</ForeColorEnabled>
      <BackColorEnabled>true</BackColorEnabled>
      <BoldEnabled>true</BoldEnabled>
      <ItalicEnabled>true</ItalicEnabled>
      <UnderlineEnabled>true</UnderlineEnabled>
    </Style>
    <Style>
      <Name>strings</Name>
      <ForeColor>Maroon</ForeColor>
      <ForeColorEnabled>true</ForeColorEnabled>
      <BackColorEnabled>true</BackColorEnabled>
      <BoldEnabled>true</BoldEnabled>
      <ItalicEnabled>true</ItalicEnabled>
      <UnderlineEnabled>true</UnderlineEnabled>
    </Style>
  </Styles>
  <States>
    <State>
      <Name>normal</Name>
      <CaseSensitive>false</CaseSensitive>
      <SyntaxBlocks>
        <SyntaxBlock>
          <Name>idents</Name>
          <LexStyle>0</LexStyle>
          <LeaveState>0</LeaveState>
          <ResWordSets>
            <ResWordSet>
              <Name />
              <ResWordStyle>2</ResWordStyle>
              <ResWords>
                <word>abort</word>
                <word>accept</word>
                <word>access</word>
                <word>add</word>
                <word>all</word>
                <word>alter</word>
                <word>and</word>
                <word>any</word>
                <word>array</word>
                <word>as</word>
                <word>asc</word>
                <word>assert</word>
                <word>assign</word>
                <word>at</word>
                <word>audit</word>
                <word>authorization</word>
                <word>avg</word>
                <word>begin</word>
                <word>between</word>
                <word>body</word>
                <word>boolean</word>
                <word>by</word>
                <word>case</word>
                <word>char</word>
                <word>char_base</word>
                <word>check</word>
                <word>close</word>
                <word>cluster</word>
                <word>clusters</word>
                <word>colauth</word>
                <word>column</word>
                <word>columns</word>
                <word>comment</word>
                <word>commit</word>
                <word>compress</word>
                <word>connect</word>
                <word>constant</word>
                <word>count</word>
                <word>crash</word>
                <word>create</word>
                <word>current</word>
                <word>cursor</word>
                <word>data_base</word>
                <word>database</word>
                <word>date</word>
                <word>dba</word>
                <word>debugoff</word>
                <word>debugon</word>
                <word>decimal</word>
                <word>declare</word>
                <word>default</word>
                <word>definition</word>
                <word>delay</word>
                <word>delete</word>
                <word>delta</word>
                <word>desc</word>
                <word>digits</word>
                <word>dispose</word>
                <word>distinct</word>
                <word>do</word>
                <word>drop</word>
                <word>else</word>
                <word>elsif</word>
                <word>end</word>
                <word>entry</word>
                <word>exception</word>
                <word>exception_init</word>
                <word>exclusive</word>
                <word>exists</word>
                <word>exit</word>
                <word>false</word>
                <word>fetch</word>
                <word>file</word>
                <word>float</word>
                <word>for</word>
                <word>form</word>
                <word>from</word>
                <word>function</word>
                <word>generic</word>
                <word>goto</word>
                <word>grant</word>
                <word>group</word>
                <word>having</word>
                <word>identfied</word>
                <word>identified</word>
                <word>if</word>
                <word>immediate</word>
                <word>in</word>
                <word>increment</word>
                <word>index</word>
                <word>indexes</word>
                <word>indicator</word>
                <word>initial</word>
                <word>insert</word>
                <word>integer</word>
                <word>intersect</word>
                <word>into</word>
                <word>is</word>
                <word>level</word>
                <word>like</word>
                <word>limited</word>
                <word>lock</word>
                <word>long</word>
                <word>loop</word>
                <word>max</word>
                <word>maxextents</word>
                <word>min</word>
                <word>minus</word>
                <word>mod</word>
                <word>mode</word>
                <word>modify</word>
                <word>new</word>
                <word>noaudit</word>
                <word>nocompress</word>
                <word>not</word>
                <word>nowait</word>
                <word>null</word>
                <word>number</word>
                <word>number_base</word>
                <word>of</word>
                <word>offline</word>
                <word>on</word>
                <word>online</word>
                <word>open</word>
                <word>option</word>
                <word>or</word>
                <word>order</word>
                <word>others</word>
                <word>out</word>
                <word>package</word>
                <word>partition</word>
                <word>pctfree</word>
                <word>pragma</word>
                <word>prior</word>
                <word>private</word>
                <word>privileges</word>
                <word>procedure</word>
                <word>public</word>
                <word>raise</word>
                <word>range</word>
                <word>raw</word>
                <word>record</word>
                <word>release</word>
                <word>rem</word>
                <word>rename</word>
                <word>replace</word>
                <word>resource</word>
                <word>return</word>
                <word>reverse</word>
                <word>revoke</word>
                <word>rollback</word>
                <word>row</word>
                <word>rowid</word>
                <word>rowlabel</word>
                <word>rownum</word>
                <word>rows</word>
                <word>rowtype</word>
                <word>run</word>
                <word>savepoint</word>
                <word>schema</word>
                <word>select</word>
                <word>separate</word>
                <word>session</word>
                <word>set</word>
                <word>share</word>
                <word>size</word>
                <word>smallint</word>
                <word>space</word>
                <word>sql</word>
                <word>sqlcode</word>
                <word>sqlerrm</word>
                <word>start</word>
                <word>statement</word>
                <word>stddev</word>
                <word>subtype</word>
                <word>successful</word>
                <word>sum</word>
                <word>synonym</word>
                <word>sysdate</word>
                <word>tabauth</word>
                <word>table</word>
                <word>tables</word>
                <word>task</word>
                <word>terminate</word>
                <word>then</word>
                <word>to</word>
                <word>trigger</word>
                <word>true</word>
                <word>type</word>
                <word>uid</word>
                <word>union</word>
                <word>unique</word>
                <word>update</word>
                <word>use</word>
                <word>user</word>
                <word>validate</word>
                <word>values</word>
                <word>varchar</word>
                <word>varchar2</word>
                <word>variance</word>
                <word>view</word>
                <word>views</word>
                <word>when</word>
                <word>whenever</word>
                <word>where</word>
                <word>while</word>
                <word>with</word>
                <word>work</word>
                <word>xor</word>
              </ResWords>
            </ResWordSet>
          </ResWordSets>
          <Expressions>
            <string>[a-zA-Z_][a-zA-Z0-9_]*</string>
          </Expressions>
        </SyntaxBlock>
        <SyntaxBlock>
          <Name>comments</Name>
          <LexStyle>3</LexStyle>
          <LeaveState>0</LeaveState>
          <Expressions>
            <string>--.*</string>
          </Expressions>
        </SyntaxBlock>
        <SyntaxBlock>
          <Name>numbers</Name>
          <LexStyle>1</LexStyle>
          <LeaveState>0</LeaveState>
          <Expressions>
            <string>([0-9]+\.[0-9]*(e|E)(\+|\-)?[0-9]+)|([0-9]+\.[0-9]*)|([0-9]+)</string>
          </Expressions>
        </SyntaxBlock>
        <SyntaxBlock>
          <Name>strings</Name>
          <LexStyle>5</LexStyle>
          <LeaveState>0</LeaveState>
          <Expressions>
            <string>("")|"((((\\")|("")|[^"])*")|(((\\")|("")|[^"])*))</string>
            <string>('')|'((((\\')|('')|[^'])*')|(((\\')|('')|[^'])*))</string>
          </Expressions>
        </SyntaxBlock>
        <SyntaxBlock>
          <Name>whitespace</Name>
          <LexStyle>4</LexStyle>
          <LeaveState>0</LeaveState>
          <Expressions>
            <string>(\s)+</string>
          </Expressions>
        </SyntaxBlock>
      </SyntaxBlocks>
    </State>
  </States>
</LexScheme>