<?xml version="1.0" encoding="utf-8"?>
<LexScheme xmlns:xsi="http://www.w3.org/2001/XMLSchema-instance" xmlns:xsd="http://www.w3.org/2001/XMLSchema">
  <Author>AlterNET Software</Author>
  <Name>VB script in HTML</Name>
  <Desc>Syntax Scheme for VB Script in HTML Language</Desc>
  <Copyright>Copyright AlterNET Software, 2016-2019</Copyright>
  <FileExtension>.html;htm</FileExtension>
  <FileType>html(vb script)</FileType>
  <Version>1.5</Version>
  <Styles>
    <Style>
      <Name>idents</Name>
      <ForeColor>ControlText</ForeColor>
      <ForeColorEnabled>true</ForeColorEnabled>
      <BackColorEnabled>true</BackColorEnabled>
      <BoldEnabled>true</BoldEnabled>
      <ItalicEnabled>true</ItalicEnabled>
      <UnderlineEnabled>true</UnderlineEnabled>
    </Style>
    <Style>
      <Name>numbers</Name>
      <ForeColor>ControlText</ForeColor>
      <ForeColorEnabled>true</ForeColorEnabled>
      <BackColorEnabled>true</BackColorEnabled>
      <BoldEnabled>true</BoldEnabled>
      <ItalicEnabled>true</ItalicEnabled>
      <UnderlineEnabled>true</UnderlineEnabled>
    </Style>
    <Style>
      <Name>reswords</Name>
      <ForeColor>Blue</ForeColor>
      <ForeColorEnabled>true</ForeColorEnabled>
      <BackColorEnabled>true</BackColorEnabled>
      <BoldEnabled>true</BoldEnabled>
      <ItalicEnabled>true</ItalicEnabled>
      <UnderlineEnabled>true</UnderlineEnabled>
    </Style>
    <Style>
      <Name>comments</Name>
      <ForeColor>Green</ForeColor>
      <FontStyle>Italic</FontStyle>
      <PlainText>true</PlainText>
      <ForeColorEnabled>true</ForeColorEnabled>
      <BackColorEnabled>true</BackColorEnabled>
      <BoldEnabled>true</BoldEnabled>
      <ItalicEnabled>true</ItalicEnabled>
      <UnderlineEnabled>true</UnderlineEnabled>
    </Style>
    <Style>
      <Name>whitespace</Name>
      <ForeColor>0</ForeColor>
      <ForeColorEnabled>true</ForeColorEnabled>
      <BackColorEnabled>true</BackColorEnabled>
      <BoldEnabled>true</BoldEnabled>
      <ItalicEnabled>true</ItalicEnabled>
      <UnderlineEnabled>true</UnderlineEnabled>
    </Style>
    <Style>
      <Name>strings</Name>
      <ForeColor>Maroon</ForeColor>
      <ForeColorEnabled>true</ForeColorEnabled>
      <BackColorEnabled>true</BackColorEnabled>
      <BoldEnabled>true</BoldEnabled>
      <ItalicEnabled>true</ItalicEnabled>
      <UnderlineEnabled>true</UnderlineEnabled>
    </Style>
    <Style>
      <Name>reswords1</Name>
      <ForeColor>Teal</ForeColor>
      <ForeColorEnabled>true</ForeColorEnabled>
      <BackColorEnabled>true</BackColorEnabled>
      <BoldEnabled>true</BoldEnabled>
      <ItalicEnabled>true</ItalicEnabled>
      <UnderlineEnabled>true</UnderlineEnabled>
    </Style>
  </Styles>
  <States>
    <State>
      <Name>normal</Name>
      <CaseSensitive>false</CaseSensitive>
      <SyntaxBlocks>
        <SyntaxBlock>
          <Name>whitespace</Name>
          <LexStyle>4</LexStyle>
          <LeaveState>0</LeaveState>
          <Expressions>
            <string>(\s)+</string>
          </Expressions>
        </SyntaxBlock>
        <SyntaxBlock>
          <Name>htmlVBS</Name>
          <LexStyle>2</LexStyle>
          <LeaveState>2</LeaveState>
          <Expressions>
            <string>&lt;script\slanguage="vbscript"</string>
          </Expressions>
        </SyntaxBlock>
        <SyntaxBlock>
          <Name>common</Name>
          <LexStyle>2</LexStyle>
          <LeaveState>1</LeaveState>
          <Expressions>
            <string>&lt;</string>
          </Expressions>
        </SyntaxBlock>
      </SyntaxBlocks>
    </State>
    <State>
      <Name>htmltag</Name>
      <CaseSensitive>true</CaseSensitive>
      <SyntaxBlocks>
        <SyntaxBlock>
          <Name>common21</Name>
          <LexStyle>2</LexStyle>
          <LeaveState>0</LeaveState>
          <Expressions>
            <string>&gt;</string>
          </Expressions>
        </SyntaxBlock>
        <SyntaxBlock>
          <Name>common22</Name>
          <LexStyle>2</LexStyle>
          <LeaveState>1</LeaveState>
          <Expressions>
            <string>[a-zA-Z_][a-zA-Z0-9_]*</string>
          </Expressions>
        </SyntaxBlock>
        <SyntaxBlock>
          <Name>numbers</Name>
          <LexStyle>1</LexStyle>
          <LeaveState>1</LeaveState>
          <Expressions>
            <string>([0-9]+\.[0-9]*(e|E)(\+|\-)?[0-9]+)|([0-9]+\.[0-9]*)|(\#[0-9a-fA-F]+)|([0-9]+)</string>
          </Expressions>
        </SyntaxBlock>
        <SyntaxBlock>
          <Name>strings</Name>
          <LexStyle>5</LexStyle>
          <LeaveState>1</LeaveState>
          <Expressions>
            <string>("")|"((((\\")|("")|[^"])*")|(((\\")|("")|[^"])*))</string>
            <string>('')|'((((\\')|('')|[^'])*')|(((\\')|('')|[^'])*))</string>
          </Expressions>
        </SyntaxBlock>
        <SyntaxBlock>
          <Name>comments</Name>
          <LexStyle>3</LexStyle>
          <LeaveState>3</LeaveState>
          <Expressions>
            <string>&lt;\!--</string>
          </Expressions>
        </SyntaxBlock>
      </SyntaxBlocks>
    </State>
    <State>
      <Name>htmlVBS</Name>
      <CaseSensitive>false</CaseSensitive>
      <SyntaxBlocks>
        <SyntaxBlock>
          <Name>idents</Name>
          <LexStyle>0</LexStyle>
          <LeaveState>2</LeaveState>
          <ResWordSets>
            <ResWordSet>
              <Name />
              <ResWordStyle>6</ResWordStyle>
              <ResWords>
                <word>Private</word>
                <word>end</word>
                <word>Empty</word>
                <word>Const</word>
                <word>Select</word>
                <word>While</word>
                <word>Type</word>
                <word>Compare</word>
                <word>get</word>
                <word>Or</word>
                <word>Next</word>
                <word>Wend</word>
                <word>Option</word>
                <word>Mod</word>
                <word>Is</word>
                <word>Then</word>
                <word>Nothing</word>
                <word>friend</word>
                <word>Case</word>
                <word>Attribute</word>
                <word>Function</word>
                <word>ReDim</word>
                <word>On</word>
                <word>Exit</word>
                <word>If</word>
                <word>Base</word>
                <word>Not</word>
                <word>False</word>
                <word>Call</word>
                <word>String</word>
                <word>let</word>
                <word>Loop</word>
                <word>Each</word>
                <word>To</word>
                <word>Declare</word>
                <word>and</word>
                <word>Xor</word>
                <word>property</word>
                <word>Else</word>
                <word>As</word>
                <word>Date</word>
                <word>With</word>
                <word>Error</word>
                <word>Set</word>
                <word>Explicit'</word>
                <word>Elseif</word>
                <word>Dim</word>
                <word>True</word>
                <word>Sub</word>
                <word>ByVal</word>
                <word>Public</word>
                <word>For</word>
                <word>Do</word>
                <word>Null</word>
              </ResWords>
            </ResWordSet>
          </ResWordSets>
          <Expressions>
            <string>[a-zA-Z_][a-zA-Z0-9_]*</string>
          </Expressions>
        </SyntaxBlock>
        <SyntaxBlock>
          <Name>numbers</Name>
          <LexStyle>1</LexStyle>
          <LeaveState>2</LeaveState>
          <Expressions>
            <string>([0-9]+\.[0-9]*(e|E)(\+|\-)?[0-9]+)|([0-9]+\.[0-9]*)|([0-9]+)</string>
          </Expressions>
        </SyntaxBlock>
        <SyntaxBlock>
          <Name>strings</Name>
          <LexStyle>5</LexStyle>
          <LeaveState>2</LeaveState>
          <Expressions>
            <string>("")|"((((\\")|("")|[^"])*")|(((\\")|("")|[^"])*))</string>
          </Expressions>
        </SyntaxBlock>
        <SyntaxBlock>
          <Name>comments</Name>
          <LexStyle>3</LexStyle>
          <LeaveState>2</LeaveState>
          <Expressions>
            <string>\'.*</string>
            <string>rem[\u0000-\u0020].*</string>
          </Expressions>
        </SyntaxBlock>
        <SyntaxBlock>
          <Name>htmlVBS</Name>
          <LexStyle>2</LexStyle>
          <LeaveState>0</LeaveState>
          <Expressions>
            <string>&lt;/script&gt;</string>
          </Expressions>
        </SyntaxBlock>
      </SyntaxBlocks>
    </State>
    <State>
      <Name>comment1</Name>
      <CaseSensitive>false</CaseSensitive>
      <SyntaxBlocks>
        <SyntaxBlock>
          <Name>comment12</Name>
          <LexStyle>3</LexStyle>
          <LeaveState>1</LeaveState>
          <Expressions>
            <string>--&gt;</string>
          </Expressions>
        </SyntaxBlock>
        <SyntaxBlock>
          <Name>comment22</Name>
          <LexStyle>3</LexStyle>
          <LeaveState>3</LeaveState>
          <Expressions>
            <string>((?!--&gt;).)+</string>
          </Expressions>
        </SyntaxBlock>
      </SyntaxBlocks>
    </State>
  </States>
</LexScheme>