<?xml version="1.0" encoding="utf-8"?>
<LexScheme xmlns:xsi="http://www.w3.org/2001/XMLSchema-instance" xmlns:xsd="http://www.w3.org/2001/XMLSchema">
  <Author>AlterNET Software</Author>
  <Name>VB script language</Name>
  <Desc>Syntax Scheme for VB Script Language</Desc>
  <Copyright>Copyright AlterNET Software, 2016-2019</Copyright>
  <FileExtension>.vbs</FileExtension>
  <FileType>vbscript</FileType>
  <Version>1.5</Version>
  <Styles>
    <Style>
      <Name>idents</Name>
      <ForeColor>ControlText</ForeColor>
    </Style>
    <Style>
      <Name>numbers</Name>
      <ForeColor>ControlText</ForeColor>
    </Style>
    <Style>
      <Name>reswords</Name>
      <ForeColor>Blue</ForeColor>
      <FontStyle>Bold</FontStyle>
    </Style>
    <Style>
      <Name>comments</Name>
      <ForeColor>Green</ForeColor>
      <PlainText>true</PlainText>
    </Style>
    <Style>
      <Name>symbol</Name>
      <ForeColor>Gray</ForeColor>
    </Style>
    <Style>
      <Name>whitespace</Name>
      <ForeColor>0</ForeColor>
    </Style>
    <Style>
      <Name>strings</Name>
      <ForeColor>Maroon</ForeColor>
    </Style>
    <Style>
      <Name>directives</Name>
      <ForeColor>Blue</ForeColor>
    </Style>
  </Styles>
  <States>
    <State>
      <Name>normal</Name>
      <SyntaxBlocks>
        <SyntaxBlock>
          <Name>directive</Name>
          <LexStyle>0</LexStyle>
          <LeaveState>0</LeaveState>
          <ResWordSets>
            <ResWordSet>
              <Name>ResWord Set0</Name>
              <ResWordStyle>7</ResWordStyle>
              <ResWords>
                <word>#Region</word>
                <word>#If</word>
                <word>#ElseIf</word>
                <word>#Else</word>
                <word>#Const</word>
                <word>#ExternalSource</word>
                <word>#End</word>
              </ResWords>
            </ResWordSet>
          </ResWordSets>
          <Expressions>
            <string>\#[a-zA-Z_][a-zA-Z0-9_]*</string>
          </Expressions>
        </SyntaxBlock>
        <SyntaxBlock>
          <Name>idents</Name>
          <LexStyle>0</LexStyle>
          <LeaveState>0</LeaveState>
          <ResWordSets>
            <ResWordSet>
              <ResWordStyle>2</ResWordStyle>
              <ResWords>
                <word>#Const</word>
                <word>#If</word>
                <word>#ElseIf</word>
                <word>#Else</word>
                <word>#End If</word>
                <word>#End</word>
                <word>Using</word>
                <word>Boolean</word>
                <word>Byte</word>
                <word>Char</word>
                <word>Date</word>
                <word>Decimal</word>
                <word>Double</word>
                <word>Integer</word>
                <word>Long</word>
                <word>Object</word>
                <word>Short</word>
                <word>Single</word>
                <word>String</word>
                <word>Exception</word>
                <word>AppActivate</word>
                <word>Beep</word>
                <word>Call</word>
                <word>ChDir</word>
                <word>ChDrive</word>
                <word>Class</word>
                <word>Declare</word>
                <word>Delegate</word>
                <word>DeleteSetting</word>
                <word>Dim</word>
                <word>Do</word>
                <word>Loop</word>
                <word>End</word>
                <word>Enum</word>
                <word>Error</word>
                <word>Event</word>
                <word>Exit</word>
                <word>Each</word>
                <word>Function</word>
                <word>Goto</word>
                <word>Overloads</word>
                <word>Overrides</word>
                <word>CantOverride</word>
                <word>MustOverride</word>
                <word>Protected</word>
                <word>Implements</word>
                <word>Imports</word>
                <word>Inherits</word>
                <word>Interface</word>
                <word>Kill</word>
                <word>Lock</word>
                <word>UnLock</word>
                <word>Mid</word>
                <word>MidB</word>
                <word>Namespace</word>
                <word>Open</word>
                <word>Option</word>
                <word>Compare</word>
                <word>Explicit</word>
                <word>Strict</word>
                <word>Print</word>
                <word>Private</word>
                <word>Property</word>
                <word>Public</word>
                <word>Put</word>
                <word>RaiseEvent</word>
                <word>Randomize</word>
                <word>ReDim</word>
                <word>Rem</word>
                <word>Reset</word>
                <word>Resume</word>
                <word>SaveSetting</word>
                <word>Seek</word>
                <word>Select</word>
                <word>Case</word>
                <word>SetAttr</word>
                <word>Stop</word>
                <word>Sub</word>
                <word>SyncLock</word>
                <word>TimeOfDay</word>
                <word>Try</word>
                <word>Catch</word>
                <word>Finally</word>
                <word>Structure</word>
                <word>Width</word>
                <word>With</word>
                <word>Write</word>
                <word>Addhandler</word>
                <word>As</word>
                <word>Assembly</word>
                <word>Auto</word>
                <word>BeginEpilogue</word>
                <word>Binary</word>
                <word>ByRef</word>
                <word>ByVal</word>
                <word>Const</word>
                <word>Else</word>
                <word>Empty</word>
                <word>EndPrologue</word>
                <word>ExternalSource</word>
                <word>For</word>
                <word>Friend</word>
                <word>Get</word>
                <word>Handles</word>
                <word>Input</word>
                <word>Is</word>
                <word>Len</word>
                <word>Let</word>
                <word>Me</word>
                <word>Module</word>
                <word>MustInherit</word>
                <word>MyBase</word>
                <word>MyClass</word>
                <word>New</word>
                <word>Next</word>
                <word>Nothing</word>
                <word>NotInheritable</word>
                <word>NotOverridable</word>
                <word>Null</word>
                <word>Off</word>
                <word>On</word>
                <word>Optional</word>
                <word>Overridable</word>
                <word>ParamArray</word>
                <word>ReadOnly</word>
                <word>RemoveHandler</word>
                <word>Step</word>
                <word>Then</word>
                <word>Throw</word>
                <word>Time</word>
                <word>To</word>
                <word>WithEvents</word>
                <word>WriteOnly</word>
                <word>ElseIf</word>
                <word>EndIf</word>
                <word>Height</word>
                <word>In</word>
                <word>Return</word>
                <word>Set</word>
                <word>Shared</word>
                <word>Type</word>
                <word>TypeOf</word>
                <word>Until</word>
                <word>While</word>
                <word>AddressOf</word>
                <word>And</word>
                <word>BitAnd</word>
                <word>BitNot</word>
                <word>BitOr</word>
                <word>BitXor</word>
                <word>Like</word>
                <word>Mod</word>
                <word>Not</word>
                <word>Or</word>
                <word>Xor</word>
                <word>Abs</word>
                <word>Array</word>
                <word>Asc</word>
                <word>AscB</word>
                <word>AscW</word>
                <word>Atn</word>
                <word>CallByName</word>
                <word>CBool</word>
                <word>CByte</word>
                <word>CChar</word>
                <word>CChr</word>
                <word>CDate</word>
                <word>CDbl</word>
                <word>CDec</word>
                <word>Choose</word>
                <word>Chr</word>
                <word>Chr$</word>
                <word>ChrB</word>
                <word>ChrB$</word>
                <word>ChrW</word>
                <word>CInt</word>
                <word>CLng</word>
                <word>CLng8</word>
                <word>Close</word>
                <word>CObj</word>
                <word>Command</word>
                <word>Command$</word>
                <word>Cos</word>
                <word>CreateObject</word>
                <word>CShort</word>
                <word>CSng</word>
                <word>CStr</word>
                <word>CurDir</word>
                <word>CType</word>
                <word>CVDate</word>
                <word>CVErr</word>
                <word>DateAdd</word>
                <word>DateDiff</word>
                <word>DatePart</word>
                <word>DateSerial</word>
                <word>DateValue</word>
                <word>Day</word>
                <word>DDB</word>
                <word>Dir</word>
                <word>Dir$</word>
                <word>EOF</word>
                <word>Error$</word>
                <word>Exp</word>
                <word>FileAttr</word>
                <word>FileCopy</word>
                <word>FileDateTime</word>
                <word>FileLen</word>
                <word>Filter</word>
                <word>Fix</word>
                <word>Format</word>
                <word>Format$</word>
                <word>FormatCurrency</word>
                <word>FormatDateTime</word>
                <word>FormatNumber</word>
                <word>FormatPercent</word>
                <word>FreeFile</word>
                <word>FV</word>
                <word>GetAllSettings</word>
                <word>GetAttr</word>
                <word>GetObject</word>
                <word>GetSetting</word>
                <word>Hex</word>
                <word>Hex$</word>
                <word>Hour</word>
                <word>If</word>
                <word>IMEStatus</word>
                <word>Input$</word>
                <word>InputB</word>
                <word>InputB$</word>
                <word>InputBox</word>
                <word>InStr</word>
                <word>InStrB</word>
                <word>InstrRev</word>
                <word>Int</word>
                <word>IPmt</word>
                <word>IRR</word>
                <word>IsArray</word>
                <word>IsDate</word>
                <word>IsEmpty</word>
                <word>IsError</word>
                <word>IsNull</word>
                <word>IsNumeric</word>
                <word>IsObject</word>
                <word>Join</word>
                <word>LBound</word>
                <word>LCase</word>
                <word>LCase$</word>
                <word>Left</word>
                <word>Left$</word>
                <word>LeftB</word>
                <word>LeftB$</word>
                <word>LenB</word>
                <word>LineInput</word>
                <word>Loc</word>
                <word>LOF</word>
                <word>Log</word>
                <word>LTrim</word>
                <word>LTrim$</word>
                <word>Mid$</word>
                <word>MidB$</word>
                <word>Minute</word>
                <word>MIRR</word>
                <word>MkDir</word>
                <word>Month</word>
                <word>MonthName</word>
                <word>MsgBox</word>
                <word>Now</word>
                <word>NPer</word>
                <word>NPV</word>
                <word>Oct</word>
                <word>Oct$</word>
                <word>Partition</word>
                <word>Pmt</word>
                <word>PPmt</word>
                <word>PV</word>
                <word>Rate</word>
                <word>Replace</word>
                <word>Right</word>
                <word>Right$</word>
                <word>RightB</word>
                <word>RightB$</word>
                <word>RmDir</word>
                <word>Rnd</word>
                <word>RTrim</word>
                <word>RTrim$</word>
                <word>Second</word>
                <word>Sgn</word>
                <word>Shell</word>
                <word>Sin</word>
                <word>SLN</word>
                <word>Space</word>
                <word>Space$</word>
                <word>Spc</word>
                <word>Split</word>
                <word>Sqr</word>
                <word>Str</word>
                <word>Str$</word>
                <word>StrComp</word>
                <word>StrConv</word>
                <word>String$</word>
                <word>StrReverse</word>
                <word>Switch</word>
                <word>SYD</word>
                <word>Tab</word>
                <word>Tan</word>
                <word>Timer</word>
                <word>TimeSerial</word>
                <word>TimeValue</word>
                <word>DateTime</word>
                <word>Today</word>
                <word>Trim</word>
                <word>Trim$</word>
                <word>TypeName</word>
                <word>UBound</word>
                <word>UCase</word>
                <word>UCase$</word>
                <word>Val</word>
                <word>Weekday</word>
                <word>WeekdayName</word>
                <word>Year</word>
                <word>Method</word>
                <word>Black</word>
                <word>Red</word>
                <word>Green</word>
                <word>Yellow</word>
                <word>Blue</word>
                <word>Magenta</word>
                <word>Cyan</word>
                <word>White</word>
                <word>BinaryCompare</word>
                <word>TextCompare</word>
                <word>Win16</word>
                <word>Win32</word>
                <word>UseSystemDayOfWeek</word>
                <word>Sunday</word>
                <word>Monday</word>
                <word>Tuesday</word>
                <word>Wednesday</word>
                <word>Thursday</word>
                <word>Friday</word>
                <word>Saturday</word>
                <word>Jan1</word>
                <word>FirstFourDays</word>
                <word>FirstFullWeek</word>
                <word>GeneralDate</word>
                <word>LongDate</word>
                <word>ShortDate</word>
                <word>LongTime</word>
                <word>ShortTime</word>
                <word>Normal</word>
                <word>Hidden</word>
                <word>Volume</word>
                <word>Directory</word>
                <word>Archive</word>
                <word>KeyLButton</word>
                <word>KeyRButton</word>
                <word>KeyCancel</word>
                <word>KeyMButton</word>
                <word>KeyBack</word>
                <word>KeyTab</word>
                <word>KeyClear</word>
                <word>KeyReturn</word>
                <word>KeyShift</word>
                <word>KeyControl</word>
                <word>KeyMenu</word>
                <word>KeyPause</word>
                <word>KeyCapital</word>
                <word>KeyEscape</word>
                <word>KeySpace</word>
                <word>KeyPageUp</word>
                <word>KeyPageDown</word>
                <word>KeyEnd</word>
                <word>KeyHome</word>
                <word>KeyLeft</word>
                <word>KeyUp</word>
                <word>KeyRight</word>
                <word>KeyDown</word>
                <word>KeySelect</word>
                <word>KeyPrint</word>
                <word>KeyExecute</word>
                <word>KeySnapshot</word>
                <word>KeyInsert</word>
                <word>KeyDelete</word>
                <word>KeyHelp</word>
                <word>KeyNumlock</word>
                <word>KeyA</word>
                <word>KeyB</word>
                <word>KeyC</word>
                <word>KeyD</word>
                <word>KeyE</word>
                <word>KeyF</word>
                <word>KeyG</word>
                <word>KeyH</word>
                <word>KeyI</word>
                <word>KeyJ</word>
                <word>KeyK</word>
                <word>KeyL</word>
                <word>KeyM</word>
                <word>KeyN</word>
                <word>KeyO</word>
                <word>KeyP</word>
                <word>KeyQ</word>
                <word>KeyR</word>
                <word>KeyS</word>
                <word>KeyT</word>
                <word>KeyU</word>
                <word>KeyV</word>
                <word>KeyW</word>
                <word>KeyX</word>
                <word>KeyY</word>
                <word>KeyZ</word>
                <word>Key0</word>
                <word>Key1</word>
                <word>Key2</word>
                <word>Key3</word>
                <word>Key4</word>
                <word>Key5</word>
                <word>Key6</word>
                <word>Key7</word>
                <word>Key8</word>
                <word>Key9</word>
                <word>KeyNumpad0</word>
                <word>KeyNumpad1</word>
                <word>KeyNumpad2</word>
                <word>KeyNumpad3</word>
                <word>KeyNumpad4</word>
                <word>KeyNumpad5</word>
                <word>KeyNumpad6</word>
                <word>KeyNumpad7</word>
                <word>KeyNumpad8</word>
                <word>KeyNumpad9</word>
                <word>KeyMultiply</word>
                <word>KeyAdd</word>
                <word>KeySeparator</word>
                <word>KeySubtract</word>
                <word>KeyDecimal</word>
                <word>KeyDivide</word>
                <word>KeyF1</word>
                <word>KeyF2</word>
                <word>KeyF3</word>
                <word>KeyF4</word>
                <word>KeyF5</word>
                <word>KeyF6</word>
                <word>KeyF7</word>
                <word>KeyF8</word>
                <word>KeyF9</word>
                <word>KeyF10</word>
                <word>KeyF11</word>
                <word>KeyF12</word>
                <word>KeyF13</word>
                <word>KeyF14</word>
                <word>KeyF15</word>
                <word>KeyF16</word>
                <word>CrLf</word>
                <word>Cr</word>
                <word>Lf</word>
                <word>NewLine</word>
                <word>NullChar</word>
                <word>NullString</word>
                <word>ObjectError</word>
                <word>Back</word>
                <word>FormFeed</word>
                <word>VerticalTab</word>
                <word>OKOnly</word>
                <word>OKCancel</word>
                <word>AbortRetryIgnore</word>
                <word>YesNoCancel</word>
                <word>YesNo</word>
                <word>RetryCancel</word>
                <word>Critical</word>
                <word>Question</word>
                <word>Exclamation</word>
                <word>Information</word>
                <word>DefaultButton1</word>
                <word>DefaultButton2</word>
                <word>DefaultButton3</word>
                <word>ApplicationModal</word>
                <word>SystemModal</word>
                <word>MsgBoxSetForeground</word>
                <word>MsgBoxRight</word>
                <word>MsgBoxRtlReading</word>
                <word>OK</word>
                <word>Cancel</word>
                <word>Abort</word>
                <word>Retry</word>
                <word>Ignore</word>
                <word>Yes</word>
                <word>No</word>
                <word>Hide</word>
                <word>NormalFocus</word>
                <word>MinimizedFocus</word>
                <word>MaximizedFocus</word>
                <word>NormalNoFocus</word>
                <word>MinimizedNoFocus</word>
                <word>WindowsFolder</word>
                <word>SystemFolder</word>
                <word>TemporaryFolder</word>
                <word>UpperCase</word>
                <word>LowerCase</word>
                <word>ProperCase</word>
                <word>Wide</word>
                <word>Narrow</word>
                <word>Katakana</word>
                <word>Hiragana</word>
                <word>Unicode</word>
                <word>FromUnicode</word>
                <word>ScrollBars</word>
                <word>Desktop</word>
                <word>ActiveTitleBar</word>
                <word>InactiveTitleBar</word>
                <word>MenuBar</word>
                <word>WindowBackground</word>
                <word>WindowFrame</word>
                <word>MenuText</word>
                <word>WindowText</word>
                <word>TitleBarText</word>
                <word>ActiveBorder</word>
                <word>InactiveBorder</word>
                <word>ApplicationWorkspace</word>
                <word>Highlight</word>
                <word>HighlightText</word>
                <word>ButtonFace</word>
                <word>ButtonShadow</word>
                <word>GrayText</word>
                <word>ButtonText</word>
                <word>InactiveCaptionText</word>
                <word>3DHighlight</word>
                <word>3DDKShadow</word>
                <word>3DLight</word>
                <word>InfoText</word>
                <word>InfoBackground</word>
                <word>true</word>
                <word>false</word>
                <word>Default</word>
              </ResWords>
            </ResWordSet>
          </ResWordSets>
          <Expressions>
            <string>[a-zA-Z_][a-zA-Z0-9_]*</string>
          </Expressions>
        </SyntaxBlock>
        <SyntaxBlock>
          <Name>comments</Name>
          <LexStyle>3</LexStyle>
          <LeaveState>0</LeaveState>
          <Expressions>
            <string>\'.*</string>
            <string>rem[\u0000-\u0020].*</string>
          </Expressions>
        </SyntaxBlock>
        <SyntaxBlock>
          <Name>numbers</Name>
          <LexStyle>1</LexStyle>
          <LeaveState>0</LeaveState>
          <Expressions>
            <string>([0-9]+\.[0-9]*(e|E)(\+|\-)?[0-9]+)|([0-9]+\.[0-9]*)|([0-9]+)</string>
          </Expressions>
        </SyntaxBlock>
        <SyntaxBlock>
          <Name>strings</Name>
          <LexStyle>6</LexStyle>
          <LeaveState>0</LeaveState>
          <Expressions>
            <string>("")|"((((\\")|("")|[^"])*")|(((\\")|("")|[^"])*))</string>
          </Expressions>
        </SyntaxBlock>
        <SyntaxBlock>
          <Name>whitespace</Name>
          <LexStyle>5</LexStyle>
          <LeaveState>0</LeaveState>
          <Expressions>
            <string>(\s)+</string>
          </Expressions>
        </SyntaxBlock>
        <SyntaxBlock>
          <Name>symbol</Name>
          <LexStyle>4</LexStyle>
          <LeaveState>0</LeaveState>
          <Expressions>
            <string>\W</string>
          </Expressions>
        </SyntaxBlock>
      </SyntaxBlocks>
    </State>
  </States>
</LexScheme>