<?xml version="1.0" encoding="utf-8"?>
<LexScheme xmlns:xsi="http://www.w3.org/2001/XMLSchema-instance" xmlns:xsd="http://www.w3.org/2001/XMLSchema">
  <Author>AlterNET Software</Author>
  <Name>PHP, VB, Java Scripts in XML</Name>
  <Desc>Syntax Scheme for PHP, VB, Java Scripts in XML Language</Desc>
  <Copyright>Copyright AlterNET Software, 2016-2019</Copyright>
  <FileExtension>.xml</FileExtension>
  <FileType>xml(scripts)</FileType>
  <Version>1.5</Version>
  <Styles>
    <Style>
      <Name>idents</Name>
      <ForeColor>ControlText</ForeColor>
      <ForeColorEnabled>true</ForeColorEnabled>
      <BackColorEnabled>true</BackColorEnabled>
      <BoldEnabled>true</BoldEnabled>
      <ItalicEnabled>true</ItalicEnabled>
      <UnderlineEnabled>true</UnderlineEnabled>
    </Style>
    <Style>
      <Name>numbers</Name>
      <ForeColor>Green</ForeColor>
      <ForeColorEnabled>true</ForeColorEnabled>
      <BackColorEnabled>true</BackColorEnabled>
      <BoldEnabled>true</BoldEnabled>
      <ItalicEnabled>true</ItalicEnabled>
      <UnderlineEnabled>true</UnderlineEnabled>
    </Style>
    <Style>
      <Name>reswords</Name>
      <ForeColor>Blue</ForeColor>
      <ForeColorEnabled>true</ForeColorEnabled>
      <BackColorEnabled>true</BackColorEnabled>
      <BoldEnabled>true</BoldEnabled>
      <ItalicEnabled>true</ItalicEnabled>
      <UnderlineEnabled>true</UnderlineEnabled>
    </Style>
    <Style>
      <Name>comments</Name>
      <ForeColor>Gray</ForeColor>
      <FontStyle>Italic</FontStyle>
      <PlainText>true</PlainText>
      <ForeColorEnabled>true</ForeColorEnabled>
      <BackColorEnabled>true</BackColorEnabled>
      <BoldEnabled>true</BoldEnabled>
      <ItalicEnabled>true</ItalicEnabled>
      <UnderlineEnabled>true</UnderlineEnabled>
    </Style>
    <Style>
      <Name>whitespace</Name>
      <ForeColor>WindowText</ForeColor>
      <ForeColorEnabled>true</ForeColorEnabled>
      <BackColorEnabled>true</BackColorEnabled>
      <BoldEnabled>true</BoldEnabled>
      <ItalicEnabled>true</ItalicEnabled>
      <UnderlineEnabled>true</UnderlineEnabled>
    </Style>
    <Style>
      <Name>strings</Name>
      <ForeColor>Blue</ForeColor>
      <PlainText>true</PlainText>
      <ForeColorEnabled>true</ForeColorEnabled>
      <BackColorEnabled>true</BackColorEnabled>
      <BoldEnabled>true</BoldEnabled>
      <ItalicEnabled>true</ItalicEnabled>
      <UnderlineEnabled>true</UnderlineEnabled>
    </Style>
    <Style>
      <Name>reswords1</Name>
      <ForeColor>Teal</ForeColor>
      <ForeColorEnabled>true</ForeColorEnabled>
      <BackColorEnabled>true</BackColorEnabled>
      <BoldEnabled>true</BoldEnabled>
      <ItalicEnabled>true</ItalicEnabled>
      <UnderlineEnabled>true</UnderlineEnabled>
    </Style>
    <Style>
      <Name>tagnames</Name>
      <ForeColor>Red</ForeColor>
      <ForeColorEnabled>true</ForeColorEnabled>
      <BackColorEnabled>true</BackColorEnabled>
      <BoldEnabled>true</BoldEnabled>
      <ItalicEnabled>true</ItalicEnabled>
      <UnderlineEnabled>true</UnderlineEnabled>
    </Style>
    <Style>
      <Name>tagreswords</Name>
      <ForeColor>Red</ForeColor>
      <ForeColorEnabled>true</ForeColorEnabled>
      <BackColorEnabled>true</BackColorEnabled>
      <BoldEnabled>true</BoldEnabled>
      <ItalicEnabled>true</ItalicEnabled>
      <UnderlineEnabled>true</UnderlineEnabled>
    </Style>
    <Style>
      <Name>strings1</Name>
      <ForeColor>Maroon</ForeColor>
      <PlainText>true</PlainText>
      <ForeColorEnabled>true</ForeColorEnabled>
      <BackColorEnabled>true</BackColorEnabled>
      <BoldEnabled>true</BoldEnabled>
      <ItalicEnabled>true</ItalicEnabled>
      <UnderlineEnabled>true</UnderlineEnabled>
    </Style>
  </Styles>
  <States>
    <State>
      <Name>normal</Name>
      <CaseSensitive>false</CaseSensitive>
      <SyntaxBlocks>
        <SyntaxBlock>
          <Name>xmlPHP</Name>
          <LexStyle>2</LexStyle>
          <LeaveState>2</LeaveState>
          <Expressions>
            <string>&lt;\?php</string>
            <string>&lt;script\slanguage="php"&gt;</string>
          </Expressions>
        </SyntaxBlock>
        <SyntaxBlock>
          <Name>xmlVBS</Name>
          <LexStyle>2</LexStyle>
          <LeaveState>3</LeaveState>
          <Expressions>
            <string>&lt;\%</string>
            <string>&lt;script\slanguage="vbscript"&gt;</string>
          </Expressions>
        </SyntaxBlock>
        <SyntaxBlock>
          <Name>xmlJS</Name>
          <LexStyle>2</LexStyle>
          <LeaveState>4</LeaveState>
          <Expressions>
            <string>&lt;script\slanguage="jscript"&gt;</string>
            <string>&lt;script\slanguage="javascript"&gt;</string>
          </Expressions>
        </SyntaxBlock>
        <SyntaxBlock>
          <Name>xmlCDATA</Name>
          <LexStyle>2</LexStyle>
          <LeaveState>5</LeaveState>
          <Expressions>
            <string>&lt;\?</string>
            <string>&lt;\!\[CDATA\[</string>
          </Expressions>
        </SyntaxBlock>
        <SyntaxBlock>
          <Name>xmlTag</Name>
          <LexStyle>2</LexStyle>
          <LeaveState>1</LeaveState>
          <Expressions>
            <string>&lt;[a-zA-Z_][a-zA-Z0-9_]*</string>
            <string>&lt;\/[a-zA-Z_][a-zA-Z0-9_]*</string>
          </Expressions>
        </SyntaxBlock>
        <SyntaxBlock>
          <Name>xmlComment</Name>
          <LexStyle>3</LexStyle>
          <LeaveState>6</LeaveState>
          <Expressions>
            <string>&lt;\!--</string>
          </Expressions>
        </SyntaxBlock>
      </SyntaxBlocks>
    </State>
    <State>
      <Name>xmlTag</Name>
      <CaseSensitive>false</CaseSensitive>
      <SyntaxBlocks>
        <SyntaxBlock>
          <Name>xmlTag2</Name>
          <LexStyle>2</LexStyle>
          <LeaveState>0</LeaveState>
          <Expressions>
            <string>&gt;</string>
          </Expressions>
        </SyntaxBlock>
        <SyntaxBlock>
          <Name>numbersTag</Name>
          <LexStyle>1</LexStyle>
          <LeaveState>1</LeaveState>
          <Expressions>
            <string>([0-9]+\.[0-9]*(e|E)(\+|\-)?[0-9]+)|([0-9]+\.[0-9]*)|([0-9]+)</string>
          </Expressions>
        </SyntaxBlock>
        <SyntaxBlock>
          <Name>stringsTag</Name>
          <LexStyle>5</LexStyle>
          <LeaveState>1</LeaveState>
          <Expressions>
            <string>("")|"((((\\")|("")|[^"])*")|(((\\")|("")|[^"])*))</string>
          </Expressions>
        </SyntaxBlock>
        <SyntaxBlock>
          <Name>whitespaceTag</Name>
          <LexStyle>4</LexStyle>
          <LeaveState>1</LeaveState>
          <Expressions>
            <string>(\s)+</string>
          </Expressions>
        </SyntaxBlock>
        <SyntaxBlock>
          <Name>tagName</Name>
          <LexStyle>7</LexStyle>
          <LeaveState>1</LeaveState>
          <Expressions>
            <string>[a-zA-Z_][a-zA-Z0-9_]*</string>
          </Expressions>
        </SyntaxBlock>
        <SyntaxBlock>
          <Name>tagValue</Name>
          <LexStyle>2</LexStyle>
          <LeaveState>9</LeaveState>
          <Expressions>
            <string>\=</string>
          </Expressions>
        </SyntaxBlock>
      </SyntaxBlocks>
    </State>
    <State>
      <Name>xmlPHP</Name>
      <CaseSensitive>false</CaseSensitive>
      <SyntaxBlocks>
        <SyntaxBlock>
          <Name>xmlPHP</Name>
          <LexStyle>2</LexStyle>
          <LeaveState>0</LeaveState>
          <Expressions>
            <string>\?&gt;</string>
            <string>&lt;/script&gt;</string>
          </Expressions>
        </SyntaxBlock>
        <SyntaxBlock>
          <Name>identsPHP</Name>
          <LexStyle>0</LexStyle>
          <LeaveState>2</LeaveState>
          <ResWordSets>
            <ResWordSet>
              <Name />
              <ResWordStyle>6</ResWordStyle>
              <ResWords>
                <word>old_function</word>
                <word>switch</word>
                <word>while</word>
                <word>endif</word>
                <word>endswitch</word>
                <word>do</word>
                <word>for</word>
                <word>endfor</word>
                <word>int</word>
                <word>static</word>
                <word>class</word>
                <word>case</word>
                <word>continue</word>
                <word>default</word>
                <word>elseif</word>
                <word>var</word>
                <word>void</word>
                <word>break</word>
                <word>string</word>
                <word>extends</word>
                <word>endwhile</word>
                <word>if</word>
                <word>function</word>
                <word>pval</word>
                <word>global</word>
                <word>else</word>
                <word>return</word>
              </ResWords>
            </ResWordSet>
          </ResWordSets>
          <Expressions>
            <string>[a-zA-Z_][a-zA-Z0-9_]*</string>
          </Expressions>
        </SyntaxBlock>
        <SyntaxBlock>
          <Name>numbersPHP</Name>
          <LexStyle>1</LexStyle>
          <LeaveState>2</LeaveState>
          <Expressions>
            <string>([0-9]+\.[0-9]*(e|E)(\+|\-)?[0-9]+)|([0-9]+\.[0-9]*)|([0-9]+)|(0x[0-9a-fA-F]+)</string>
          </Expressions>
        </SyntaxBlock>
        <SyntaxBlock>
          <Name>stringsPHP</Name>
          <LexStyle>9</LexStyle>
          <LeaveState>2</LeaveState>
          <Expressions>
            <string>("")|"((((\\")|("")|[^"])*")|(((\\")|("")|[^"])*))</string>
            <string>('')|'((((\\')|('')|[^'])*')|(((\\')|('')|[^'])*))</string>
            <string>(``)|`((((\\`)|(``)|[^`])*`)|(((\\`)|(``)|[^`])*))</string>
          </Expressions>
        </SyntaxBlock>
        <SyntaxBlock>
          <Name>scommentsPHP</Name>
          <LexStyle>3</LexStyle>
          <LeaveState>2</LeaveState>
          <Expressions>
            <string>//.*</string>
            <string>\#.*</string>
          </Expressions>
        </SyntaxBlock>
        <SyntaxBlock>
          <Name>mcomments2PHP</Name>
          <LexStyle>3</LexStyle>
          <LeaveState>7</LeaveState>
          <Expressions>
            <string>/\*</string>
          </Expressions>
        </SyntaxBlock>
      </SyntaxBlocks>
    </State>
    <State>
      <Name>xmlVBS</Name>
      <CaseSensitive>false</CaseSensitive>
      <SyntaxBlocks>
        <SyntaxBlock>
          <Name>xmlVBS</Name>
          <LexStyle>2</LexStyle>
          <LeaveState>0</LeaveState>
          <Expressions>
            <string>\%&gt;</string>
            <string>&lt;/script&gt;</string>
          </Expressions>
        </SyntaxBlock>
        <SyntaxBlock>
          <Name>identsVBS</Name>
          <LexStyle>0</LexStyle>
          <LeaveState>3</LeaveState>
          <ResWordSets>
            <ResWordSet>
              <Name />
              <ResWordStyle>6</ResWordStyle>
              <ResWords>
                <word>Private</word>
                <word>end</word>
                <word>Empty</word>
                <word>Public</word>
                <word>Select</word>
                <word>And</word>
                <word>While</word>
                <word>Type</word>
                <word>Compare</word>
                <word>get</word>
                <word>Or</word>
                <word>Next</word>
                <word>Wend</word>
                <word>Option</word>
                <word>Mod</word>
                <word>Is</word>
                <word>Then</word>
                <word>Nothing</word>
                <word>friend</word>
                <word>Case</word>
                <word>Attribute</word>
                <word>Function</word>
                <word>On</word>
                <word>Exit</word>
                <word>If</word>
                <word>Base</word>
                <word>Not</word>
                <word>False</word>
                <word>Call</word>
                <word>String</word>
                <word>let</word>
                <word>Loop</word>
                <word>Sub</word>
                <word>To</word>
                <word>Declare</word>
                <word>Each</word>
                <word>property</word>
                <word>Else</word>
                <word>Const</word>
                <word>Do</word>
                <word>As</word>
                <word>Date</word>
                <word>With</word>
                <word>Error</word>
                <word>Set</word>
                <word>Dim</word>
                <word>Elseif</word>
                <word>xor</word>
                <word>True</word>
                <word>Explicit</word>
                <word>ByVal</word>
                <word>For</word>
                <word>ReDim</word>
                <word>Null</word>
              </ResWords>
            </ResWordSet>
          </ResWordSets>
          <Expressions>
            <string>[a-zA-Z_][a-zA-Z0-9_]*</string>
          </Expressions>
        </SyntaxBlock>
        <SyntaxBlock>
          <Name>numbersVBS</Name>
          <LexStyle>1</LexStyle>
          <LeaveState>3</LeaveState>
          <Expressions>
            <string>([0-9]+\.[0-9]*(e|E)(\+|\-)?[0-9]+)|([0-9]+\.[0-9]*)|([0-9]+)</string>
          </Expressions>
        </SyntaxBlock>
        <SyntaxBlock>
          <Name>stringsVBS</Name>
          <LexStyle>9</LexStyle>
          <LeaveState>3</LeaveState>
          <Expressions>
            <string>("")|"((((\\")|("")|[^"])*")|(((\\")|("")|[^"])*))</string>
          </Expressions>
        </SyntaxBlock>
        <SyntaxBlock>
          <Name>commentsVBS</Name>
          <LexStyle>3</LexStyle>
          <LeaveState>3</LeaveState>
          <Expressions>
            <string>\'.*</string>
            <string>rem[\u0000-\u0020].*</string>
          </Expressions>
        </SyntaxBlock>
      </SyntaxBlocks>
    </State>
    <State>
      <Name>xmlJS</Name>
      <CaseSensitive>false</CaseSensitive>
      <SyntaxBlocks>
        <SyntaxBlock>
          <Name>xmlJS</Name>
          <LexStyle>2</LexStyle>
          <LeaveState>0</LeaveState>
          <Expressions>
            <string>&lt;/script&gt;</string>
          </Expressions>
        </SyntaxBlock>
        <SyntaxBlock>
          <Name>identsJS</Name>
          <LexStyle>0</LexStyle>
          <LeaveState>4</LeaveState>
          <ResWordSets>
            <ResWordSet>
              <Name />
              <ResWordStyle>6</ResWordStyle>
              <ResWords>
                <word>else</word>
                <word>with</word>
                <word>try</word>
                <word>delete</word>
                <word>enum</word>
                <word>void</word>
                <word>typeof</word>
                <word>this</word>
                <word>throw</word>
                <word>while</word>
                <word>false</word>
                <word>const</word>
                <word>true</word>
                <word>new</word>
                <word>for</word>
                <word>continue</word>
                <word>class</word>
                <word>finally</word>
                <word>switch</word>
                <word>break</word>
                <word>null</word>
                <word>import</word>
                <word>return</word>
                <word>case</word>
                <word>export</word>
                <word>default</word>
                <word>super</word>
                <word>if</word>
                <word>catch</word>
                <word>do</word>
                <word>in</word>
                <word>var</word>
                <word>extends</word>
                <word>debugger</word>
                <word>function</word>
              </ResWords>
            </ResWordSet>
          </ResWordSets>
          <Expressions>
            <string>[a-zA-Z_][a-zA-Z0-9_]*</string>
          </Expressions>
        </SyntaxBlock>
        <SyntaxBlock>
          <Name>numbersJS</Name>
          <LexStyle>1</LexStyle>
          <LeaveState>4</LeaveState>
          <Expressions>
            <string>([0-9]+\.[0-9]*(e|E)(\+|\-)?[0-9]+)|([0-9]+\.[0-9]*)|([0-9]+)|(0X[0-9a-fA-F]+)|(0x[0-9a-fA-F]+)</string>
          </Expressions>
        </SyntaxBlock>
        <SyntaxBlock>
          <Name>stringsJS</Name>
          <LexStyle>9</LexStyle>
          <LeaveState>4</LeaveState>
          <Expressions>
            <string>("")|"((((\\")|("")|[^"])*")|(((\\")|("")|[^"])*))</string>
            <string>('')|'((((\\')|('')|[^'])*')|(((\\')|('')|[^'])*))</string>
          </Expressions>
        </SyntaxBlock>
        <SyntaxBlock>
          <Name>scommentsJS</Name>
          <LexStyle>3</LexStyle>
          <LeaveState>4</LeaveState>
          <Expressions>
            <string>//.*</string>
          </Expressions>
        </SyntaxBlock>
        <SyntaxBlock>
          <Name>mcommentsJS</Name>
          <LexStyle>3</LexStyle>
          <LeaveState>8</LeaveState>
          <Expressions>
            <string>/\*</string>
          </Expressions>
        </SyntaxBlock>
      </SyntaxBlocks>
    </State>
    <State>
      <Name>xmlCDATA</Name>
      <CaseSensitive>false</CaseSensitive>
      <SyntaxBlocks>
        <SyntaxBlock>
          <Name>xmlCDATA</Name>
          <LexStyle>2</LexStyle>
          <LeaveState>0</LeaveState>
          <Expressions>
            <string>\]\]&gt;</string>
            <string>\?&gt;</string>
          </Expressions>
        </SyntaxBlock>
        <SyntaxBlock>
          <Name>specialtag</Name>
          <LexStyle>8</LexStyle>
          <LeaveState>5</LeaveState>
          <Expressions>
            <string>((?!(\?&gt;)|(\]\]&gt;)).)+</string>
          </Expressions>
        </SyntaxBlock>
      </SyntaxBlocks>
    </State>
    <State>
      <Name>TagComment</Name>
      <CaseSensitive>false</CaseSensitive>
      <SyntaxBlocks>
        <SyntaxBlock>
          <Name>comment1</Name>
          <LexStyle>3</LexStyle>
          <LeaveState>6</LeaveState>
          <Expressions>
            <string>((?!--&gt;).)+</string>
          </Expressions>
        </SyntaxBlock>
        <SyntaxBlock>
          <Name>commentTag</Name>
          <LexStyle>3</LexStyle>
          <LeaveState>0</LeaveState>
          <Expressions>
            <string>--&gt;</string>
          </Expressions>
        </SyntaxBlock>
      </SyntaxBlocks>
    </State>
    <State>
      <Name>PHPComment</Name>
      <CaseSensitive>false</CaseSensitive>
      <SyntaxBlocks>
        <SyntaxBlock>
          <Name>comment2</Name>
          <LexStyle>3</LexStyle>
          <LeaveState>7</LeaveState>
          <Expressions>
            <string>((?!\*/).)+</string>
          </Expressions>
        </SyntaxBlock>
        <SyntaxBlock>
          <Name>commentPHP</Name>
          <LexStyle>3</LexStyle>
          <LeaveState>2</LeaveState>
          <Expressions>
            <string>\*/</string>
          </Expressions>
        </SyntaxBlock>
      </SyntaxBlocks>
    </State>
    <State>
      <Name>JSComment</Name>
      <CaseSensitive>false</CaseSensitive>
      <SyntaxBlocks>
        <SyntaxBlock>
          <Name>comment3</Name>
          <LexStyle>3</LexStyle>
          <LeaveState>8</LeaveState>
          <Expressions>
            <string>((?!\*/).)+</string>
          </Expressions>
        </SyntaxBlock>
        <SyntaxBlock>
          <Name>commentJS</Name>
          <LexStyle>3</LexStyle>
          <LeaveState>4</LeaveState>
          <Expressions>
            <string>\*/</string>
          </Expressions>
        </SyntaxBlock>
      </SyntaxBlocks>
    </State>
    <State>
      <Name>xmlTagName</Name>
      <CaseSensitive>false</CaseSensitive>
      <SyntaxBlocks>
        <SyntaxBlock>
          <Name>endtag</Name>
          <LexStyle>2</LexStyle>
          <LeaveState>0</LeaveState>
          <Expressions>
            <string>&gt;</string>
          </Expressions>
        </SyntaxBlock>
        <SyntaxBlock>
          <Name>tagString</Name>
          <LexStyle>5</LexStyle>
          <LeaveState>10</LeaveState>
          <Expressions>
            <string>("")|"((((\\")|("")|[^"])*")|(((\\")|("")|[^"])*))</string>
          </Expressions>
        </SyntaxBlock>
        <SyntaxBlock>
          <Name>tagname</Name>
          <LexStyle>2</LexStyle>
          <LeaveState>10</LeaveState>
          <Expressions>
            <string>[a-zA-Z_][a-zA-Z0-9_]*</string>
          </Expressions>
        </SyntaxBlock>
        <SyntaxBlock>
          <Name>whitespace</Name>
          <LexStyle>4</LexStyle>
          <LeaveState>9</LeaveState>
          <Expressions>
            <string>(\s)*</string>
          </Expressions>
        </SyntaxBlock>
      </SyntaxBlocks>
    </State>
    <State>
      <Name>xmlTagValue</Name>
      <CaseSensitive>false</CaseSensitive>
      <SyntaxBlocks>
        <SyntaxBlock>
          <Name>endtag</Name>
          <LexStyle>2</LexStyle>
          <LeaveState>0</LeaveState>
          <Expressions>
            <string>&gt;</string>
          </Expressions>
        </SyntaxBlock>
        <SyntaxBlock>
          <Name>tagString</Name>
          <LexStyle>5</LexStyle>
          <LeaveState>10</LeaveState>
          <Expressions>
            <string>("")|"((((\\")|("")|[^"])*")|(((\\")|("")|[^"])*))</string>
          </Expressions>
        </SyntaxBlock>
        <SyntaxBlock>
          <Name>tagname</Name>
          <LexStyle>7</LexStyle>
          <LeaveState>10</LeaveState>
          <Expressions>
            <string>[a-zA-Z_][a-zA-Z0-9_]*</string>
          </Expressions>
        </SyntaxBlock>
        <SyntaxBlock>
          <Name>whitespace</Name>
          <LexStyle>4</LexStyle>
          <LeaveState>10</LeaveState>
          <Expressions>
            <string>(\s)*</string>
          </Expressions>
        </SyntaxBlock>
      </SyntaxBlocks>
    </State>
  </States>
</LexScheme>