<?xml version="1.0"?>
<doc>
    <assembly>
        <name>Alternet.Editor.Wpf.v5.Design</name>
    </assembly>
    <members>
        <member name="T:Alternet.Editor.Wpf.Design.ControlsAttributeTableBuilder">
            <summary>
            Creates an attribute table that defines design-time metadata.
            </summary>
        </member>
        <member name="M:Alternet.Editor.Wpf.Design.ControlsAttributeTableBuilder.#ctor">
            <summary>
            Initializes a new instance of the <c>ControlsAttributeTableBuilder</c> class with default settings.
            </summary>
        </member>
        <member name="T:Alternet.Editor.Wpf.Design.FlagsEditorResources">
            <summary>
            FlagsEditorResources
            </summary>
        </member>
        <member name="M:Alternet.Editor.Wpf.Design.FlagsEditorResources.InitializeComponent">
            <summary>
            InitializeComponent
            </summary>
        </member>
        <member name="T:Alternet.Editor.Wpf.Design.FlagsListControl">
            <summary>
            FlagsListControl
            </summary>
        </member>
        <member name="M:Alternet.Editor.Wpf.Design.FlagsListControl.InitializeComponent">
            <summary>
            InitializeComponent
            </summary>
        </member>
    </members>
</doc>
