<?xml version="1.0"?>
<doc>
    <assembly>
        <name>Alternet.Syntax.Design.v5</name>
    </assembly>
    <members>
        <member name="T:Alternet.Syntax.Design.LexSchemeConverter">
            <summary>
            Provides a type converter to convert <c>LineStyle</c> objects to and from various other representations.
            </summary>
        </member>
        <member name="M:Alternet.Syntax.Design.LexSchemeConverter.CanConvertTo(System.ComponentModel.ITypeDescriptorContext,System.Type)">
            <summary>
            Returns whether this converter can convert the object to the specified type, using the specified context.
            </summary>
            <param name="context">An ITypeDescriptorContext that provides a format context.</param>
            <param name="destinationType">A Type that represents the type you want to convert to.</param>
            <returns>True if this converter can perform the conversion; otherwise false.</returns>
        </member>
        <member name="M:Alternet.Syntax.Design.LexSchemeConverter.ConvertTo(System.ComponentModel.ITypeDescriptorContext,System.Globalization.CultureInfo,System.Object,System.Type)">
            <summary>
            Converts the given value object to the specified type, using the specified context and culture information.
            </summary>
            <param name="context">An ITypeDescriptorContext that provides a format context.</param>
            <param name="culture">A CultureInfo object. If a null reference, the current culture is assumed.</param>
            <param name="value">The Object to convert.</param>
            <param name="destinationType">The Type to convert the value parameter to.</param>
            <returns>An Object that represents the converted value.</returns>
        </member>
        <member name="T:Alternet.Syntax.Design.SyntaxBuilderConsts">
            <summary>
            Contains default constants related to Syntax Builder editor.
            </summary>
        </member>
        <member name="T:Alternet.Syntax.Design.SyntaxBuilderEditor">
            <summary>
            Provides a user interface to edit lexer scheme in design time.
            </summary>
        </member>
        <member name="M:Alternet.Syntax.Design.SyntaxBuilderEditor.EditValue(System.ComponentModel.ITypeDescriptorContext,System.IServiceProvider,System.Object)">
            <summary>
            Edits the specified object's value using the scheme editor.
            </summary>
            <param name="context">An <c>ITypeDescriptorContext</c> that can be used to gain additional context information.</param>
            <param name="provider">An <c>IServiceProvider</c> that this editor can use to obtain services. </param>
            <param name="value"></param>
            <returns></returns>
        </member>
        <member name="M:Alternet.Syntax.Design.SyntaxBuilderEditor.GetEditStyle(System.ComponentModel.ITypeDescriptorContext)">
            <summary>
            Gets the editor style used by the EditValue method.
            </summary>
            <param name="context">An ITypeDescriptorContext that can be used to gain additional context information.</param>
            <returns>UITypeEditorEditStyle.Modal if context instance is assigned.</returns>
        </member>
        <member name="T:Alternet.Syntax.Design.Dialogs.ColorBox">
            <summary>
            Represents a combo-box like control used to select color from drop-down list of colors.
            </summary>
        </member>
        <member name="M:Alternet.Syntax.Design.Dialogs.ColorBox.#ctor(System.ComponentModel.IContainer)">
            <summary>
            Initializes a new instance of the <c>ColorBox</c> class with specified container.
            </summary>
            <param name="container">Specifies IContainer that contains this new instance.</param>
        </member>
        <member name="M:Alternet.Syntax.Design.Dialogs.ColorBox.#ctor">
            <summary>
            Initializes a new instance of the <c>ColorBox</c> class with default settings.
            </summary>
        </member>
        <member name="P:Alternet.Syntax.Design.Dialogs.ColorBox.Items">
            <summary>
            Gets an object representing the collection of the colors contained in this <c>ColorBox</c>.
            </summary>
        </member>
        <member name="P:Alternet.Syntax.Design.Dialogs.ColorBox.Text">
            <summary>
            Represents text associated with this control.
            </summary>
        </member>
        <member name="P:Alternet.Syntax.Design.Dialogs.ColorBox.SelectedColor">
            <summary>
            Gets or sets currently selected color in the <c>ColorBox</c>.
            </summary>
        </member>
        <member name="T:Alternet.Syntax.Design.Dialogs.DlgSyntaxBuilder">
            <summary>
            Represents a dialog box used to edit lexical scheme in design time.
            </summary>
        </member>
        <member name="M:Alternet.Syntax.Design.Dialogs.DlgSyntaxBuilder.#ctor">
            <summary>
            Initializes a new instance of the <c>DlgSyntaxBuilder</c> class with default settings.
            </summary>
        </member>
        <member name="M:Alternet.Syntax.Design.Dialogs.DlgSyntaxBuilder.#ctor(Alternet.Syntax.Design.SyntaxBuilderEditor)">
            <summary>
            Initializes a new instance of the <c>DlgSyntaxBuilder</c> class with specified parameters.
            </summary>
            <param name="editor">Editor owning the dialog box.</param>
        </member>
        <member name="P:Alternet.Syntax.Design.Dialogs.DlgSyntaxBuilder.Scheme">
            <summary>
            Represents lexer scheme being edited.
            </summary>
        </member>
    </members>
</doc>
