<?xml version="1.0"?>
<doc>
    <assembly>
        <name>Alternet.FormDesigner.Wpf.v5.Design</name>
    </assembly>
    <members>
        <member name="T:Alternet.FormDesigner.Wpf.Design.ControlsAttributeTableBuilder">
            <summary>
            Creates an attribute table that defines design-time metadata.
            </summary>
        </member>
        <member name="M:Alternet.FormDesigner.Wpf.Design.ControlsAttributeTableBuilder.#ctor">
            <summary>
            Initializes a new instance of the <c>ControlsAttributeTableBuilder</c> class with default settings.
            </summary>
        </member>
    </members>
</doc>
