<?xml version="1.0"?>
<doc>
    <assembly>
        <name>Alternet.Editor.Design.v5</name>
    </assembly>
    <members>
        <member name="T:Alternet.Design.FlagEnumerationEditor">
            <summary>
            Provides a user interface to edit enumeration objects with flag attributes in design time.
            </summary>
        </member>
        <member name="P:Alternet.Design.FlagEnumerationEditor.Service">
            <summary>
            Represents object that is used to display a control in a drop down area from a property grid control in design mode.
            </summary>
        </member>
        <member name="M:Alternet.Design.FlagEnumerationEditor.EditValue(System.ComponentModel.ITypeDescriptorContext,System.IServiceProvider,System.Object)">
            <summary>
            Edits the value of the specified object using the editor style indicated by <c>GetEditStyle</c>.
            </summary>
            <param name="context">An ITypeDescriptorContext that can be used to gain additional context information.</param>
            <param name="provider">An IServiceProvider that this editor can use to obtain services.</param>
            <param name="value">The object to edit.</param>
            <returns>The new value of the object.</returns>
        </member>
        <member name="M:Alternet.Design.FlagEnumerationEditor.GetEditStyle(System.ComponentModel.ITypeDescriptorContext)">
            <summary>
            Gets the editor style used by the <c>EditValue</c> method.
            </summary>
            <param name="context">An ITypeDescriptorContext that can be used to gain additional context information.</param>
            <returns>A UITypeEditorEditStyle value that indicates the style of editor used by <c>EditValue</c>.</returns>
        </member>
        <member name="T:Alternet.Design.LineStyleConverter">
            <summary>
            Provides a type converter to convert <c>LineStyle</c> objects to and from various other representations.
            </summary>
        </member>
        <member name="M:Alternet.Design.LineStyleConverter.CanConvertTo(System.ComponentModel.ITypeDescriptorContext,System.Type)">
            <summary>
            Returns whether this converter can convert the object to the specified type, using the specified context.
            </summary>
            <param name="context">An ITypeDescriptorContext that provides a format context.</param>
            <param name="destinationType">A Type that represents the type you want to convert to.</param>
            <returns>True if this converter can perform the conversion; otherwise false.</returns>
        </member>
        <member name="M:Alternet.Design.LineStyleConverter.ConvertTo(System.ComponentModel.ITypeDescriptorContext,System.Globalization.CultureInfo,System.Object,System.Type)">
            <summary>
            Converts the given value object to the specified type, using the specified context and culture information.
            </summary>
            <param name="context">An ITypeDescriptorContext that provides a format context.</param>
            <param name="culture">A CultureInfo object. If a null reference, the current culture is assumed.</param>
            <param name="value">The Object to convert.</param>
            <param name="destinationType">The Type to convert the value parameter to.</param>
            <returns>An Object that represents the converted value.</returns>
        </member>
        <member name="T:Alternet.Design.LineStylesConverter">
            <summary>
            Provides a type converter to convert <c>LineStyle</c> objects to and from various other representations.
            </summary>
        </member>
        <member name="M:Alternet.Design.LineStylesConverter.CanConvertTo(System.ComponentModel.ITypeDescriptorContext,System.Type)">
            <summary>
            Returns whether this converter can convert the object to the specified type, using the specified context.
            </summary>
            <param name="context">An ITypeDescriptorContext that provides a format context.</param>
            <param name="destinationType">A Type that represents the type you want to convert to.</param>
            <returns>True if this converter can perform the conversion; otherwise false.</returns>
        </member>
        <member name="M:Alternet.Design.LineStylesConverter.ConvertTo(System.ComponentModel.ITypeDescriptorContext,System.Globalization.CultureInfo,System.Object,System.Type)">
            <summary>
            Converts the given value object to the specified type, using the specified context and culture information.
            </summary>
            <param name="context">An ITypeDescriptorContext that provides a format context.</param>
            <param name="culture">A CultureInfo object. If a null reference, the current culture is assumed.</param>
            <param name="value">The Object to convert.</param>
            <param name="destinationType">The Type to convert the value parameter to.</param>
            <returns>An Object that represents the converted value.</returns>
        </member>
        <member name="T:Alternet.Design.LineStylesEditor">
            <summary>
            Represents collection editor for LineStyle class.
            </summary>
        </member>
        <member name="M:Alternet.Design.LineStylesEditor.#ctor(System.Type)">
            <summary>
            Initializes a new instance of the <c>LineStylesEditor</c> class with specified parameter.
            </summary>
            <param name="type">The type of the collection for this editor to edit.</param>
        </member>
        <member name="T:Alternet.Design.ScrollingButtonConverter">
            <summary>
            Provides a type converter to convert <c>ScrollingButton</c> objects to and from various other representations.
            </summary>
        </member>
        <member name="M:Alternet.Design.ScrollingButtonConverter.CanConvertTo(System.ComponentModel.ITypeDescriptorContext,System.Type)">
            <summary>
            Returns whether this converter can convert the object to the specified type, using the specified context.
            </summary>
            <param name="context">An ITypeDescriptorContext that provides a format context.</param>
            <param name="destinationType">A Type that represents the type you want to convert to.</param>
            <returns>True if this converter can perform the conversion; otherwise false.</returns>
        </member>
        <member name="M:Alternet.Design.ScrollingButtonConverter.ConvertTo(System.ComponentModel.ITypeDescriptorContext,System.Globalization.CultureInfo,System.Object,System.Type)">
            <summary>
            Converts the given value object to the specified type, using the specified context and culture information.
            </summary>
            <param name="context">An ITypeDescriptorContext that provides a format context.</param>
            <param name="culture">A CultureInfo object. If a null reference, the current culture is assumed.</param>
            <param name="value">The Object to convert.</param>
            <param name="destinationType">The Type to convert the value parameter to.</param>
            <returns>An Object that represents the converted value.</returns>
        </member>
        <member name="T:Alternet.Design.ScrollingButtonsConverter">
            <summary>
            Provides a type converter to convert <c>LineStyle</c> objects to and from various other representations.
            </summary>
        </member>
        <member name="M:Alternet.Design.ScrollingButtonsConverter.CanConvertTo(System.ComponentModel.ITypeDescriptorContext,System.Type)">
            <summary>
            Returns whether this converter can convert the object to the specified type, using the specified context.
            </summary>
            <param name="context">An ITypeDescriptorContext that provides a format context.</param>
            <param name="destinationType">A Type that represents the type you want to convert to.</param>
            <returns>True if this converter can perform the conversion; otherwise false.</returns>
        </member>
        <member name="M:Alternet.Design.ScrollingButtonsConverter.ConvertTo(System.ComponentModel.ITypeDescriptorContext,System.Globalization.CultureInfo,System.Object,System.Type)">
            <summary>
            Converts the given value object to the specified type, using the specified context and culture information.
            </summary>
            <param name="context">An ITypeDescriptorContext that provides a format context.</param>
            <param name="culture">A CultureInfo object. If a null reference, the current culture is assumed.</param>
            <param name="value">The Object to convert.</param>
            <param name="destinationType">The Type to convert the value parameter to.</param>
            <returns>An Object that represents the converted value.</returns>
        </member>
        <member name="T:Alternet.Design.ScrollingButtonsEditor">
            <summary>
            Represents collection editor for LineStyle class.
            </summary>
        </member>
        <member name="M:Alternet.Design.ScrollingButtonsEditor.#ctor(System.Type)">
            <summary>
            Initializes a new instance of the <c>ScrollingButtonsEditor</c> class with specified parameters.
            </summary>
            <param name="type">The type of the collection for this editor to edit.</param>
        </member>
        <member name="T:Alternet.Design.Dialogs.DlgFlagEnumeration">
            <summary>
            Represents a dialog box used to edit enumeration object with flag attribute at design time.
            </summary>
        </member>
        <member name="M:Alternet.Design.Dialogs.DlgFlagEnumeration.#ctor">
            <summary>
            Initializes a new instance of the <c>DlgFlagEnumeration</c> class with default settings.
            </summary>
        </member>
        <member name="M:Alternet.Design.Dialogs.DlgFlagEnumeration.#ctor(Alternet.Design.FlagEnumerationEditor)">
            <summary>
            Initializes a new instance of the <c>DlgFlagEnumeration</c> class with specified parameters.
            </summary>
            <param name="editor">Specifies <c>FlagEnumerationEditor</c> to edit enumeration objects.</param>
        </member>
        <member name="P:Alternet.Design.Dialogs.DlgFlagEnumeration.EditValue">
            <summary>
            Gets or sets an object to edit.
            </summary>
        </member>
        <member name="P:Alternet.Design.Dialogs.DlgFlagEnumeration.ListBox">
            <summary>
            Represents checked listbox control displayed for <c>EditValue</c> object while editing.
            </summary>
        </member>
    </members>
</doc>
