<?xml version="1.0"?>
<doc>
    <assembly>
        <name>Alternet.FormDesigner.TypeScript.v5</name>
    </assembly>
    <members>
        <member name="T:Alternet.FormDesigner.TypeScript.EventBindingServiceJavaScript">
            <summary>
            This class provides a default implementation of the event binding service.
            </summary>
        </member>
        <member name="M:Alternet.FormDesigner.TypeScript.EventBindingServiceJavaScript.#ctor(System.IServiceProvider,Alternet.FormDesigner.WinForms.InsertTextIntoCodeDelegate,System.Func{System.IO.Stream},System.String,System.String,System.Func{Alternet.FormDesigner.WinForms.NavigateToUserMethodRequestedEventArgs,System.Boolean})">
            <summary>
            Initializes a new instance of the <c>EventBindingServiceCSharp</c> class with specified settings.
            </summary>
            <param name="provider"><c>IServiceProvider</c> for this new instance.</param>
            <param name="insertTextIntoCodeFunc">Method used to insert text into the code.</param>
            <param name="openStreamForReadingFunc">Method used to open stream in read mode.</param>
            <param name="userFileName">File name with the Form designer code.</param>
            <param name="designedClassName">Name of the class being designed.</param>
            <param name="showUserCodeFunc">Method used to show user code.</param>
            <remarks>You must provide a service provider to the binding service. We give it our host.</remarks>
        </member>
        <member name="T:Alternet.FormDesigner.TypeScript.EventBindingServiceTypeScript">
            <summary>
            This class provides a default implementation of the event binding service.
            </summary>
        </member>
        <member name="M:Alternet.FormDesigner.TypeScript.EventBindingServiceTypeScript.#ctor(System.IServiceProvider,Alternet.FormDesigner.WinForms.InsertTextIntoCodeDelegate,System.Func{System.IO.Stream},System.String,System.String,System.Func{Alternet.FormDesigner.WinForms.NavigateToUserMethodRequestedEventArgs,System.Boolean})">
            <summary>
            Initializes a new instance of the <c>EventBindingServiceCSharp</c> class with specified settings.
            </summary>
            <param name="provider"><c>IServiceProvider</c> for this new instance.</param>
            <param name="insertTextIntoCodeFunc">Method used to insert text into the code.</param>
            <param name="openStreamForReadingFunc">Method used to open stream in read mode.</param>
            <param name="userFileName">File name with the Form designer code.</param>
            <param name="designedClassName">Name of the class being designed.</param>
            <param name="showUserCodeFunc">Method used to show user code.</param>
            <remarks>You must provide a service provider to the binding service. We give it our host.</remarks>
        </member>
        <member name="M:Alternet.FormDesigner.TypeScript.EventBindingServiceTypeScript.Finalize">
            <summary>
            Destroys the instance of the <c>EventBindingServiceTypeScript</c> class.
            </summary>
        </member>
        <member name="M:Alternet.FormDesigner.TypeScript.EventBindingServiceTypeScript.Dispose">
            <summary>
            Disposes resources allocated by the <c>EventBindingServiceTypeScript</c> class.
            </summary>
        </member>
        <member name="M:Alternet.FormDesigner.TypeScript.EventBindingServiceTypeScript.GetCompatibleMethods(System.ComponentModel.EventDescriptor)">
            <summary>
            Retrieves a collection of strings.  Each string is the name of a method
            in user code that has a signature that is compatible with the given event.
            </summary>
            <param name="e">Condition for methods.</param>
            <returns>List of methods suitable specified condition.</returns>
        </member>
        <member name="M:Alternet.FormDesigner.TypeScript.EventBindingServiceTypeScript.UseMethod(System.Object,System.ComponentModel.EventDescriptor,System.String)">
            This provides a notification that a particular method
            is being used by an event handler.  Some implementations
            may want to remove the event hander when no events are using
            it.  By overriding UseMethod and FreeMethod, an implementation
            can know when a method is no longer needed.
        </member>
        <member name="T:Alternet.FormDesigner.TypeScript.JavaScriptLanguageService">
            <summary>
            Represents various methods for JavaScript language service for Form Designer.
            </summary>
        </member>
        <member name="M:Alternet.FormDesigner.TypeScript.JavaScriptLanguageService.#ctor(Alternet.FormDesigner.WinForms.Language)">
            <summary>
            Initializes a new instance of the <c>JavaScriptLanguageService</c> class with specified language.
            </summary>
            <param name="language">Language to be supported.</param>
        </member>
        <member name="M:Alternet.FormDesigner.TypeScript.JavaScriptLanguageService.Init">
            <summary>
            Initializes a new <c>Alternet.FormDesigner.TypeScript.JavaScriptLanguageService</c> object for the JavScript language and adds it to the language services collection.
            </summary>
        </member>
        <member name="M:Alternet.FormDesigner.TypeScript.JavaScriptLanguageService.CreateParser(System.IServiceProvider,Alternet.FormDesigner.WinForms.DesignerReferencedAssemblies,System.Collections.Generic.IEnumerable{Alternet.FormDesigner.WinForms.DesignerAssemblyResources},Alternet.FormDesigner.WinForms.DesignerImportedNamespaces,Alternet.FormDesigner.WinForms.IDesignedComponentAssemblyProvider)">
            <summary>
            Creates a new instance of the <c>Alternet.FormDesigner.TypeScript.TypeScriptParser</c> with specified parameters.
            </summary>
            <param name="serviceProvider">IServiceProvider for this new parser</param>
            <param name="referencedAssemblies">List of referenced assemblies</param>
            <param name="assemblyResources">List of designer resources</param>
            <param name="importedNamespaces">List of imported namespaces</param>
            <returns></returns>
        </member>
        <member name="M:Alternet.FormDesigner.TypeScript.JavaScriptLanguageService.GetDesignedClassName(System.String)">
            <summary>
            Retrieves form class name from the content of specified file.
            </summary>
            <param name="userCodeFileName">Name of the file.</param>
            <returns>The name of form class.</returns>
        </member>
        <member name="M:Alternet.FormDesigner.TypeScript.JavaScriptLanguageService.GetAssemblyResourcesParameters(System.String@,System.String@)">
            <summary>
            Retrieves default resources directory name and project file extension for the TypeScript project.
            </summary>
            <param name="resourcesDirectoryName">Default directory name where TypeScript project stores its resources.</param>
            <param name="projectFileExtension">Default TypeScript project extension.</param>
        </member>
        <member name="M:Alternet.FormDesigner.TypeScript.JavaScriptLanguageService.CreateCodeProvider(System.IServiceProvider)">
            <summary>
            Creates a code provider for the TypeScript language.
            </summary>
            <param name="serviceProvider">Specifies a <c>IServiceProvider</c> support object for the TypeScript language.</param>
            <returns>CodeDomProvider for the TypeScript language.</returns>
        </member>
        <member name="M:Alternet.FormDesigner.TypeScript.JavaScriptLanguageService.CreateEventBindingService(System.ComponentModel.Design.IServiceContainer,Alternet.FormDesigner.WinForms.IFormDesignerDataSource,System.Func{Alternet.FormDesigner.WinForms.NavigateToUserMethodRequestedEventArgs,System.Boolean})">
            <summary>
            Creates an event binding service for TypeScript language.
            </summary>
            <param name="serviceContainer">IServiceContainer for this new service.</param>
            <param name="source">IFormDesignerDataSource object contains data for this new service.</param>
            <param name="showUserCodeFunc">Method used to show user code.</param>
            <returns>An EventBindingServiceTypeScript object that provides default service for the TypeScript language.</returns>
        </member>
        <member name="M:Alternet.FormDesigner.TypeScript.JavaScriptLanguageService.SaveDifferencesInCode(Alternet.FormDesigner.WinForms.IFormDesignerDataSource,Alternet.FormDesigner.WinForms.IFormDesignerLoader,Alternet.FormDesigner.WinForms.IFormDesignerControl)">
            <summary>
            Saves changes from the Form Designer to the TypeScript code.
            </summary>
            <param name="source">IFormDesignerDataSource where the changes will be saved.</param>
            <param name="designerLoader">IFormDesignerLoader used to load form being designed.</param>
            <param name="designer">IFormDesignerControl that contains the form being designed.</param>
        </member>
        <member name="M:Alternet.FormDesigner.TypeScript.JavaScriptLanguageService.PreprocessCodeDomBeforeSaving(System.CodeDom.CodeTypeDeclaration)">
            <summary>
            Preprocesses CodeDom representation of the form before saving its content.
            </summary>
            <param name="rootForm">CodeTypeDeclaration object to be preprocessed.</param>
        </member>
        <member name="T:Alternet.FormDesigner.TypeScript.NodeExtensions">
            <summary>
            Contains extended methods for <c>Alternet.Common.TypeScript.Types.Node</c> class.
            </summary>
        </member>
        <member name="M:Alternet.FormDesigner.TypeScript.NodeExtensions.GetBaseNode(Alternet.Common.TypeScript.Types.Node)">
            <summary>
            Finds child node which represents base type of the current node.
            </summary>
            <param name="node">Node to check.</param>
            <returns>Node object that matches the search criteria.</returns>
        </member>
        <member name="M:Alternet.FormDesigner.TypeScript.NodeExtensions.GetName(Alternet.Common.TypeScript.Types.Node)">
            <summary>
            Finds child node which contains full name of the current node.
            </summary>
            <param name="node">Node to check.</param>
            <returns>Full name of the current node.</returns>
        </member>
        <member name="M:Alternet.FormDesigner.TypeScript.NodeExtensions.GetTypeName(Alternet.Common.TypeScript.Types.Node)">
            <summary>
            Finds child node which contains type information of the current node.
            </summary>
            <param name="node">Node to check.</param>
            <returns>String describing type of the current node.</returns>
        </member>
        <member name="M:Alternet.FormDesigner.TypeScript.NodeExtensions.FindArgumentList(Alternet.Common.TypeScript.Types.Node)">
            <summary>
            Finds child node which represents list of arguments of the current node.
            </summary>
            <param name="node">Node to check.</param>
            <returns>Node object that matches the search criteria.</returns>
        </member>
        <member name="M:Alternet.FormDesigner.TypeScript.NodeExtensions.FindArrayList(Alternet.Common.TypeScript.Types.Node)">
            <summary>
            Finds child node which represents array list of the current node.
            </summary>
            <param name="node">Node to check.</param>
            <returns>Node object that matches the search criteria.</returns>
        </member>
        <member name="M:Alternet.FormDesigner.TypeScript.NodeExtensions.FindParamList(Alternet.Common.TypeScript.Types.Node)">
            <summary>
            Finds child node which represents list of parameters of the current node.
            </summary>
            <param name="node">Node to check.</param>
            <returns>Node object that matches the search criteria.</returns>
        </member>
        <member name="M:Alternet.FormDesigner.TypeScript.NodeExtensions.FindLast(Alternet.Common.TypeScript.Types.Node,Alternet.Common.TypeScript.Types.SyntaxKind)">
            <summary>
            Finds last child node with specified SyntaxKind of the current node.
            </summary>
            <param name="node">Node to check.</param>
            <param name="syntaxKind">Specifies type of the node.</param>
            <returns>Node object that matches the search criteria.</returns>
        </member>
        <member name="M:Alternet.FormDesigner.TypeScript.NodeExtensions.GetLastChild(Alternet.Common.TypeScript.Types.Node,System.Boolean)">
            <summary>
            Finds last child node with specified SyntaxKind of the current node.
            </summary>
            <param name="node">Node to check.</param>
            <param name="recursive">Indicates whether the search should be recursive.</param>
            <returns>Node object that matches the search criteria.</returns>
        </member>
        <member name="M:Alternet.FormDesigner.TypeScript.NodeExtensions.FindMemberName(Alternet.Common.TypeScript.Types.Node)">
            <summary>
            Finds child node which contains last name part of the current node.
            </summary>
            <param name="node">Node to check.</param>
            <returns>Node object that matches the search criteria.</returns>
        </member>
        <member name="T:Alternet.FormDesigner.TypeScript.TypeScriptLanguageService">
            <summary>
            Represents various methods for TypeScript language service for Form Designer.
            </summary>
        </member>
        <member name="M:Alternet.FormDesigner.TypeScript.TypeScriptLanguageService.#ctor(Alternet.FormDesigner.WinForms.Language)">
            <summary>
            Initializes a new instance of the <c>TypeScriptLanguageService</c> class with specified language.
            </summary>
            <param name="language">Language to be supported.</param>
        </member>
        <member name="M:Alternet.FormDesigner.TypeScript.TypeScriptLanguageService.Init">
            <summary>
            Initializes a new <c>Alternet.FormDesigner.TypeScript.TypeScriptLanguageService</c> object for the TypeScript language and adds it to the language services collection.
            </summary>
        </member>
        <member name="M:Alternet.FormDesigner.TypeScript.TypeScriptLanguageService.CreateParser(System.IServiceProvider,Alternet.FormDesigner.WinForms.DesignerReferencedAssemblies,System.Collections.Generic.IEnumerable{Alternet.FormDesigner.WinForms.DesignerAssemblyResources},Alternet.FormDesigner.WinForms.DesignerImportedNamespaces,Alternet.FormDesigner.WinForms.IDesignedComponentAssemblyProvider)">
            <summary>
            Creates a new instance of the <c>Alternet.FormDesigner.TypeScript.TypeScriptParser</c> with specified parameters.
            </summary>
            <param name="serviceProvider">IServiceProvider for this new parser</param>
            <param name="referencedAssemblies">List of referenced assemblies</param>
            <param name="assemblyResources">List of designer resources</param>
            <param name="importedNamespaces">List of imported namespaces</param>
            <returns></returns>
        </member>
        <member name="M:Alternet.FormDesigner.TypeScript.TypeScriptLanguageService.GetDesignedClassName(System.String)">
            <summary>
            Retrieves form class name from the content of specified file.
            </summary>
            <param name="userCodeFileName">Name of the file.</param>
            <returns>The name of form class.</returns>
        </member>
        <member name="M:Alternet.FormDesigner.TypeScript.TypeScriptLanguageService.GetAssemblyResourcesParameters(System.String@,System.String@)">
            <summary>
            Retrieves default resources directory name and project file extension for the TypeScript project.
            </summary>
            <param name="resourcesDirectoryName">Default directory name where TypeScript project stores its resources.</param>
            <param name="projectFileExtension">Default TypeScript project extension.</param>
        </member>
        <member name="M:Alternet.FormDesigner.TypeScript.TypeScriptLanguageService.CreateCodeProvider(System.IServiceProvider)">
            <summary>
            Creates a code provider for the TypeScript language.
            </summary>
            <param name="serviceProvider">Specifies a <c>IServiceProvider</c> support object for the TypeScript language.</param>
            <returns>CodeDomProvider for the TypeScript language.</returns>
        </member>
        <member name="M:Alternet.FormDesigner.TypeScript.TypeScriptLanguageService.CreateEventBindingService(System.ComponentModel.Design.IServiceContainer,Alternet.FormDesigner.WinForms.IFormDesignerDataSource,System.Func{Alternet.FormDesigner.WinForms.NavigateToUserMethodRequestedEventArgs,System.Boolean})">
            <summary>
            Creates an event binding service for TypeScript language.
            </summary>
            <param name="serviceContainer">IServiceContainer for this new service.</param>
            <param name="source">IFormDesignerDataSource object contains data for this new service.</param>
            <param name="showUserCodeFunc">Method used to show user code.</param>
            <returns>An EventBindingServiceTypeScript object that provides default service for the TypeScript language.</returns>
        </member>
        <member name="M:Alternet.FormDesigner.TypeScript.TypeScriptLanguageService.SaveDifferencesInCode(Alternet.FormDesigner.WinForms.IFormDesignerDataSource,Alternet.FormDesigner.WinForms.IFormDesignerLoader,Alternet.FormDesigner.WinForms.IFormDesignerControl)">
            <summary>
            Saves changes from the Form Designer to the TypeScript code.
            </summary>
            <param name="source">IFormDesignerDataSource where the changes will be saved.</param>
            <param name="designerLoader">IFormDesignerLoader used to load form being designed.</param>
            <param name="designer">IFormDesignerControl that contains the form being designed.</param>
        </member>
        <member name="M:Alternet.FormDesigner.TypeScript.TypeScriptLanguageService.PreprocessCodeDomBeforeSaving(System.CodeDom.CodeTypeDeclaration)">
            <summary>
            Preprocesses CodeDom representation of the form before saving its content.
            </summary>
            <param name="rootForm">CodeTypeDeclaration object to be preprocessed.</param>
        </member>
    </members>
</doc>
