<?xml version="1.0"?>
<doc>
    <assembly>
        <name>Alternet.FormDesigner.UI.Wpf.v5</name>
    </assembly>
    <members>
        <member name="T:Alternet.FormDesigner.Wpf.UI.FormRunner">
            <summary>
            Provides method to execute form being designed.
            </summary>
        </member>
        <member name="M:Alternet.FormDesigner.Wpf.UI.FormRunner.RunDesignerForm(Alternet.FormDesigner.Wpf.IFormDesignerDataSource,System.String[])">
            <summary>
            Compiles and run form being designed with specified parameters.
            </summary>
            <param name="source">Data source of the designer form.</param>
            <param name="wpfResourceFiles">List of resource files.</param>
        </member>
        <member name="T:Alternet.FormDesigner.Wpf.UI.FormRunner.XAMLExtensions">
            <summary>
            Provides extended method to manipulate xaml content.
            </summary>
        </member>
        <member name="M:Alternet.FormDesigner.Wpf.UI.FormRunner.XAMLExtensions.GetIntermediateFilesAndResourcesForSeparateXamlFiles(System.String[],System.String,System.String,Alternet.FormDesigner.Wpf.Language,System.Collections.Generic.List{System.String},System.Collections.Generic.List{System.Tuple{System.String,System.String}})">
            <summary>
            Generates code and resources files from given list of xaml files.
            </summary>
            <param name="xamlFiles">List of source .xaml files.</param>
            <param name="outputPath">Path where generated files will be stored.</param>
            <param name="assemblyName">Target assembly name.</param>
            <param name="language">The .NET language used to generate code.</param>
            <param name="generatedCodeFiles">List of generated code files.</param>
            <param name="generatedResourceFiles">List of generated resource files.</param>
            <returns>True if succeed; otherwise false.</returns>
        </member>
        <member name="T:Alternet.FormDesigner.Wpf.UI.RichFormDesignerEditorHelpers">
            <summary>
            Provides methods to link form designer control with the editor to display its source.
            </summary>
        </member>
        <member name="M:Alternet.FormDesigner.Wpf.UI.RichFormDesignerEditorHelpers.SetEditorSource(Alternet.Common.RichScriptEdit.Wpf.IScriptEdit,System.String,Alternet.FormDesigner.Wpf.EditorFormDesignerDataSource)">
            <summary>
            Binds specific editor with <c>EditorFormDesignerDataSource</c>.
            </summary>
            <param name="edit"><c>IScriptEdit</c> that will edit form designer content.</param>
            <param name="fileName">Name of code or .xaml file.</param>
            <param name="source"><c>EditorFormDesignerDataSource</c> to which edit will be set.</param>
        </member>
        <member name="T:Alternet.FormDesigner.Wpf.UI.RichFormDesignerTextSource">
            <summary>
            Provides a properties and methods for a Form Designer control's text based on RichEdit control
            </summary>
        </member>
        <member name="P:Alternet.FormDesigner.Wpf.UI.RichFormDesignerTextSource.ScriptEdit">
            <summary>
            Represents editor that performs text manipulation related functions.
            </summary>
        </member>
        <member name="P:Alternet.FormDesigner.Wpf.UI.RichFormDesignerTextSource.ScriptEditRequiredFunc">
            <summary>
            Gets or sets action which is executed when designer needs to display its code.
            </summary>
        </member>
        <member name="P:Alternet.FormDesigner.Wpf.UI.RichFormDesignerTextSource.Text">
            <summary>
            Gets or sets text source content as a single string with the individual strings delimited by carriage returns.
            </summary>
        </member>
        <member name="M:Alternet.FormDesigner.Wpf.UI.RichFormDesignerTextSource.LoadFile(System.String)">
            <summary>
            Loads the contents of a text file into <c>Text</c> property.
            </summary>
            <param name="filePath">Represents name of file on disk.</param>
            <returns>True if succeed; otherwise false.</returns>
        </member>
        <member name="M:Alternet.FormDesigner.Wpf.UI.RichFormDesignerTextSource.SaveFile(System.String)">
            <summary>
            Saves <c>IFormDesignerTextSource</c> content to the specific file.
            </summary>
            <param name="filePath">Name of the file to save content.</param>
            <returns>True if succeed; otherwise false.</returns>
        </member>
        <member name="M:Alternet.FormDesigner.Wpf.UI.RichFormDesignerTextSource.InsertText(Alternet.FormDesigner.Wpf.FormDesignerTextSourceOperations.TextInsertionOperation[])">
            <summary>
            Performs number of text insertions defined in the specified operations.
            </summary>
            <param name="operations">List of operation each one contains insertion data.</param>
        </member>
        <member name="M:Alternet.FormDesigner.Wpf.UI.RichFormDesignerTextSource.ReplaceText(Alternet.FormDesigner.Wpf.FormDesignerTextSourceOperations.TextReplacementOperation[])">
            <summary>
            This method is not implemented and can not be executed.
            </summary>
        </member>
        <member name="T:Alternet.FormDesigner.Wpf.UI.CompileResult">
            <summary>
            Represent structured information of code compilation result.
            </summary>
        </member>
        <member name="F:Alternet.FormDesigner.Wpf.UI.CompileResult.Diagnostics">
            <summary>
            Represents List of <c>Microsoft.CodeAnalysis.Diagnostic</c> compilation.
            </summary>
        </member>
        <member name="F:Alternet.FormDesigner.Wpf.UI.CompileResult.Exception">
            <summary>
            Represents an Exception occurred during compilation. Null if compilation succeed.
            </summary>
        </member>
        <member name="F:Alternet.FormDesigner.Wpf.UI.CompileResult.Success">
            <summary>
            Represents a boolean value indicating whether compilation succeed.
            </summary>
        </member>
        <member name="M:Alternet.FormDesigner.Wpf.UI.CompileResult.#ctor(System.Boolean,System.Collections.Immutable.ImmutableArray{Microsoft.CodeAnalysis.Diagnostic})">
            <summary>
            Initializes a new instance of the <c>CompileResult</c> class with specified parameters.
            </summary>
            <param name="success">Indicates whether compilation succeed.</param>
            <param name="diagnostics">Specifies List of compilation <c>Microsoft.CodeAnalysis.Diagnostic</c></param>
        </member>
        <member name="M:Alternet.FormDesigner.Wpf.UI.CompileResult.#ctor(System.Exception)">
            <summary>
            Initializes a new instance of the <c>CompileResult</c> class with specified parameters.
            </summary>
            <param name="exception">Specifies an Exception occurred during compilation.</param>
        </member>
    </members>
</doc>
