<?xml version="1.0"?>
<doc>
    <assembly>
        <name>Alternet.Scripter.Debugger.UI.v5</name>
    </assembly>
    <members>
        <member name="T:Alternet.Scripter.Debugger.UI.BreakpointListView">
            <summary>
            Represents ListView control used in the <c>Breakpoints</c> user control.
            </summary>
        </member>
        <member name="T:Alternet.Scripter.Debugger.UI.Breakpoints">
            <summary>
            Displays list of breakpoints during script debugging.
            </summary>
        </member>
        <member name="M:Alternet.Scripter.Debugger.UI.Breakpoints.#ctor">
            <summary>
            Initializes a new instance of the <c>Breakpoints</c> class with default settings.
            </summary>
        </member>
        <member name="E:Alternet.Scripter.Debugger.UI.Breakpoints.BreakpointClick">
            <summary>
            When implemented by a class, occurs when user clicks on a breakpoint in the list.
            </summary>
        </member>
        <member name="E:Alternet.Scripter.Debugger.UI.Breakpoints.BreakpointStateChanged">
            <summary>
            When implemented by a class, occurs when given breakpoint state changes.
            </summary>
        </member>
        <member name="E:Alternet.Scripter.Debugger.UI.Breakpoints.BreakpointDeleted">
            <summary>
            When implemented by a class, occurs when given breakpoint is being deleted.
            </summary>
        </member>
        <member name="P:Alternet.Scripter.Debugger.UI.Breakpoints.Debugger">
            <summary>
            Gets or sets <c>IScriptDebuggerBase</c> which breakpoints are displayed by this user control.
            </summary>
        </member>
        <member name="P:Alternet.Scripter.Debugger.UI.Breakpoints.SelectedBreakpoint">
            <summary>
            Gets currently selected breakpoint.
            </summary>
        </member>
        <member name="M:Alternet.Scripter.Debugger.UI.Breakpoints.Clear">
            <summary>
            Clears breakpoint list.
            </summary>
        </member>
        <member name="M:Alternet.Scripter.Debugger.UI.Breakpoints.UpdateList">
            <summary>
            Updates list of breakpoints from the debugger's breakpoints collection.
            </summary>
        </member>
        <member name="M:Alternet.Scripter.Debugger.UI.Breakpoints.Toggle(System.String,System.Int32)">
            <summary>
            Sets or removes breakpoint at a specified position.
            </summary>
            <param name="file">File name where breakpoint is be set or removed.</param>
            <param name="line">Index of line where breakpoint is to be set or removed.</param>
        </member>
        <member name="F:Alternet.Scripter.Debugger.UI.Breakpoints.components">
            <summary> 
            Required designer variable.
            </summary>
        </member>
        <member name="M:Alternet.Scripter.Debugger.UI.Breakpoints.Dispose(System.Boolean)">
            <summary> 
            Clean up any resources being used.
            </summary>
            <param name="disposing">True if managed resources should be disposed; otherwise, false.</param>
        </member>
        <member name="M:Alternet.Scripter.Debugger.UI.Breakpoints.InitializeComponent">
            <summary> 
            Required method for Designer support - do not modify 
            the contents of this method with the code editor.
            </summary>
        </member>
        <member name="T:Alternet.Scripter.Debugger.UI.RunParameters">
            <summary>
            Represents Run Parameters dialog box used to pass parameters to the process being debugged.
            </summary>
        </member>
        <member name="M:Alternet.Scripter.Debugger.UI.RunParameters.#ctor">
            <summary>
            Initializes a new instance of the <c>RunParameters</c> class with default settings.
            </summary>
        </member>
        <member name="P:Alternet.Scripter.Debugger.UI.RunParameters.CommandLineArgs">
            <summary>
            Gets or sets command line arguments for the process being debugged.
            </summary>
        </member>
        <member name="P:Alternet.Scripter.Debugger.UI.RunParameters.StartProgram">
            <summary>
            Gets or sets the executable which should be started when debugging dynamically linked library.
            </summary>
        </member>
        <member name="P:Alternet.Scripter.Debugger.UI.RunParameters.StartExternalProgram">
            <summary>
            Gets or sets a value indicating that a external program should be started to debug dynamically linked library.
            </summary>
        </member>
        <member name="F:Alternet.Scripter.Debugger.UI.RunParameters.components">
            <summary>
            Required designer variable.
            </summary>
        </member>
        <member name="M:Alternet.Scripter.Debugger.UI.RunParameters.Dispose(System.Boolean)">
            <summary>
            Clean up any resources being used.
            </summary>
            <param name="disposing">true if managed resources should be disposed; otherwise, false.</param>
        </member>
        <member name="M:Alternet.Scripter.Debugger.UI.RunParameters.InitializeComponent">
            <summary>
            Required method for Designer support - do not modify
            the contents of this method with the code editor.
            </summary>
        </member>
        <member name="T:Alternet.Scripter.Debugger.UI.Evaluation.CodeCompletion.ChangePopupSelectionCommand">
            <summary>
            Specifies the possible kinds of popup selection command.
            </summary>
        </member>
        <member name="F:Alternet.Scripter.Debugger.UI.Evaluation.CodeCompletion.ChangePopupSelectionCommand.Up">
            <summary>
            Select up.
            </summary>
        </member>
        <member name="F:Alternet.Scripter.Debugger.UI.Evaluation.CodeCompletion.ChangePopupSelectionCommand.Down">
            <summary>
            Select down.
            </summary>
        </member>
        <member name="F:Alternet.Scripter.Debugger.UI.Evaluation.CodeCompletion.ChangePopupSelectionCommand.PageUp">
            <summary>
            Select page up.
            </summary>
        </member>
        <member name="F:Alternet.Scripter.Debugger.UI.Evaluation.CodeCompletion.ChangePopupSelectionCommand.PageDown">
            <summary>
            Select page down.
            </summary>
        </member>
        <member name="T:Alternet.Scripter.Debugger.UI.Evaluation.CodeCompletion.CodeCompletionPopupConfiguration">
            <summary>
            Provides properties and methods to setup Code completion pop-up window behaviour.
            </summary>
        </member>
        <member name="M:Alternet.Scripter.Debugger.UI.Evaluation.CodeCompletion.CodeCompletionPopupConfiguration.#ctor(System.Windows.Forms.ImageList,System.Func{Alternet.Scripter.Debugger.ExpressionEvaluation.CodeCompletion.SymbolKind,System.Int32})">
            <summary>
            Initializes a new instance of the <c>CodeCompletionPopupConfiguration</c> class with specified settings.
            </summary>
            <param name="imageList">ImageList related to pop-up window.</param>
            <param name="getImageIndexFunc">Method to get image index accordingly to specified SymbolKind.</param>
        </member>
        <member name="P:Alternet.Scripter.Debugger.UI.Evaluation.CodeCompletion.CodeCompletionPopupConfiguration.ImageList">
            <summary>
            Represents the ImageList that contains the images to display in Code completion pop-up window.
            </summary>
        </member>
        <member name="P:Alternet.Scripter.Debugger.UI.Evaluation.CodeCompletion.CodeCompletionPopupConfiguration.GetImageListIndexFunc">
            <summary>
            Represents method to get image index accordingly to specified SymbolKind.
            </summary>
        </member>
        <member name="T:Alternet.Scripter.Debugger.UI.Evaluation.CodeCompletion.CodeCompletionImages">
            <summary>
            Provides methods to manage a collection of System.Drawing.Image objects for code completion controller.
            </summary>
        </member>
        <member name="M:Alternet.Scripter.Debugger.UI.Evaluation.CodeCompletion.CodeCompletionImages.GetScaledImageList">
            <summary>
            Gets output images, with scaling applied, if required.
            </summary>
            <returns>Scaled image list.</returns>
        </member>
        <member name="M:Alternet.Scripter.Debugger.UI.Evaluation.CodeCompletion.CodeCompletionImages.GetImageListIndex(Alternet.Scripter.Debugger.ExpressionEvaluation.CodeCompletion.SymbolKind)">
            <summary>
            Gets number of image corresponding to specified <c>SymbolKind</c>.
            </summary>
            <param name="kind">Kind of symbol to find image index.</param>
            <returns>Index inside image collection for specified <c>SymbolKind</c>.</returns>
        </member>
        <member name="T:Alternet.Scripter.Debugger.UI.Evaluation.CodeCompletion.CollectionSetterCache`1">
            <summary>
            Helps to avoid redundant SetItems operations when the items set previously are the same.
            </summary>
        </member>
        <member name="M:Alternet.Scripter.Debugger.UI.Evaluation.CodeCompletion.CollectionSetterCache`1.#ctor(System.Action{System.Collections.Generic.IEnumerable{`0}},System.Func{`0,System.Int32})">
            <summary>
            Initializes a new instance of the <c>CollectionSetterCache</c> class with specified parameters.
            </summary>
            <param name="setItemsCore">Specifies core method to set new item.</param>
            <param name="getItemHashCodeFunc">Specifies method to handle items hash.</param>
        </member>
        <member name="M:Alternet.Scripter.Debugger.UI.Evaluation.CodeCompletion.CollectionSetterCache`1.SetItems(System.Collections.Generic.ICollection{`0})">
            <summary>
            Sets new item collection.
            </summary>
            <param name="items">List of items to set.</param>
        </member>
        <member name="M:Alternet.Scripter.Debugger.UI.Evaluation.CodeCompletion.CollectionSetterCache`1.Clear">
            <summary>
            Clears items hash.
            </summary>
        </member>
        <member name="T:Alternet.Scripter.Debugger.UI.Evaluation.CodeCompletion.ICodeCompletionPopup">
            <summary>
            Represents a pop-up window for Code Completion controller.
            </summary>
        </member>
        <member name="P:Alternet.Scripter.Debugger.UI.Evaluation.CodeCompletion.ICodeCompletionPopup.Visible">
            <summary>
            When implemented by a class, indicates whether pop-up window is visible.
            </summary>
        </member>
        <member name="M:Alternet.Scripter.Debugger.UI.Evaluation.CodeCompletion.ICodeCompletionPopup.Close">
            <summary>
            When implemented by a class, closes pop-up control.
            </summary>
        </member>
        <member name="M:Alternet.Scripter.Debugger.UI.Evaluation.CodeCompletion.ICodeCompletionPopup.SetItems(System.Collections.Generic.IEnumerable{Alternet.Scripter.Debugger.ExpressionEvaluation.CodeCompletion.Symbol})">
            <summary>
            When implemented by a class, updates <c>Symbol</c> collection to the pop-up control.
            </summary>
            <param name="items">List of <c>Symbol</c> to be set.</param>
        </member>
        <member name="M:Alternet.Scripter.Debugger.UI.Evaluation.CodeCompletion.ICodeCompletionPopup.GetItems">
            <summary>
            When implemented by a class, represents list of items in a string form.
            </summary>
            <returns>List of items.</returns>
        </member>
        <member name="M:Alternet.Scripter.Debugger.UI.Evaluation.CodeCompletion.ICodeCompletionPopup.GetSelectedItem">
            <summary>
            When implemented by a class, finds out currently selected item in the pop-up window.
            </summary>
            <returns>Selected item in a string form.</returns>
        </member>
        <member name="M:Alternet.Scripter.Debugger.UI.Evaluation.CodeCompletion.ICodeCompletionPopup.ChangeSelection(Alternet.Scripter.Debugger.UI.Evaluation.CodeCompletion.ChangePopupSelectionCommand)">
            <summary>
            When implemented by a class, changes selection accordingly to specified command.
            </summary>
            <param name="command">Specifies selection command.</param>
        </member>
        <member name="M:Alternet.Scripter.Debugger.UI.Evaluation.CodeCompletion.ICodeCompletionPopup.Show(System.Windows.Forms.Control,System.Drawing.Point)">
            <summary>
            When implemented by a class, displays popup window with specified parameters.
            </summary>
            <param name="ownerControl">The control that is the reference point for the pop-up position.</param>
            <param name="position">The horizontal and vertical location of the reference control's upper-left corner, in pixels.</param>
        </member>
        <member name="T:Alternet.Scripter.Debugger.UI.Evaluation.CodeCompletion.EvaluationCodeCompletionControllerBase">
            <summary>
            Provides a base class for evaluation controller. This class is abstract.
            </summary>
        </member>
        <member name="M:Alternet.Scripter.Debugger.UI.Evaluation.CodeCompletion.EvaluationCodeCompletionControllerBase.#ctor(Alternet.Scripter.Debugger.UI.Evaluation.CodeCompletion.EvaluationCodeCompletionControllerBase.ISite,Alternet.Scripter.Debugger.IScriptDebuggerBase)">
            <summary>
            Initializes a new instance of the <c>EvaluationCodeCompletionControllerBase</c> class with specified parameters.
            </summary>
            <param name="site"><c>ISite</c> corresponding to this new instance.</param>
            <param name="debugger"><c>IScriptDebuggerBase</c> corresponding to this new instance.</param>
        </member>
        <member name="T:Alternet.Scripter.Debugger.UI.Evaluation.CodeCompletion.EvaluationCodeCompletionControllerBase.ISite">
            <summary>
            Represents methods declaration to support evaluation functionality.
            </summary>
        </member>
        <member name="M:Alternet.Scripter.Debugger.UI.Evaluation.CodeCompletion.EvaluationCodeCompletionControllerBase.ISite.Close">
            <summary>
            When implemented by a class, closes evaluation controller.
            </summary>
        </member>
        <member name="M:Alternet.Scripter.Debugger.UI.Evaluation.CodeCompletion.EvaluationCodeCompletionControllerBase.ISite.EvaluateCurrentExpressionAsync">
            <summary>
            When implemented by a class, evaluates current expression.
            </summary>
        </member>
        <member name="M:Alternet.Scripter.Debugger.UI.Evaluation.CodeCompletion.EvaluationCodeCompletionControllerBase.Dispose">
            <summary>
            Performs application-defined tasks associated with freeing, releasing, or resetting unmanaged resources.
            </summary>
        </member>
        <member name="T:Alternet.Scripter.Debugger.UI.Evaluation.CodeCompletion.ParameterInfoSymbol">
            <summary>
            Represents data for the parameter info.
            </summary>
        </member>
        <member name="M:Alternet.Scripter.Debugger.UI.Evaluation.CodeCompletion.ParameterInfoSymbol.#ctor(System.String,System.String,System.String,System.Int32,System.Int32)">
            <summary>
            Initializes a new instance of the <c>ParameterInfoSymbol</c> class with specified parameters.
            </summary>
            <param name="displayText">Formatted string contained parameter data.</param>
            <param name="symbolDescription">Description of the current symbol.</param>
            <param name="parameterDescription">Description of the parameter</param>
            <param name="currentSymbolIndex">Index of current symbol.</param>
            <param name="symbolsCount">Number of the symbols in the parameter info.</param>
        </member>
        <member name="P:Alternet.Scripter.Debugger.UI.Evaluation.CodeCompletion.ParameterInfoSymbol.DisplayText">
            <summary>
            Gets formatted string contained parameter data.
            </summary>
        </member>
        <member name="P:Alternet.Scripter.Debugger.UI.Evaluation.CodeCompletion.ParameterInfoSymbol.SymbolDescription">
            <summary>
            Gets description of the current symbol.
            </summary>
        </member>
        <member name="P:Alternet.Scripter.Debugger.UI.Evaluation.CodeCompletion.ParameterInfoSymbol.ParameterDescription">
            <summary>
            Gets description of the parameter.
            </summary>
        </member>
        <member name="P:Alternet.Scripter.Debugger.UI.Evaluation.CodeCompletion.ParameterInfoSymbol.CurrentSymbolIndex">
            <summary>
            Gets index of current symbol.
            </summary>
        </member>
        <member name="P:Alternet.Scripter.Debugger.UI.Evaluation.CodeCompletion.ParameterInfoSymbol.SymbolsCount">
            <summary>
            Gets number of the symbols in the parameter info.
            </summary>
        </member>
        <member name="M:Alternet.Scripter.Debugger.UI.Evaluation.CodeCompletion.ParameterInfoToolTip.ContentControl.TryScrollButtonClick">
            <summary>
            Displays scroll button click effect and returns scrolling delta.
            If no scroll button is under mouse, returns null.
            </summary>
        </member>
        <member name="T:Alternet.Scripter.Debugger.UI.Evaluation.CodeCompletion.CodeCompletionPopup">
            <summary>
            Represents a pop-up window for Code Completion controller.
            </summary>
        </member>
        <member name="M:Alternet.Scripter.Debugger.UI.Evaluation.CodeCompletion.CodeCompletionPopup.#ctor(System.Windows.Forms.Control,Alternet.Scripter.Debugger.UI.Evaluation.CodeCompletion.CodeCompletionPopupConfiguration)">
            <summary>
            Initializes a new instance of the <c>CodeCompletionPopup</c> class with specified settings.
            </summary>
            <param name="ownerControl">The control owning this new instance.</param>
            <param name="configuration">The <c>CodeCompletionPopupConfiguration</c> corresponding to this new instance.</param>
        </member>
        <member name="M:Alternet.Scripter.Debugger.UI.Evaluation.CodeCompletion.CodeCompletionPopup.SetItems(System.Collections.Generic.IEnumerable{Alternet.Scripter.Debugger.ExpressionEvaluation.CodeCompletion.Symbol})">
            <summary>
            Updates <c>Symbol</c> collection to the pop-up control.
            </summary>
            <param name="items">List of <c>Symbol</c> to be set.</param>
        </member>
        <member name="M:Alternet.Scripter.Debugger.UI.Evaluation.CodeCompletion.CodeCompletionPopup.Close">
            <summary>
            Closes pop-up control.
            </summary>
        </member>
        <member name="M:Alternet.Scripter.Debugger.UI.Evaluation.CodeCompletion.CodeCompletionPopup.ChangeSelection(Alternet.Scripter.Debugger.UI.Evaluation.CodeCompletion.ChangePopupSelectionCommand)">
            <summary>
            Changes selection accordingly to specified command.
            </summary>
            <param name="command">Specifies selection command.</param>
        </member>
        <member name="M:Alternet.Scripter.Debugger.UI.Evaluation.CodeCompletion.CodeCompletionPopup.GetSelectedItem">
            <summary>
            Finds out currently selected item in the pop-up window.
            </summary>
            <returns>Selected item in a string form.</returns>
        </member>
        <member name="M:Alternet.Scripter.Debugger.UI.Evaluation.CodeCompletion.CodeCompletionPopup.GetItems">
            <summary>
            Represents list of items in a string form.
            </summary>
            <returns>List of items.</returns>
        </member>
        <member name="T:Alternet.Scripter.Debugger.UI.Evaluation.CodeCompletion.CodeCompletionPopup.ListBoxWithImagesItem">
            <summary>
            Represents a ListBox item with text and image.
            </summary>
        </member>
        <member name="M:Alternet.Scripter.Debugger.UI.Evaluation.CodeCompletion.CodeCompletionPopup.ListBoxWithImagesItem.#ctor(System.String,System.Int32,System.Lazy{Alternet.Scripter.Debugger.ExpressionEvaluation.CodeCompletion.SymbolDocumentation})">
            <summary>
            Initializes a new instance of the <c>ListBoxWithImagesItem</c> class with specified settings.
            </summary>
            <param name="text">Text of the new instance.</param>
            <param name="index">Image index of the new instance.</param>
            <param name="documentation"><c>SymbolDocumentation</c> related to this new instance.</param>
        </member>
        <member name="P:Alternet.Scripter.Debugger.UI.Evaluation.CodeCompletion.CodeCompletionPopup.ListBoxWithImagesItem.Text">
            <summary>
            Gets or sets item text.
            </summary>
        </member>
        <member name="P:Alternet.Scripter.Debugger.UI.Evaluation.CodeCompletion.CodeCompletionPopup.ListBoxWithImagesItem.ImageIndex">
            <summary>
            Gets or sets the index value of the image displayed on this item.
            </summary>
        </member>
        <member name="P:Alternet.Scripter.Debugger.UI.Evaluation.CodeCompletion.CodeCompletionPopup.ListBoxWithImagesItem.Documentation">
            <summary>
            Gets or sets <c>SymbolDocumentation</c> related to this item.
            </summary>
        </member>
        <member name="M:Alternet.Scripter.Debugger.UI.Evaluation.CodeCompletion.CodeCompletionPopup.ListBoxWithImagesItem.ToString">
            <summary>
            Returns a <c>String</c> that represents the item.
            </summary>
            <returns>A <c>String</c> that represents the <c>ListBoxWithImagesItem</c>.</returns>
        </member>
        <member name="T:Alternet.Scripter.Debugger.UI.Evaluation.CodeCompletion.CodeCompletionPopup.ListBoxWithImages">
            <summary>
            Represents a Windows control to display a list of items with text and image.
            </summary>
        </member>
        <member name="M:Alternet.Scripter.Debugger.UI.Evaluation.CodeCompletion.CodeCompletionPopup.ListBoxWithImages.#ctor">
            <summary>
            Initializes a new instance of the <c>ListBoxWithImages</c> class with default settings.
            </summary>
        </member>
        <member name="P:Alternet.Scripter.Debugger.UI.Evaluation.CodeCompletion.CodeCompletionPopup.ListBoxWithImages.ImageList">
            <summary>
            Gets or sets the ImageList that contains the images to display in this <c>ListBoxWithImages</c>.
            </summary>
        </member>
        <member name="M:Alternet.Scripter.Debugger.UI.Evaluation.CodeCompletion.CodeCompletionPopup.ListBoxWithImages.GetItemsPreferredSize">
            <summary>
            Calculates dimension of items area.
            </summary>
            <returns>Height and width of the items area.</returns>
        </member>
        <member name="M:Alternet.Scripter.Debugger.UI.Evaluation.CodeCompletion.EvaluationCodeCompletionController.GetCodeCompletionPopupDisplayPoint">
            <summary>
            Returns popup display point in text box client coordinates.
            </summary>
        </member>
        <member name="T:Alternet.Scripter.Debugger.UI.Evaluation.CodeCompletion.PopupAnimations">
            <summary>
            Types of animation of the pop-up window.
            </summary>
        </member>
        <member name="F:Alternet.Scripter.Debugger.UI.Evaluation.CodeCompletion.PopupAnimations.None">
            <summary>
            Uses no animation.
            </summary>
        </member>
        <member name="F:Alternet.Scripter.Debugger.UI.Evaluation.CodeCompletion.PopupAnimations.LeftToRight">
            <summary>
            Animates the window from left to right. This flag can be used with roll or slide animation.
            </summary>
        </member>
        <member name="F:Alternet.Scripter.Debugger.UI.Evaluation.CodeCompletion.PopupAnimations.RightToLeft">
            <summary>
            Animates the window from right to left. This flag can be used with roll or slide animation.
            </summary>
        </member>
        <member name="F:Alternet.Scripter.Debugger.UI.Evaluation.CodeCompletion.PopupAnimations.TopToBottom">
            <summary>
            Animates the window from top to bottom. This flag can be used with roll or slide animation.
            </summary>
        </member>
        <member name="F:Alternet.Scripter.Debugger.UI.Evaluation.CodeCompletion.PopupAnimations.BottomToTop">
            <summary>
            Animates the window from bottom to top. This flag can be used with roll or slide animation.
            </summary>
        </member>
        <member name="F:Alternet.Scripter.Debugger.UI.Evaluation.CodeCompletion.PopupAnimations.Center">
            <summary>
            Makes the window appear to collapse inward if it is hiding or expand outward if the window is showing.
            </summary>
        </member>
        <member name="F:Alternet.Scripter.Debugger.UI.Evaluation.CodeCompletion.PopupAnimations.Slide">
            <summary>
            Uses a slide animation.
            </summary>
        </member>
        <member name="F:Alternet.Scripter.Debugger.UI.Evaluation.CodeCompletion.PopupAnimations.Blend">
            <summary>
            Uses a fade effect.
            </summary>
        </member>
        <member name="F:Alternet.Scripter.Debugger.UI.Evaluation.CodeCompletion.PopupAnimations.Roll">
            <summary>
            Uses a roll animation.
            </summary>
        </member>
        <member name="F:Alternet.Scripter.Debugger.UI.Evaluation.CodeCompletion.PopupAnimations.SystemDefault">
            <summary>
            Uses a default animation.
            </summary>
        </member>
        <member name="T:Alternet.Scripter.Debugger.UI.Evaluation.CodeCompletion.Popup">
            <summary>
            Represents a pop-up window.
            </summary>
        </member>
        <member name="M:Alternet.Scripter.Debugger.UI.Evaluation.CodeCompletion.Popup.#ctor(System.Windows.Forms.Control)">
            <summary>
            Initializes a new instance of the <see cref="T:Alternet.Scripter.Debugger.UI.Evaluation.CodeCompletion.Popup"/> class.
            </summary>
            <param name="content">The content of the pop-up.</param>
            <remarks>
            Pop-up will be disposed immediately after disposal of the content control.
            </remarks>
            <exception cref="T:System.ArgumentNullException"><paramref name="content" /> is <code>null</code>.</exception>
        </member>
        <member name="P:Alternet.Scripter.Debugger.UI.Evaluation.CodeCompletion.Popup.Resizable">
            <summary>
            Gets or sets a value indicating whether the <see cref="T:Alternet.Scripter.Debugger.UI.Evaluation.CodeCompletion.Popup" /> is resizable.
            </summary>
            <value><c>true</c> if resizable; otherwise, <c>false</c>.</value>
        </member>
        <member name="P:Alternet.Scripter.Debugger.UI.Evaluation.CodeCompletion.Popup.Content">
            <summary>
            Gets the content of the pop-up.
            </summary>
        </member>
        <member name="P:Alternet.Scripter.Debugger.UI.Evaluation.CodeCompletion.Popup.ShowingAnimation">
            <summary>
            Determines which animation to use while showing the pop-up window.
            </summary>
        </member>
        <member name="P:Alternet.Scripter.Debugger.UI.Evaluation.CodeCompletion.Popup.HidingAnimation">
            <summary>
            Determines which animation to use while hiding the pop-up window.
            </summary>
        </member>
        <member name="P:Alternet.Scripter.Debugger.UI.Evaluation.CodeCompletion.Popup.AnimationDuration">
            <summary>
            Determines the duration of the animation.
            </summary>
        </member>
        <member name="P:Alternet.Scripter.Debugger.UI.Evaluation.CodeCompletion.Popup.FocusOnOpen">
            <summary>
            Gets or sets a value indicating whether the content should receive the focus after the pop-up has been opened.
            </summary>
            <value><c>true</c> if the content should be focused after the pop-up has been opened; otherwise, <c>false</c>.</value>
            <remarks>If the FocusOnOpen property is set to <c>false</c>, then pop-up cannot use the fade effect.</remarks>
        </member>
        <member name="P:Alternet.Scripter.Debugger.UI.Evaluation.CodeCompletion.Popup.AcceptAlt">
            <summary>
            Gets or sets a value indicating whether pressing the alt key should close the pop-up.
            </summary>
            <value><c>true</c> if pressing the alt key does not close the pop-up; otherwise, <c>false</c>.</value>
        </member>
        <member name="P:Alternet.Scripter.Debugger.UI.Evaluation.CodeCompletion.Popup.NonInteractive">
            <summary>
            Gets or sets a value indicating whether the <see cref="T:Alternet.Scripter.Debugger.UI.Evaluation.CodeCompletion.Popup"></see> acts like a transparent windows (so it cannot be clicked).
            </summary>
            <value>
            <c>true</c> if the popup is non interactive; otherwise, <c>false</c>.</value>
        </member>
        <member name="P:Alternet.Scripter.Debugger.UI.Evaluation.CodeCompletion.Popup.MinimumSize">
            <summary>
            Gets or sets a minimum size of the pop-up.
            </summary>
            <returns>An ordered pair of type <see cref="T:System.Drawing.Size" /> representing the width and height of a rectangle.</returns>
        </member>
        <member name="P:Alternet.Scripter.Debugger.UI.Evaluation.CodeCompletion.Popup.MaximumSize">
            <summary>
            Gets or sets a maximum size of the pop-up.
            </summary>
            <returns>An ordered pair of type <see cref="T:System.Drawing.Size" /> representing the width and height of a rectangle.</returns>
        </member>
        <member name="P:Alternet.Scripter.Debugger.UI.Evaluation.CodeCompletion.Popup.CreateParams">
            <summary>
            Gets parameters of a new window.
            </summary>
            <returns>An object of type <see cref="T:System.Windows.Forms.CreateParams" /> used when creating a new window.</returns>
        </member>
        <member name="M:Alternet.Scripter.Debugger.UI.Evaluation.CodeCompletion.Popup.Show(System.Windows.Forms.Control)">
            <summary>
            Shows the pop-up window below the specified control.
            </summary>
            <param name="control">The control below which the pop-up will be shown.</param>
            <remarks>
            When there is no space below the specified control, the pop-up control is shown above it.
            </remarks>
            <exception cref="T:System.ArgumentNullException"><paramref name="control"/> is <code>null</code>.</exception>
        </member>
        <member name="M:Alternet.Scripter.Debugger.UI.Evaluation.CodeCompletion.Popup.Show(System.Drawing.Rectangle)">
            <summary>
            Shows the pop-up window below the specified area.
            </summary>
            <param name="area">The area of desktop below which the pop-up will be shown.</param>
            <remarks>
            When there is no space below specified area, the pop-up control is shown above it.
            </remarks>
        </member>
        <member name="M:Alternet.Scripter.Debugger.UI.Evaluation.CodeCompletion.Popup.Show(System.Windows.Forms.Control,System.Drawing.Rectangle)">
            <summary>
            Shows the pop-up window below the specified area of the specified control.
            </summary>
            <param name="control">The control used to compute screen location of specified area.</param>
            <param name="area">The area of control below which the pop-up will be shown.</param>
            <remarks>
            When there is no space below specified area, the pop-up control is shown above it.
            </remarks>
            <exception cref="T:System.ArgumentNullException"><paramref name="control"/> is <code>null</code>.</exception>
        </member>
        <member name="M:Alternet.Scripter.Debugger.UI.Evaluation.CodeCompletion.Popup.ProcessResizing(System.Windows.Forms.Message@)">
            <summary>
            Processes the resizing messages.
            </summary>
            <param name="m">The message.</param>
            <returns>true, if the WndProc method from the base class shouldn't be invoked.</returns>
        </member>
        <member name="M:Alternet.Scripter.Debugger.UI.Evaluation.CodeCompletion.Popup.PaintSizeGrip(System.Windows.Forms.PaintEventArgs)">
            private VS.VisualStyleRenderer _sizeGripRenderer;
            <summary>
            Paints the sizing grip.
            </summary>
            <param name="e">The <see cref="T:System.Windows.Forms.PaintEventArgs" /> instance containing the event data.</param>
        </member>
        <member name="M:Alternet.Scripter.Debugger.UI.Evaluation.CodeCompletion.Popup.OnVisibleChanged(System.EventArgs)">
            <summary>
            Raises the <see cref="E:System.Windows.Forms.ToolStripItem.VisibleChanged"/> event.
            </summary>
            <param name="e">An <see cref="T:System.EventArgs"/> that contains the event data.</param>
        </member>
        <member name="M:Alternet.Scripter.Debugger.UI.Evaluation.CodeCompletion.Popup.ProcessDialogKey(System.Windows.Forms.Keys)">
            <summary>
            Processes a dialog box key.
            </summary>
            <param name="keyData">One of the <see cref="T:System.Windows.Forms.Keys" /> values that represents the key to process.</param>
            <returns>
            true if the key was processed by the control; otherwise, false.
            </returns>
        </member>
        <member name="M:Alternet.Scripter.Debugger.UI.Evaluation.CodeCompletion.Popup.UpdateRegion">
            <summary>
            Updates the pop-up region.
            </summary>
        </member>
        <member name="M:Alternet.Scripter.Debugger.UI.Evaluation.CodeCompletion.Popup.OnSizeChanged(System.EventArgs)">
            <summary>
            Raises the <see cref="E:System.Windows.Forms.Control.SizeChanged" /> event.
            </summary>
            <param name="e">An <see cref="T:System.EventArgs" /> that contains the event data.</param>
        </member>
        <member name="M:Alternet.Scripter.Debugger.UI.Evaluation.CodeCompletion.Popup.OnLayout(System.Windows.Forms.LayoutEventArgs)">
            <summary>
            Raises the <see cref="E:System.Windows.Forms.Control.Layout" /> event.
            </summary>
            <param name="e">A <see cref="T:System.Windows.Forms.LayoutEventArgs" /> that contains the event data.</param>
        </member>
        <member name="M:Alternet.Scripter.Debugger.UI.Evaluation.CodeCompletion.Popup.OnOpening(System.ComponentModel.CancelEventArgs)">
            <summary>
            Raises the <see cref="E:System.Windows.Forms.ToolStripDropDown.Opening" /> event.
            </summary>
            <param name="e">A <see cref="T:System.ComponentModel.CancelEventArgs" /> that contains the event data.</param>
        </member>
        <member name="M:Alternet.Scripter.Debugger.UI.Evaluation.CodeCompletion.Popup.OnOpened(System.EventArgs)">
            <summary>
            Raises the <see cref="E:System.Windows.Forms.ToolStripDropDown.Opened" /> event.
            </summary>
            <param name="e">An <see cref="T:System.EventArgs" /> that contains the event data.</param>
        </member>
        <member name="M:Alternet.Scripter.Debugger.UI.Evaluation.CodeCompletion.Popup.OnClosed(System.Windows.Forms.ToolStripDropDownClosedEventArgs)">
            <summary>
            Raises the <see cref="E:System.Windows.Forms.ToolStripDropDown.Closed"/> event.
            </summary>
            <param name="e">A <see cref="T:System.Windows.Forms.ToolStripDropDownClosedEventArgs"/> that contains the event data.</param>
        </member>
        <member name="M:Alternet.Scripter.Debugger.UI.Evaluation.CodeCompletion.Popup.WndProc(System.Windows.Forms.Message@)">
            <summary>
            Processes Windows messages.
            </summary>
            <param name="m">The Windows <see cref="T:System.Windows.Forms.Message" /> to process.</param>
        </member>
        <member name="T:Alternet.Scripter.Debugger.UI.DataTips.DataTipListBoxBase">
            <summary>
            This is a replacement for ListBox. The standard listbox doesn't allow for proper scrolling (has animation lags).
            </summary>
        </member>
        <member name="T:Alternet.Scripter.Debugger.UI.DataTips.Painting.DataTipPainterPen">
            <summary>
            Defines types of pen for DataTip elements.
            </summary>
        </member>
        <member name="F:Alternet.Scripter.Debugger.UI.DataTips.Painting.DataTipPainterPen.PopupBorder">
            <summary>
            Specifies pen for PopupBorder element.
            </summary>
        </member>
        <member name="F:Alternet.Scripter.Debugger.UI.DataTips.Painting.DataTipPainterPen.ColumnSeparator">
            <summary>
            Specifies pen for ColumnSeparator element.
            </summary>
        </member>
        <member name="T:Alternet.Scripter.Debugger.UI.DataTips.Painting.DataTipPainterBrush">
            <summary>
            Defines types of Brush for DataTip elements.
            </summary>
        </member>
        <member name="F:Alternet.Scripter.Debugger.UI.DataTips.Painting.DataTipPainterBrush.PopupBackgroundNormal">
            <summary>
            Specifies brush for normal Popup Background.
            </summary>
        </member>
        <member name="F:Alternet.Scripter.Debugger.UI.DataTips.Painting.DataTipPainterBrush.PopupBackgroundOverlapped">
            <summary>
            Specifies brush for overlapped Popup Background.
            </summary>
        </member>
        <member name="F:Alternet.Scripter.Debugger.UI.DataTips.Painting.DataTipPainterBrush.ItemBackgroundHovered">
            <summary>
            Specifies brush for hovered Item Background.
            </summary>
        </member>
        <member name="T:Alternet.Scripter.Debugger.UI.DataTips.Painting.DataTipPainterTextStyle">
            <summary>
            Defines text styles for DataTip elements.
            </summary>
        </member>
        <member name="F:Alternet.Scripter.Debugger.UI.DataTips.Painting.DataTipPainterTextStyle.ItemTextNormal">
            <summary>
            Specifies text style for item text in normal state.
            </summary>
        </member>
        <member name="F:Alternet.Scripter.Debugger.UI.DataTips.Painting.DataTipPainterTextStyle.ItemTextOverlapped">
            <summary>
            Specifies text style for item text in overlapped state.
            </summary>
        </member>
        <member name="T:Alternet.Scripter.Debugger.UI.DataTips.Painting.DataTipPainterImage">
            <summary>
            Defines types of DataTip images.
            </summary>
        </member>
        <member name="F:Alternet.Scripter.Debugger.UI.DataTips.Painting.DataTipPainterImage.Error">
            <summary>
            Specifies Error image.
            </summary>
        </member>
        <member name="F:Alternet.Scripter.Debugger.UI.DataTips.Painting.DataTipPainterImage.FieldPublic">
            <summary>
            Specifies Public Field image.
            </summary>
        </member>
        <member name="F:Alternet.Scripter.Debugger.UI.DataTips.Painting.DataTipPainterImage.FieldPrivate">
            <summary>
            Specifies Private Field image.
            </summary>
        </member>
        <member name="F:Alternet.Scripter.Debugger.UI.DataTips.Painting.DataTipPainterImage.FieldInternal">
            <summary>
            Specifies Internal Field image.
            </summary>
        </member>
        <member name="F:Alternet.Scripter.Debugger.UI.DataTips.Painting.DataTipPainterImage.FieldProtected">
            <summary>
            Specifies Protected Field image.
            </summary>
        </member>
        <member name="F:Alternet.Scripter.Debugger.UI.DataTips.Painting.DataTipPainterImage.PropertyPublic">
            <summary>
            Specifies Public Property image.
            </summary>
        </member>
        <member name="F:Alternet.Scripter.Debugger.UI.DataTips.Painting.DataTipPainterImage.PropertyPrivate">
            <summary>
            Specifies Private Property image.
            </summary>
        </member>
        <member name="F:Alternet.Scripter.Debugger.UI.DataTips.Painting.DataTipPainterImage.PropertyInternal">
            <summary>
            Specifies Internal Property image.
            </summary>
        </member>
        <member name="F:Alternet.Scripter.Debugger.UI.DataTips.Painting.DataTipPainterImage.PropertyProtected">
            <summary>
            Specifies Protected Property image.
            </summary>
        </member>
        <member name="F:Alternet.Scripter.Debugger.UI.DataTips.Painting.DataTipPainterImage.StaticMembers">
            <summary>
            Specifies Static Members image.
            </summary>
        </member>
        <member name="F:Alternet.Scripter.Debugger.UI.DataTips.Painting.DataTipPainterImage.ExpandArrowExpanded">
            <summary>
            Specifies ExpandArrow in expanded state image.
            </summary>
        </member>
        <member name="F:Alternet.Scripter.Debugger.UI.DataTips.Painting.DataTipPainterImage.ExpandArrowCollapsed">
            <summary>
            Specifies ExpandArrow in collapsed state image.
            </summary>
        </member>
        <member name="F:Alternet.Scripter.Debugger.UI.DataTips.Painting.DataTipPainterImage.ScrollButtonArrowUpNormal">
            <summary>
            Specifies ScrollButton Arrow Up in normal state image.
            </summary>
        </member>
        <member name="F:Alternet.Scripter.Debugger.UI.DataTips.Painting.DataTipPainterImage.ScrollButtonArrowDownNormal">
            <summary>
            Specifies ScrollButton Arrow Down in normal state image.
            </summary>
        </member>
        <member name="F:Alternet.Scripter.Debugger.UI.DataTips.Painting.DataTipPainterImage.ScrollButtonArrowUpHighlighted">
            <summary>
            Specifies ScrollButton Arrow Up in highlighted state image.
            </summary>
        </member>
        <member name="F:Alternet.Scripter.Debugger.UI.DataTips.Painting.DataTipPainterImage.ScrollButtonArrowDownHighlighted">
            <summary>
            Specifies ScrollButton Arrow Down in highlighted state image.
            </summary>
        </member>
        <member name="T:Alternet.Scripter.Debugger.UI.DataTips.Painting.DataTipPainter">
            <summary>
            Encapsulates a drawing surface, providing properties and methods used to draw DataTip.
            </summary>
        </member>
        <member name="P:Alternet.Scripter.Debugger.UI.DataTips.Painting.DataTipPainter.PopupBorderThickness">
            <summary>
            Represents width of the popup border.
            </summary>
        </member>
        <member name="P:Alternet.Scripter.Debugger.UI.DataTips.Painting.DataTipPainter.ScrollButtonHeight">
            <summary>
            Gets height of the scrolling button.
            </summary>
        </member>
        <member name="P:Alternet.Scripter.Debugger.UI.DataTips.Painting.DataTipPainter.ItemNameTextPadding">
            <summary>
            Gets the Padding for ItemName text.
            </summary>
        </member>
        <member name="P:Alternet.Scripter.Debugger.UI.DataTips.Painting.DataTipPainter.ItemValueTextPadding">
            <summary>
            Gets the Padding for ItemValue text.
            </summary>
        </member>
        <member name="P:Alternet.Scripter.Debugger.UI.DataTips.Painting.DataTipPainter.ItemImagePadding">
            <summary>
            Gets the Padding for Item image element.
            </summary>
        </member>
        <member name="P:Alternet.Scripter.Debugger.UI.DataTips.Painting.DataTipPainter.ExpandArrowPadding">
            <summary>
            Gets the Padding for ExpandArrow element.
            </summary>
        </member>
        <member name="P:Alternet.Scripter.Debugger.UI.DataTips.Painting.DataTipPainter.PopupPadding">
            <summary>
            Gets the Padding for Popup element.
            </summary>
        </member>
        <member name="M:Alternet.Scripter.Debugger.UI.DataTips.Painting.DataTipPainter.PaintItemBackground(System.Drawing.Graphics,System.Drawing.Rectangle,Alternet.Scripter.Debugger.UI.DataTips.IDataTip,System.Boolean)">
            <summary>
            Paints background of the <c>IDataTip</c> item with specified parameters.
            </summary>
            <param name="g">The Graphics object to draw on.</param>
            <param name="bounds">Rectangle that bounds the drawing area for the <c>IDataTip</c> object.</param>
            <param name="dataTip"><c>IDataTip</c> to be drawn.</param>
            <param name="isHovered">Indicates whether <c>IDataTip</c> is in hover state.</param>
        </member>
        <member name="M:Alternet.Scripter.Debugger.UI.DataTips.Painting.DataTipPainter.PaintScrollButton(System.Drawing.Graphics,System.Drawing.Rectangle,Alternet.Scripter.Debugger.UI.DataTips.IDataTip,System.Boolean,System.Boolean)">
            <summary>
            Paints scrolling button of the <c>IDataTip</c> item with specified parameters.
            </summary>
            <param name="g">The Graphics object to draw on.</param>
            <param name="bounds">Rectangle that bounds the drawing area for the scrolling button.</param>
            <param name="dataTip"><c>IDataTip</c> to be drawn.</param>
            <param name="up">Indicates whether scrolling button is up or down type.</param>
            <param name="highlighted">Indicates whether scrolling button is highlighted.</param>
        </member>
        <member name="M:Alternet.Scripter.Debugger.UI.DataTips.Painting.DataTipPainter.PaintItemNameText(System.Drawing.Graphics,System.Drawing.Rectangle,Alternet.Scripter.Debugger.UI.DataTips.IDataTip,Alternet.Scripter.Debugger.ExpressionEvaluation.EvaluationResult,System.String)">
            <summary>
            Paints name of the <c>IDataTip</c> item with specified parameters.
            </summary>
            <param name="g">The Graphics object to draw on.</param>
            <param name="bounds">Rectangle that bounds the drawing area for the name.</param>
            <param name="dataTip"><c>IDataTip</c> to be drawn.</param>
            <param name="itemData">The result of evaluation.</param>
            <param name="name">Text to be drawn as a name.</param>
        </member>
        <member name="M:Alternet.Scripter.Debugger.UI.DataTips.Painting.DataTipPainter.PaintPopupBackground(System.Drawing.Graphics,System.Drawing.Region,Alternet.Scripter.Debugger.UI.DataTips.IDataTip)">
            <summary>
            Paints entire background of the <c>IDataTip</c> with specified parameters.
            </summary>
            <param name="g">The Graphics object to draw on.</param>
            <param name="region">Region that bounds the drawing area for the <c>IDataTip</c> object.</param>
            <param name="dataTip"><c>IDataTip</c> to be drawn.</param>
        </member>
        <member name="M:Alternet.Scripter.Debugger.UI.DataTips.Painting.DataTipPainter.MeasureItemNameText(Alternet.Scripter.Debugger.ExpressionEvaluation.EvaluationResult,System.String)">
            <summary>
            Measures specified text.
            </summary>
            <param name="itemData">The result of evaluation.</param>
            <param name="name">Text to measure.</param>
            <returns>Size, in pixels, of text drawn with the default font and format.</returns>
        </member>
        <member name="M:Alternet.Scripter.Debugger.UI.DataTips.Painting.DataTipPainter.MeasureItemValueText(Alternet.Scripter.Debugger.ExpressionEvaluation.EvaluationResult,System.String)">
            <summary>
            Measures specified text.
            </summary>
            <param name="itemData">The result of evaluation.</param>
            <param name="value">Text to measure.</param>
            <returns>Size, in pixels, of text drawn with the default font and format.</returns>
        </member>
        <member name="M:Alternet.Scripter.Debugger.UI.DataTips.Painting.DataTipPainter.GetItemTextHeight">
            <summary>
            Gets the height of the Item text.
            </summary>
            <returns></returns>
        </member>
        <member name="M:Alternet.Scripter.Debugger.UI.DataTips.Painting.DataTipPainter.GetItemImageSize">
            <summary>
            Gets the width and height, in pixels, of Item image.
            </summary>
            <returns></returns>
        </member>
        <member name="M:Alternet.Scripter.Debugger.UI.DataTips.Painting.DataTipPainter.GetExpandArrowSize">
            <summary>
            Gets the width and height, in pixels, of ExpandArrow element.
            </summary>
            <returns></returns>
        </member>
        <member name="M:Alternet.Scripter.Debugger.UI.DataTips.Painting.DataTipPainter.GetColumnSeparatorWidth">
            <summary>
            Gets the width of the Column Separator element.
            </summary>
            <returns></returns>
        </member>
        <member name="M:Alternet.Scripter.Debugger.UI.DataTips.Painting.DataTipPainter.PaintColumnSeparator(System.Drawing.Graphics,System.Drawing.Point,System.Drawing.Point,Alternet.Scripter.Debugger.UI.DataTips.IDataTip)">
            <summary>
            Paints Column Separator element of the <c>IDataTip</c> item with specified parameters.
            </summary>
            <param name="g">The Graphics object to draw on.</param>
            <param name="top">Top of the Column Separator element.</param>
            <param name="bottom">Bottom of the Column Separator element.</param>
            <param name="dataTip"><c>IDataTip</c> to be drawn.</param>
        </member>
        <member name="M:Alternet.Scripter.Debugger.UI.DataTips.Painting.DataTipPainter.PaintItemValueText(System.Drawing.Graphics,System.Drawing.Rectangle,Alternet.Scripter.Debugger.UI.DataTips.IDataTip,Alternet.Scripter.Debugger.ExpressionEvaluation.EvaluationResult,System.String)">
            <summary>
            Paints Value text of the <c>IDataTip</c> item with specified parameters.
            </summary>
            <param name="g">The Graphics object to draw on.</param>
            <param name="bounds">Rectangle that bounds the drawing area for the ItemValue text.</param>
            <param name="dataTip"><c>IDataTip</c> to be drawn.</param>
            <param name="itemData">The result of evaluation.</param>
            <param name="value">Text to be drawn.</param>
        </member>
        <member name="M:Alternet.Scripter.Debugger.UI.DataTips.Painting.DataTipPainter.PaintItemImage(System.Drawing.Graphics,System.Drawing.Rectangle,Alternet.Scripter.Debugger.UI.DataTips.IDataTip,Alternet.Scripter.Debugger.ExpressionEvaluation.EvaluationResult)">
            <summary>
            Paints image of the <c>IDataTip</c> item with specified parameters.
            </summary>
            <param name="g">The Graphics object to draw on.</param>
            <param name="bounds">Rectangle that bounds the drawing area for the image.</param>
            <param name="dataTip"><c>IDataTip</c> to be drawn.</param>
            <param name="itemData">The result of evaluation.</param>
        </member>
        <member name="M:Alternet.Scripter.Debugger.UI.DataTips.Painting.DataTipPainter.PaintItemExpandArrow(System.Drawing.Graphics,System.Drawing.Rectangle,Alternet.Scripter.Debugger.UI.DataTips.IDataTip,Alternet.Scripter.Debugger.ExpressionEvaluation.EvaluationResult,System.Boolean)">
            <summary>
            Paints ExpandArrow element of the <c>IDataTip</c> item with specified parameters.
            </summary>
            <param name="g">The Graphics object to draw on.</param>
            <param name="bounds">Rectangle that bounds the drawing area for the ExpandArrow element.</param>
            <param name="dataTip"><c>IDataTip</c> to be drawn.</param>
            <param name="itemData">The result of evaluation.</param>
            <param name="expanded">State of the ExpandArrow element.</param>
        </member>
        <member name="M:Alternet.Scripter.Debugger.UI.DataTips.Painting.DataTipPainter.PaintPopupBorder(System.Drawing.Graphics,System.Drawing.Rectangle,Alternet.Scripter.Debugger.UI.DataTips.IDataTip)">
            <summary>
            Paints PopupBorder element of the <c>IDataTip</c> item with specified parameters.
            </summary>
            <param name="g">The Graphics object to draw on.</param>
            <param name="bounds">Rectangle that bounds the drawing area for the PopupBorder element.</param>
            <param name="dataTip"><c>IDataTip</c> to be drawn.</param>
        </member>
        <member name="T:Alternet.Scripter.Debugger.UI.DataTips.DataTipState">
            <summary>
            Defines DataTip states. 
            </summary>
        </member>
        <member name="F:Alternet.Scripter.Debugger.UI.DataTips.DataTipState.Evaluating">
            <summary>
            Specifies that expression is being evaluated.
            </summary>
        </member>
        <member name="F:Alternet.Scripter.Debugger.UI.DataTips.DataTipState.Visible">
            <summary>
            Specifies that DataTip is visible.
            </summary>
        </member>
        <member name="F:Alternet.Scripter.Debugger.UI.DataTips.DataTipState.Hidden">
            <summary>
            Specifies that DataTip is hidden.
            </summary>
        </member>
        <member name="T:Alternet.Scripter.Debugger.UI.DataTips.IDataTip">
            <summary>
            Represents properties and methods used to process evaluation data.
            </summary>
        </member>
        <member name="P:Alternet.Scripter.Debugger.UI.DataTips.IDataTip.State">
            <summary>
            Gets DataTip state.
            </summary>
        </member>
        <member name="P:Alternet.Scripter.Debugger.UI.DataTips.IDataTip.Parameters">
            <summary>
            Gets DataTip data.
            </summary>
        </member>
        <member name="P:Alternet.Scripter.Debugger.UI.DataTips.IDataTip.ScreenBounds">
            <summary>
            Gets DataTip screen working area.
            </summary>
        </member>
        <member name="P:Alternet.Scripter.Debugger.UI.DataTips.IDataTip.HasExpandedItem">
            <summary>
            Gets a boolean value indicating whether DataTip has a child items.
            </summary>
        </member>
        <member name="M:Alternet.Scripter.Debugger.UI.DataTips.IDataTip.Close">
            <summary>
            Closes current DataTip.
            </summary>
        </member>
        <member name="T:Alternet.Scripter.Debugger.UI.DataTips.DataTipEvaluationMode">
            <summary>
            Defines type of DataTip evaluation result.
            </summary>
        </member>
        <member name="F:Alternet.Scripter.Debugger.UI.DataTips.DataTipEvaluationMode.Value">
            <summary>
            Specifies evaluation result belongs to the main expression.
            </summary>
        </member>
        <member name="F:Alternet.Scripter.Debugger.UI.DataTips.DataTipEvaluationMode.Children">
            <summary>
            Specifies evaluation result belongs to the nested expression.
            </summary>
        </member>
        <member name="T:Alternet.Scripter.Debugger.UI.DataTips.DataTipShowParameters">
            <summary>
            Represents evaluation data.
            </summary>
        </member>
        <member name="M:Alternet.Scripter.Debugger.UI.DataTips.DataTipShowParameters.#ctor(System.Windows.Forms.Control,Alternet.Scripter.Debugger.IScriptDebuggerBase,System.String,System.Drawing.Point,Alternet.Scripter.Debugger.UI.DataTips.DataTipEvaluationMode,Alternet.Scripter.Debugger.UI.DataTips.IDataTip,Alternet.Scripter.Debugger.UI.DataTips.Painting.DataTipPainter)">
            <summary>
            Initializes a new instance of the <c>DataTipShowParameters</c> class with specified parameters.
            </summary>
            <param name="ownerEditControl">Specifies Control that owns this <c>DataTipShowParameters</c>.</param>
            <param name="debugger">Specifies <c>IScriptDebuggerBase</c> used to evaluate expression.</param>
            <param name="expression">Specifies expression to evaluate.</param>
            <param name="popupClientPosition">Specifies position to popup DataTip.</param>
            <param name="evaluationMode">Specifies evaluation mode.</param>
            <param name="ownerDataTip">Specifies <c>IDataTip</c> that owns this <c>DataTipShowParameters</c>.</param>
            <param name="customPainter">Specifies <c>DataTipPainter</c> used to draw <c>DataTipShowParameters</c> content instead of default painter.</param>
        </member>
        <member name="P:Alternet.Scripter.Debugger.UI.DataTips.DataTipShowParameters.OwnerEditControl">
            <summary>
            Gets Control that owns this <c>DataTipShowParameters</c>.
            </summary>
        </member>
        <member name="P:Alternet.Scripter.Debugger.UI.DataTips.DataTipShowParameters.Debugger">
            <summary>
            Gets <c>IScriptDebuggerBase</c> used to evaluate expression.
            </summary>
        </member>
        <member name="P:Alternet.Scripter.Debugger.UI.DataTips.DataTipShowParameters.Expression">
            <summary>
            Gets expression to evaluate.
            </summary>
        </member>
        <member name="P:Alternet.Scripter.Debugger.UI.DataTips.DataTipShowParameters.PopupClientPosition">
            <summary>
            Gets position to popup DataTip.
            </summary>
        </member>
        <member name="P:Alternet.Scripter.Debugger.UI.DataTips.DataTipShowParameters.EvaluationMode">
            <summary>
            Gets evaluation mode.
            </summary>
        </member>
        <member name="P:Alternet.Scripter.Debugger.UI.DataTips.DataTipShowParameters.OwnerDataTip">
            <summary>
            Gets <c>IDataTip</c> that owns this <c>DataTipShowParameters</c>.
            </summary>
        </member>
        <member name="P:Alternet.Scripter.Debugger.UI.DataTips.DataTipShowParameters.CustomPainter">
            <summary>
            Gets <c>DataTipPainter</c> used to draw <c>DataTipShowParameters</c> content instead of default painter.
            </summary>
        </member>
        <member name="T:Alternet.Scripter.Debugger.UI.DataTips.DataTip">
            <summary>
            Represents functionality to popup evaluation result of symbols being debugged. 
            </summary>
        </member>
        <member name="P:Alternet.Scripter.Debugger.UI.DataTips.DataTip.DefaultPainter">
            <summary>
            Gets or sets <c>DataTipPainter</c> object used to paint DataTip content.
            </summary>
        </member>
        <member name="M:Alternet.Scripter.Debugger.UI.DataTips.DataTip.Show(Alternet.Scripter.Debugger.UI.DataTips.DataTipShowParameters)">
            <summary>
            Shows the IDataTip pop-up window for specified expression.
            </summary>
            <param name="parameters">Represents evaluation data to display.</param>
            <returns></returns>
        </member>
        <member name="T:Alternet.Scripter.Debugger.UI.VariablesEvaluationControlBase">
            <summary>
            Provides a base class to evaluate list of expressions during script debugging. This class is abstract.
            </summary>
        </member>
        <!-- Badly formed XML comment ignored for member "P:Alternet.Scripter.Debugger.UI.VariablesEvaluationControlBase.Debugger" -->
        <member name="M:Alternet.Scripter.Debugger.UI.VariablesEvaluationControlBase.CancelEvaluationAsync">
            <summary>
            Cancels an evaluation task which is currently running.
            </summary>
        </member>
        <member name="T:Alternet.Scripter.Debugger.UI.AddToWatchClickEventArgs">
            <summary>
            Provides data for the <c>Locals.AddToWatchClick</c> event.
            </summary>
        </member>
        <member name="P:Alternet.Scripter.Debugger.UI.AddToWatchClickEventArgs.Expression">
            <summary>
            Gets or sets a variable expression currently selected in the list of local variables.
            </summary>
        </member>
        <member name="T:Alternet.Scripter.Debugger.UI.BreakpointChangedEventArgs">
            <summary>
            Provides data for the <c>Breakpoints.BreakpointStateChanged</c> and  <c>Breakpoints.BreakpointDeleted</c>  event.
            </summary>
        </member>
        <member name="P:Alternet.Scripter.Debugger.UI.BreakpointChangedEventArgs.Breakpoint">
            <summary>
            Gets or sets a <c>Breakpoint</c> which state was changed.
            </summary>
        </member>
        <member name="P:Alternet.Scripter.Debugger.UI.BreakpointChangedEventArgs.Breakpoints">
            <summary>
            Gets or sets a list of <c>Breakpoint</c> which state was changed.
            </summary>
        </member>
        <member name="T:Alternet.Scripter.Debugger.UI.ThreadClickEventArgs">
            <summary>
            Provides data for the <c>Threads.ThreadClick</c> event.
            </summary>
        </member>
        <member name="P:Alternet.Scripter.Debugger.UI.ThreadClickEventArgs.Thread">
            <summary>
            Gets or sets a <c>ThreadInfo</c> object currently selected in the list of Threads.
            </summary>
        </member>
        <member name="T:Alternet.Scripter.Debugger.UI.WatchAddedEventArgs">
            <summary>
            Provides data for the <c>EvaluateDialog.WatchAdded</c> event.
            </summary>
        </member>
        <member name="P:Alternet.Scripter.Debugger.UI.WatchAddedEventArgs.Expression">
            <summary>
            Gets or sets expression to watch.
            </summary>
        </member>
        <member name="T:Alternet.Scripter.Debugger.UI.Properties.Resources">
            <summary>
              A strongly-typed resource class, for looking up localized strings, etc.
            </summary>
        </member>
        <member name="P:Alternet.Scripter.Debugger.UI.Properties.Resources.ResourceManager">
            <summary>
              Returns the cached ResourceManager instance used by this class.
            </summary>
        </member>
        <member name="P:Alternet.Scripter.Debugger.UI.Properties.Resources.Culture">
            <summary>
              Overrides the current thread's CurrentUICulture property for all
              resource lookups using this strongly typed resource class.
            </summary>
        </member>
        <member name="T:Alternet.Scripter.Debugger.UI.Threads">
            <summary>
            Displays list of active threads during script debugging.
            </summary>
        </member>
        <member name="M:Alternet.Scripter.Debugger.UI.Threads.#ctor">
            <summary>
            Initializes a new instance of the <c>Threads</c> class with default settings.
            </summary>
        </member>
        <member name="E:Alternet.Scripter.Debugger.UI.Threads.ThreadClick">
            <summary>
            When implemented by a class, occurs when user clicks on the thread in the list.
            </summary>
        </member>
        <member name="P:Alternet.Scripter.Debugger.UI.Threads.Debugger">
            <summary>
            Gets or sets <c>IScriptDebuggerBase</c> which threads will be displayed by this user control.
            </summary>
        </member>
        <member name="P:Alternet.Scripter.Debugger.UI.Threads.SelectedThread">
            <summary>
            Gets a currently selected thread.
            </summary>
        </member>
        <member name="M:Alternet.Scripter.Debugger.UI.Threads.SetThreads(Alternet.Scripter.Debugger.ThreadInfo[])">
            <summary>
            Sets threads to be displayed.
            </summary>
            <param name="threads">List of threads to be displayed.</param>
        </member>
        <member name="F:Alternet.Scripter.Debugger.UI.Threads.components">
            <summary> 
            Required designer variable.
            </summary>
        </member>
        <member name="M:Alternet.Scripter.Debugger.UI.Threads.Dispose(System.Boolean)">
            <summary> 
            Clean up any resources being used.
            </summary>
            <param name="disposing">True if managed resources should be disposed; otherwise, false.</param>
        </member>
        <member name="M:Alternet.Scripter.Debugger.UI.Threads.InitializeComponent">
            <summary> 
            Required method for Designer support - do not modify 
            the contents of this method with the code editor.
            </summary>
        </member>
        <member name="T:Alternet.Scripter.Debugger.UI.CallStack">
            <summary>
            Displays list of call stack frames during script debugging.
            </summary>
        </member>
        <member name="M:Alternet.Scripter.Debugger.UI.CallStack.#ctor">
            <summary>
            Initializes a new instance of the <c>CallStack</c> class with default settings.
            </summary>
        </member>
        <member name="E:Alternet.Scripter.Debugger.UI.CallStack.CallStackClick">
            <summary>
            When implemented by a class, occurs when user clicks on a call stack frame in the list.
            </summary>
        </member>
        <member name="E:Alternet.Scripter.Debugger.UI.CallStack.FramesChanged">
            <summary>
            When implemented by a class, occurs when current stack frame changes.
            </summary>
        </member>
        <member name="P:Alternet.Scripter.Debugger.UI.CallStack.Debugger">
            <summary>
            Gets or sets <c>IScriptDebuggerBase</c> which stack frames displayed by this user control.
            </summary>
        </member>
        <member name="P:Alternet.Scripter.Debugger.UI.CallStack.SelectedFrame">
            <summary>
            Gets a currently selected stack frame.
            </summary>
        </member>
        <member name="M:Alternet.Scripter.Debugger.UI.CallStack.TrySwitchToTopUserStackFrame">
            <summary>
            Switches debugging to the given stack frame.
            </summary>
        </member>
        <member name="M:Alternet.Scripter.Debugger.UI.CallStack.SetFrames(Alternet.Scripter.Debugger.StackFrame[])">
            <summary>
            Sets list of call stack frames to be displayed.
            </summary>
            <param name="frames">List of frames to display.</param>
        </member>
        <member name="F:Alternet.Scripter.Debugger.UI.CallStack.components">
            <summary> 
            Required designer variable.
            </summary>
        </member>
        <member name="M:Alternet.Scripter.Debugger.UI.CallStack.Dispose(System.Boolean)">
            <summary> 
            Clean up any resources being used.
            </summary>
            <param name="disposing">True if managed resources should be disposed; otherwise, false.</param>
        </member>
        <member name="M:Alternet.Scripter.Debugger.UI.CallStack.InitializeComponent">
            <summary> 
            Required method for Designer support - do not modify 
            the contents of this method with the code editor.
            </summary>
        </member>
        <member name="T:Alternet.Scripter.Debugger.UI.Errors">
            <summary>
            Displays list of compiler errors and warnings.
            </summary>
        </member>
        <member name="M:Alternet.Scripter.Debugger.UI.Errors.#ctor">
            <summary>
            Initializes a new instance of the <c>Errors</c> class with default settings.
            </summary>
        </member>
        <member name="E:Alternet.Scripter.Debugger.UI.Errors.ErrorClick">
            <summary>
            When implemented by a class, occurs when user clicks on the compiler error or warning.
            </summary>
        </member>
        <member name="P:Alternet.Scripter.Debugger.UI.Errors.Debugger">
            <summary>
            Gets or sets <c>IScriptDebuggerBase</c> which errors will be displayed by this user control.
            </summary>
        </member>
        <member name="P:Alternet.Scripter.Debugger.UI.Errors.SelectedError">
            <summary>
            Gets currently selected error.
            </summary>
        </member>
        <member name="M:Alternet.Scripter.Debugger.UI.Errors.Clear">
            <summary>
            Clears error list.
            </summary>
        </member>
        <member name="M:Alternet.Scripter.Debugger.UI.Errors.Reset">
            <summary>
            Resets user control to it's default state.
            </summary>
        </member>
        <member name="M:Alternet.Scripter.Debugger.UI.Errors.AddCompilerError(Alternet.Scripter.ScriptCompilationDiagnostic)">
            <summary>
            Adds specified error to the error's collection.
            </summary>
            <param name="error">Error to add.</param>
        </member>
        <member name="M:Alternet.Scripter.Debugger.UI.Errors.AddCompilerErrors(Alternet.Scripter.ScriptCompilationDiagnostic[])">
            <summary>
             Adds specified errors to the error's collection.
            </summary>
            <param name="errors">List of errors to add.</param>
        </member>
        <member name="F:Alternet.Scripter.Debugger.UI.Errors.components">
            <summary> 
            Required designer variable.
            </summary>
        </member>
        <member name="M:Alternet.Scripter.Debugger.UI.Errors.Dispose(System.Boolean)">
            <summary> 
            Clean up any resources being used.
            </summary>
            <param name="disposing">True if managed resources should be disposed; otherwise, false.</param>
        </member>
        <member name="M:Alternet.Scripter.Debugger.UI.Errors.InitializeComponent">
            <summary> 
            Required method for Designer support - do not modify 
            the contents of this method with the code editor.
            </summary>
        </member>
        <member name="T:Alternet.Scripter.Debugger.UI.EvaluateDialog">
            <summary>
            Represents a dialog box to evaluate a particular variable or expression.
            </summary>
        </member>
        <member name="M:Alternet.Scripter.Debugger.UI.EvaluateDialog.#ctor(Alternet.Scripter.Debugger.UI.EvaluateDialog.CodeCompletionOptions)">
            <summary>
            Initializes a new instance of the <c>EvaluateDialog</c> class with specified options.
            </summary>
            <param name="codeCompletionOptions">Defines code completion behavior for the expression textbox.</param>
        </member>
        <member name="T:Alternet.Scripter.Debugger.UI.EvaluateDialog.CreateCodeCompletionControllerDelegate">
            <summary>
            Represents a method that will handle creation of codecompletion controller object.
            </summary>
            <param name="site">Site corresponding to the controller.</param>
            <param name="debugger"><c>IScriptDebuggerBase</c> which evaluates the expressions.</param>
            <param name="expressionTextBox">TextBox that receives user input.</param>
            <returns></returns>
        </member>
        <member name="E:Alternet.Scripter.Debugger.UI.EvaluateDialog.WatchAdded">
            <summary>
            Occurs when current expression is added to the list of Watches.
            </summary>
        </member>
        <member name="P:Alternet.Scripter.Debugger.UI.EvaluateDialog.Debugger">
            <summary>
            Gets or sets <c>IScriptDebuggerBase</c> used to evaluate expressions.
            </summary>
        </member>
        <member name="P:Alternet.Scripter.Debugger.UI.EvaluateDialog.EvaluateCurrentException">
            <summary>
            Gets or sets a value indicating whether current exception should be evaluated when dialog is displayed.
            </summary>
        </member>
        <member name="P:Alternet.Scripter.Debugger.UI.EvaluateDialog.Expression">
            <summary>
            Gets or sets an expression to be evaluated.
            </summary>
        </member>
        <member name="M:Alternet.Scripter.Debugger.UI.EvaluateDialog.GetInitialExpression(System.String)">
            <summary>
            Gets initial expression displayed when the evaluate dialog is displayed.
            </summary>
            <param name="key"></param>
            <returns>Default expression to evaluate.</returns>
        </member>
        <member name="M:Alternet.Scripter.Debugger.UI.EvaluateDialog.EvaluateCurrentExpressionAsync">
            <summary>
            Evaluates current expression asynchronously.
            </summary>
            <returns></returns>
        </member>
        <member name="T:Alternet.Scripter.Debugger.UI.EvaluateDialog.CodeCompletionOptions">
            <summary>
            Represents options that affect code completion in the evaluation dialog.
            </summary>
        </member>
        <member name="F:Alternet.Scripter.Debugger.UI.EvaluateDialog.CodeCompletionOptions.Disabled">
            <summary>
            Disabled code completion in the evaluation dialog.
            </summary>
        </member>
        <member name="F:Alternet.Scripter.Debugger.UI.EvaluateDialog.CodeCompletionOptions.Enabled">
            <summary>
            Enabled code completion in the evaluation dialog.
            </summary>
        </member>
        <member name="P:Alternet.Scripter.Debugger.UI.EvaluateDialog.CodeCompletionOptions.CodeCompletionEnabled">
            <summary>
            Gets a value indicating whether code completion is enabled.
            </summary>
        </member>
        <member name="P:Alternet.Scripter.Debugger.UI.EvaluateDialog.CodeCompletionOptions.CreateCustomControllerFunc">
            <summary>
            Gets a method handles creation of codecompletion controller object.
            </summary>
        </member>
        <member name="M:Alternet.Scripter.Debugger.UI.EvaluateDialog.CodeCompletionOptions.Custom(Alternet.Scripter.Debugger.UI.EvaluateDialog.CreateCodeCompletionControllerDelegate)">
            <summary>
            Gets a custom options for the code completion in the evaluation dialog.
            </summary>
            <param name="createCustomControllerFunc">This method handles creation of codecompletion controller object.</param>
            <returns></returns>
        </member>
        <member name="F:Alternet.Scripter.Debugger.UI.EvaluateDialog.components">
            <summary>
            Required designer variable.
            </summary>
        </member>
        <member name="M:Alternet.Scripter.Debugger.UI.EvaluateDialog.Dispose(System.Boolean)">
            <summary>
            Clean up any resources being used.
            </summary>
            <param name="disposing">True if managed resources should be disposed; otherwise, false.</param>
        </member>
        <member name="M:Alternet.Scripter.Debugger.UI.EvaluateDialog.InitializeComponent">
            <summary>
            Required method for Designer support - do not modify
            the contents of this method with the code editor.
            </summary>
        </member>
        <member name="T:Alternet.Scripter.Debugger.UI.BreakpointClickEventArgs">
            <summary>
            Provides data for the <c>Breakpoints.BreakpointClick</c> event.
            </summary>
        </member>
        <member name="P:Alternet.Scripter.Debugger.UI.BreakpointClickEventArgs.Breakpoint">
            <summary>
            Gets or sets a <c>Breakpoint</c> currently selected in the list of Breakpoints.
            </summary>
        </member>
        <member name="T:Alternet.Scripter.Debugger.UI.CallStackClickEventArgs">
            <summary>
            Provides data for the <c>CallStack.CallStackClick</c> event.
            </summary>
        </member>
        <member name="P:Alternet.Scripter.Debugger.UI.CallStackClickEventArgs.StackFrame">
            <summary>
            Gets or sets a <c>StackFrame</c> currently selected in the Call Stack list.
            </summary>
        </member>
        <member name="T:Alternet.Scripter.Debugger.UI.ErrorClickEventArgs">
            <summary>
            Provides data for the <c>Errors.ErrorClick</c> event.
            </summary>
        </member>
        <member name="P:Alternet.Scripter.Debugger.UI.ErrorClickEventArgs.Error">
            <summary>
            Gets or sets a <c>ScriptCompilationDiagnostic</c> currently selected in the list of Compiler Errors.
            </summary>
        </member>
        <member name="T:Alternet.Scripter.Debugger.UI.Locals">
            <summary>
             Displays and evaluates local variables during script debugging.
            </summary>
        </member>
        <member name="M:Alternet.Scripter.Debugger.UI.Locals.#ctor">
            <summary>
            Initializes a new instance of the <c>Locals</c> class with default settings.
            </summary>
        </member>
        <member name="E:Alternet.Scripter.Debugger.UI.Locals.AddToWatchClick">
            <summary>
            Occurs when user clicks on the local to add it to the watch window.
            </summary>
        </member>
        <member name="P:Alternet.Scripter.Debugger.UI.Locals.SelectedWatch">
            <summary>
            Gets a currently selected watch expression.
            </summary>
        </member>
        <member name="P:Alternet.Scripter.Debugger.UI.Locals.SelectedText">
            <summary>
            Gets a currently selected text.
            </summary>
        </member>
        <member name="M:Alternet.Scripter.Debugger.UI.Locals.EvaluateVariables(System.Collections.Generic.IEnumerable{System.String})">
            <summary>
            Evaluates values of given variables asynchronously.
            </summary>
            <param name="variableNames">List of variables to evaluate.</param>
        </member>
        <member name="F:Alternet.Scripter.Debugger.UI.Locals.components">
            <summary> 
            Required designer variable.
            </summary>
        </member>
        <member name="M:Alternet.Scripter.Debugger.UI.Locals.Dispose(System.Boolean)">
            <summary> 
            Clean up any resources being used.
            </summary>
            <param name="disposing">True if managed resources should be disposed; otherwise, false.</param>
        </member>
        <member name="M:Alternet.Scripter.Debugger.UI.Locals.InitializeComponent">
            <summary> 
            Required method for Designer support - do not modify 
            the contents of this method with the code editor.
            </summary>
        </member>
        <member name="T:Alternet.Scripter.Debugger.UI.Output">
            <summary>
            Displays list of output messages during script debugging.
            </summary>
        </member>
        <member name="M:Alternet.Scripter.Debugger.UI.Output.#ctor">
            <summary>
            Initializes a new instance of the <c>Output</c> class with default settings.
            </summary>
        </member>
        <member name="M:Alternet.Scripter.Debugger.UI.Output.Finalize">
            <summary>
            Destroys the instance of the <c>Output</c> class. 
            </summary>
        </member>
        <member name="P:Alternet.Scripter.Debugger.UI.Output.Debugger">
            <summary>
            Gets or sets <c>IScriptDebuggerBase</c> which output messages will be displayed by this user control.
            </summary>
        </member>
        <member name="P:Alternet.Scripter.Debugger.UI.Output.SelectedMessage">
            <summary>
            Gets currently selected message.
            </summary>
        </member>
        <member name="M:Alternet.Scripter.Debugger.UI.Output.Clear">
            <summary>
            Clears output list.
            </summary>
        </member>
        <member name="F:Alternet.Scripter.Debugger.UI.Output.components">
            <summary> 
            Required designer variable.
            </summary>
        </member>
        <member name="M:Alternet.Scripter.Debugger.UI.Output.Dispose(System.Boolean)">
            <summary> 
            Clean up any resources being used.
            </summary>
            <param name="disposing">True if managed resources should be disposed; otherwise, false.</param>
        </member>
        <member name="M:Alternet.Scripter.Debugger.UI.Output.InitializeComponent">
            <summary> 
            Required method for Designer support - do not modify 
            the contents of this method with the code editor.
            </summary>
        </member>
        <member name="T:Alternet.Scripter.Debugger.UI.WatchDialog">
            <summary>
            Represents a dialog box to add a new watch expression.
            </summary>
        </member>
        <member name="M:Alternet.Scripter.Debugger.UI.WatchDialog.#ctor">
            <summary>
            Initializes a new instance of the <c>WatchDialog</c> class with default settings.
            </summary>
        </member>
        <member name="F:Alternet.Scripter.Debugger.UI.WatchDialog.components">
            <summary>
            Required designer variable.
            </summary>
        </member>
        <member name="M:Alternet.Scripter.Debugger.UI.WatchDialog.Dispose(System.Boolean)">
            <summary>
            Clean up any resources being used.
            </summary>
            <param name="disposing">True if managed resources should be disposed; otherwise, false.</param>
        </member>
        <member name="M:Alternet.Scripter.Debugger.UI.WatchDialog.InitializeComponent">
            <summary>
            Required method for Designer support - do not modify
            the contents of this method with the code editor.
            </summary>
        </member>
        <member name="T:Alternet.Scripter.Debugger.UI.Watches">
            <summary>
            Displays and evaluates watch expressions during script debugging.
            </summary>
        </member>
        <member name="M:Alternet.Scripter.Debugger.UI.Watches.#ctor">
            <summary>
            Initializes a new instance of the <c>Watches</c> class with default settings.
            </summary>
        </member>
        <member name="P:Alternet.Scripter.Debugger.UI.Watches.SelectedWatch">
            <summary>
            Gets a currently selected watch expression.
            </summary>
        </member>
        <member name="M:Alternet.Scripter.Debugger.UI.Watches.AddWatch(System.String,System.Boolean,System.Boolean)">
            <summary>
            Adds specified expression to the list of watches.
            </summary>
            <param name="expression">Watch expression to evaluate.</param>
            <param name="checkIfExists">Check whether specified watch expression already exists.</param>
            <param name="selectAdded">Selects specified watch.</param>
        </member>
        <member name="M:Alternet.Scripter.Debugger.UI.Watches.AddWatch(System.String)">
            <summary>
            Adds specified expression to the list of watches.
            </summary>
            <param name="expression">Watch expression to evaluate.</param>
        </member>
        <member name="M:Alternet.Scripter.Debugger.UI.Watches.EvaluateWatchExpressions">
            <summary>
            Evaluates values of all expressions asynchronously.
            </summary>
        </member>
        <member name="M:Alternet.Scripter.Debugger.UI.Watches.Clear">
            <summary>
            Clears watches list.
            </summary>
        </member>
        <member name="F:Alternet.Scripter.Debugger.UI.Watches.components">
            <summary> 
            Required designer variable.
            </summary>
        </member>
        <member name="M:Alternet.Scripter.Debugger.UI.Watches.Dispose(System.Boolean)">
            <summary> 
            Clean up any resources being used.
            </summary>
            <param name="disposing">True if managed resources should be disposed; otherwise, false.</param>
        </member>
        <member name="M:Alternet.Scripter.Debugger.UI.Watches.InitializeComponent">
            <summary> 
            Required method for Designer support - do not modify 
            the contents of this method with the code editor.
            </summary>
        </member>
    </members>
</doc>
