<?xml version="1.0"?>
<doc>
    <assembly>
        <name>Alternet.Common.UI.v5</name>
    </assembly>
    <members>
        <member name="T:Alternet.Common.UI.CodeExplorer">
            <summary>
            Represents methods used to explore parsed representation of the source code in the TreeView control.
            </summary>
        </member>
        <member name="M:Alternet.Common.UI.CodeExplorer.#ctor">
            <summary>
            Initializes a new instance of the <c>CodeExplorer</c> class with default settings.
            </summary>
        </member>
        <member name="P:Alternet.Common.UI.CodeExplorer.ExplorerTree">
            <summary>
            Gets or sets System.Windows.Forms.TreeView control used to explore source code.
            </summary>
        </member>
        <member name="M:Alternet.Common.UI.CodeExplorer.ScopeImageIndex(Microsoft.CodeAnalysis.SyntaxNode,System.Boolean)">
            <summary>
            Calculates offset for the image index accordingly to the visibility scope.
            </summary>
            <param name="node">Syntax element.</param>
            <param name="isScopedImage">Indicates whether image index needs to be adjusted.</param>
            <returns>The amount to offset.</returns>
        </member>
        <member name="M:Alternet.Common.UI.CodeExplorer.UpdateExplorer(System.Object)">
            <summary>
            Updates explorer content from given source document.
            </summary>
            <param name="document">Source code document.</param>
        </member>
        <member name="T:Alternet.Common.UI.CodeUtils">
            <summary>
            Represents extended functionality to fill classes and methods lists related to the position inside the text document.
            </summary>
        </member>
        <member name="M:Alternet.Common.UI.CodeUtils.FillClasses(System.Windows.Forms.ComboBox,System.Object,System.Drawing.Point)">
            <summary>
            Fills given ComboBox with list of classes obtained from specified document at the given position.
            </summary>
            <param name="comboBox">ComboBox control to process.</param>
            <param name="document">Source code document.</param>
            <param name="position">Position in code.</param>
        </member>
        <member name="M:Alternet.Common.UI.CodeUtils.FillMethods(System.Windows.Forms.ComboBox,System.Object,System.Drawing.Point,System.Windows.Forms.ComboBox)">
            <summary>
            Fills given ComboBox with list of methods obtained from specified document at the given position.
            </summary>
            <param name="comboBox">ComboBox control to process.</param>
            <param name="document">Source code document.</param>
            <param name="position">Position in code.</param>
            <param name="classCombo">Contains list of classes.</param>
        </member>
        <member name="M:Alternet.Common.UI.CodeUtils.NavigateClasses(System.Windows.Forms.ComboBox,System.Object,System.Drawing.Point)">
            <summary>
            Updates content of given class ComboBox accordingly to given position.
            </summary>
            <param name="comboBox">ComboBox to process.</param>
            <param name="document">Source code document.</param>
            <param name="position">Position in code.</param>
        </member>
        <member name="M:Alternet.Common.UI.CodeUtils.NavigateMethods(System.Windows.Forms.ComboBox,System.Object,System.Drawing.Point,System.Windows.Forms.ComboBox)">
            <summary>
            Updates content of given method ComboBox accordingly to given position.
            </summary>
            <param name="comboBox">ComboBox to process.</param>
            <param name="document">Source code document.</param>
            <param name="position">Position in code.</param>
            <param name="classComboBox">Contains list of classes.</param>
        </member>
        <member name="M:Alternet.Common.UI.CodeUtils.DrawItem(System.Windows.Forms.ComboBox,System.Windows.Forms.DrawItemEventArgs,System.Windows.Forms.ImageList)">
            <summary>
            Provides a custom drawing for a ComboBox item.
            </summary>
            <param name="comboBox">ComboBox which item will be drawn.</param>
            <param name="e">A DrawItemEventArgs that contains the event data.</param>
            <param name="images">List of images used to draw with items.</param>
        </member>
        <member name="M:Alternet.Common.UI.CodeUtils.GetSelectedPosition(System.Windows.Forms.ComboBox,System.Object)">
            <summary>
            Finds position in source code related to the currently selected item in the ComboBox control.
            </summary>
            <param name="comboBox">ComboBox contains list of syntax elements (classes or methods).</param>
            <param name="document">Source code document.</param>
            <returns>System.Draw.Point represents start point of current syntax element.</returns>
        </member>
        <member name="M:Alternet.Common.UI.CodeUtils.GetPosition(System.Object,System.Object,System.Drawing.Point@)">
            <summary>
            Finds position in source code related to the specified syntax element.
            </summary>
            <param name="node">Syntax element (class or method) to probe.</param>
            <param name="document">Source code document.</param>
            <param name="point">Receives start point of given syntax element.</param>
            <returns>True if succeed; otherwise false.</returns>
        </member>
        <member name="M:Alternet.Common.UI.CodeUtils.FormatText(System.Object)">
            <summary>
            Formats content of specified syntax element accordingly to language rules of the document.
            </summary>
            <param name="item">Syntax element to probe.</param>
            <returns>Formatted sting that contains a syntax element.</returns>
        </member>
        <member name="M:Alternet.Common.UI.CodeUtils.SelectItem(System.Windows.Forms.ComboBox,System.Object,System.Drawing.Point@)">
            <summary>
            Finds position of the syntax element linked to the currently selected item in the ComboBox control.
            </summary>
            <param name="comboBox">ComboBox to process.</param>
            <param name="document">Source code document.</param>
            <param name="position">Receives start point of currently selected syntax element.</param>
            <returns>True if succeed; otherwise false.</returns>
        </member>
        <member name="T:Alternet.Common.UI.ColorBox">
            <summary>
            Represents a combo-box like control used to select color from drop-down list of colors.
            </summary>
        </member>
        <member name="M:Alternet.Common.UI.ColorBox.#ctor(System.ComponentModel.IContainer)">
            <summary>
            Initializes a new instance of the <c>ColorBox</c> class with specified container.
            </summary>
            <param name="container">Specifies IContainer that contains this new instance.</param>
        </member>
        <member name="M:Alternet.Common.UI.ColorBox.#ctor">
            <summary>
            Initializes a new instance of the <c>ColorBox</c> class with default settings.
            </summary>
        </member>
        <member name="P:Alternet.Common.UI.ColorBox.Items">
            <summary>
            Gets an object representing the collection of the colors contained in this <c>ColorBox</c>.
            </summary>
        </member>
        <member name="P:Alternet.Common.UI.ColorBox.Text">
            <summary>
            Represents text associated with this control.
            </summary>
        </member>
        <member name="P:Alternet.Common.UI.ColorBox.SelectedColor">
            <summary>
            Gets or sets currently selected color in the <c>ColorBox</c>.
            </summary>
        </member>
        <member name="T:Alternet.Common.UI.DlgConfirmSave">
            <summary>
            Represents dialog box used to confirm saving or not source code or design content before it's closing.
            </summary>
        </member>
        <member name="M:Alternet.Common.UI.DlgConfirmSave.#ctor">
            <summary>
            Initializes a new instance of the <c>DlgConfirmSave</c> class with default settings.
            </summary>
        </member>
        <member name="M:Alternet.Common.UI.DlgConfirmSave.#ctor(System.String,System.Collections.Generic.IList{System.String})">
            <summary>
            Initializes a new instance of the <c>DlgConfirmSave</c> class with specified settings.
            </summary>
            <param name="title">Text associated with this new instance.</param>
            <param name="unsavedFiles">List of modified files to confirm.</param>
        </member>
        <member name="F:Alternet.Common.UI.DlgConfirmSave.components">
            <summary>
            Required designer variable.
            </summary>
        </member>
        <member name="M:Alternet.Common.UI.DlgConfirmSave.Dispose(System.Boolean)">
            <summary>
            Clean up any resources being used.
            </summary>
            <param name="disposing">true if managed resources should be disposed; otherwise, false.</param>
        </member>
        <member name="M:Alternet.Common.UI.DlgConfirmSave.InitializeComponent">
            <summary>
            Required method for Designer support - do not modify
            the contents of this method with the code editor.
            </summary>
        </member>
        <member name="T:Alternet.Common.UI.FindResultClickEventArgs">
            <summary>
            Provides data for the <c>FindResultClick</c> event.
            </summary>
        </member>
        <member name="P:Alternet.Common.UI.FindResultClickEventArgs.FileRange">
            <summary>
            Gets or sets file range in the source code related to the current element.
            </summary>
        </member>
        <member name="T:Alternet.Common.UI.FindResults">
            <summary>
            Displays list of search results.
            </summary>
        </member>
        <member name="M:Alternet.Common.UI.FindResults.#ctor">
            <summary>
            Initializes a new instance of the <c>FindResults</c> class with default settings.
            </summary>
        </member>
        <member name="E:Alternet.Common.UI.FindResults.FindResultClick">
            <summary>
            Occurs when particular search result was clicked.
            </summary>
        </member>
        <member name="P:Alternet.Common.UI.FindResults.SelectedRange">
            <summary>
            Gets IFileRange related to the selected found result.
            </summary>
        </member>
        <member name="P:Alternet.Common.UI.FindResults.ResultsAvailable">
            <summary>
            Gets a boolean value indicates whether the find results available.
            </summary>
        </member>
        <member name="M:Alternet.Common.UI.FindResults.AddFindResults(Alternet.Common.IRangeList)">
            <summary>
            Fills <c>FindResults</c> content from specified range list.
            </summary>
            <param name="references">List of ranges contains search results.</param>
        </member>
        <member name="M:Alternet.Common.UI.FindResults.AddFindResult(Alternet.Common.IFileRange)">
            <summary>
            Adds specified range to the collection of search result.
            </summary>
            <param name="range"><c>IFileRange</c> to add.</param>
        </member>
        <member name="M:Alternet.Common.UI.FindResults.Clear">
            <summary>
            Clears list of results.
            </summary>
        </member>
        <member name="F:Alternet.Common.UI.FindResults.components">
            <summary> 
            Required designer variable.
            </summary>
        </member>
        <member name="M:Alternet.Common.UI.FindResults.Dispose(System.Boolean)">
            <summary> 
            Clean up any resources being used.
            </summary>
            <param name="disposing">true if managed resources should be disposed; otherwise, false.</param>
        </member>
        <member name="M:Alternet.Common.UI.FindResults.InitializeComponent">
            <summary> 
            Required method for Designer support - do not modify 
            the contents of this method with the code editor.
            </summary>
        </member>
        <member name="T:Alternet.Common.UI.FormOpenMode">
            <summary>
            Defines design or code mode for TreeNode data.
            </summary>
        </member>
        <member name="F:Alternet.Common.UI.FormOpenMode.Design">
            <summary>
            Specifies design mode.
            </summary>
        </member>
        <member name="F:Alternet.Common.UI.FormOpenMode.Code">
            <summary>
            Specifies code mode.
            </summary>
        </member>
        <member name="T:Alternet.Common.UI.FormNodeData">
            <summary>
            Represents data contained in the TreeNode for the <c>Alternet.Common.UI.ProjectExplorer</c>.
            </summary>
        </member>
        <member name="M:Alternet.Common.UI.FormNodeData.#ctor(System.String,System.String,Alternet.Common.UI.FormOpenMode)">
            <summary>
            Initializes a new instance of the <c>FormNodeData</c> class with specified parameters.
            </summary>
            <param name="formId">Id of the form related to the node.</param>
            <param name="fileName">Name of file related to the node.</param>
            <param name="openMode">Mode of the node.</param>
        </member>
        <member name="P:Alternet.Common.UI.FormNodeData.FileName">
            <summary>
            Gets or sets name of the file related to the node.
            </summary>
        </member>
        <member name="P:Alternet.Common.UI.FormNodeData.FormId">
            <summary>
            Gets or sets Id of the form related to the node.
            </summary>
        </member>
        <member name="P:Alternet.Common.UI.FormNodeData.OpenMode">
            <summary>
            Gets or sets openmode of the node.
            </summary>
        </member>
        <member name="T:Alternet.Common.UI.Project">
            <summary>
            Represents properties and methods used to store and manipulate Visual Studio project content.
            </summary>
        </member>
        <member name="E:Alternet.Common.UI.Project.ProjectModified">
            <summary>
            Occurs when project content was modified.
            </summary>
        </member>
        <member name="P:Alternet.Common.UI.Project.ProjectDependencies">
            <summary>
            Gets or sets list of project's dependencies.
            </summary>
        </member>
        <member name="P:Alternet.Common.UI.Project.ProjectHostGuid">
            <summary>
            Gets or sets's project's host GUID.
            </summary>
        </member>
        <member name="P:Alternet.Common.UI.Project.ProjectGuid">
            <summary>
            Gets or sets's project's GUID.
            </summary>
        </member>
        <member name="P:Alternet.Common.UI.Project.ProjectFileName">
            <summary>
            Gets fully qualified name of the project file.
            </summary>
        </member>
        <member name="P:Alternet.Common.UI.Project.RootNamespace">
            <summary>
            Gets project's root namespace.
            </summary>
        </member>
        <member name="P:Alternet.Common.UI.Project.ProjectName">
            <summary>
            Gets or sets project's name.
            </summary>
        </member>
        <member name="P:Alternet.Common.UI.Project.Files">
            <summary>
            Gets list of files included in the project.
            </summary>
        </member>
        <member name="P:Alternet.Common.UI.Project.References">
            <summary>
            Gets list of assemblies used in the project.
            </summary>
        </member>
        <member name="P:Alternet.Common.UI.Project.ProjectReferences">
            <summary>
            Gets list of assemblies used in the project.
            </summary>
        </member>
        <member name="P:Alternet.Common.UI.Project.ImportedNamespaces">
            <summary>
            Gets list of imported namespaces used in the project.
            </summary>
        </member>
        <member name="P:Alternet.Common.UI.Project.Resources">
            <summary>
            Gets the list of the resources embedded into the project.
            </summary>
        </member>
        <member name="P:Alternet.Common.UI.Project.OtherFiles">
            <summary>
            Gets the list of the other files contained in the project.
            </summary>
        </member>
        <member name="P:Alternet.Common.UI.Project.AssemblyResources">
            <summary>
            Gets the list of the assembly (with Generator option) resources embedded into the project.
            </summary>
        </member>
        <member name="P:Alternet.Common.UI.Project.HasProject">
            <summary>
            Gets a value indicating whether project contains some data.
            </summary>
        </member>
        <member name="P:Alternet.Common.UI.Project.IsModified">
            <summary>
            Gets or sets a value indicating whether project content has been modified since last save.
            </summary>
        </member>
        <member name="P:Alternet.Common.UI.Project.DefaultExtension">
            <summary>
            Gets a default extension of the project's code files.
            </summary>
        </member>
        <member name="P:Alternet.Common.UI.Project.UserSettings">
            <summary>
            Gets user defined settings for this project.
            </summary>
        </member>
        <member name="P:Alternet.Common.UI.Project.IsWpf">
            <summary>
            Gets a value indicating whether this is WPF project or not.
            </summary>
        </member>
        <member name="M:Alternet.Common.UI.Project.AllFiles(System.Boolean)">
            <summary>
            Gets list of files included in the project.
            </summary>
            <param name="includeProject">Specifies that result will include project file.</param>
        </member>
        <member name="M:Alternet.Common.UI.Project.Reset">
            <summary>
            Resets <c>Project</c> to the default state.
            </summary>
        </member>
        <member name="M:Alternet.Common.UI.Project.Load(System.String)">
            <summary>
            Loads project from specified source.
            </summary>
            <param name="projectFileName">Path to the project file.</param>
        </member>
        <member name="M:Alternet.Common.UI.Project.AddFile(System.String)">
            <summary>
            Adds specified code or resource file to the project.
            </summary>
            <param name="fileName">File to add.</param>
        </member>
        <member name="M:Alternet.Common.UI.Project.RemoveFile(System.String)">
            <summary>
            Removes specified file from the project.
            </summary>
            <param name="fileName">File to remove.</param>
        </member>
        <member name="M:Alternet.Common.UI.Project.AddReference(System.String,System.String)">
            <summary>
            Adds specified reference to the project.
            </summary>
            <param name="reference">Reference to add.</param>
            <param name="hintPath">HintPath to add.</param>
            <returns>True is succeed; otherwise false.</returns>
        </member>
        <member name="M:Alternet.Common.UI.Project.RemoveReference(System.String)">
            <summary>
            Removes specified reference from the project.
            </summary>
            <param name="reference">Reference to remove.</param>
            <returns>True is succeed; otherwise false.</returns>
        </member>
        <member name="T:Alternet.Common.UI.Project.ProjectUserSettings">
            <summary>
            This class is designed to hold user settings for the project.
            </summary>
        </member>
        <member name="P:Alternet.Common.UI.Project.ProjectUserSettings.SettingsFileName">
            <summary>
            Gets name of the file on the disk contained project's settings.
            </summary>
        </member>
        <member name="P:Alternet.Common.UI.Project.ProjectUserSettings.CommandLineArgs">
            <summary>
            Gets or sets an array of strings contained the command-line arguments for the project.
            </summary>
        </member>
        <member name="P:Alternet.Common.UI.Project.ProjectUserSettings.StartProgram">
            <summary>
            Gets or sets a name of external program used to run project.
            </summary>
        </member>
        <member name="P:Alternet.Common.UI.Project.ProjectUserSettings.StartExternalProgram">
            <summary>
            Gets or sets a value indicating whether some external program should run the project.
            </summary>
        </member>
        <member name="M:Alternet.Common.UI.Project.ProjectUserSettings.Reset">
            <summary>
            Resets <c>ProjectUserSettings</c> to the default state.
            </summary>
        </member>
        <member name="T:Alternet.Common.UI.ProjectExplorer">
            <summary>
            Represents methods used to explore particular project in the TreeView control.
            </summary>
        </member>
        <member name="M:Alternet.Common.UI.ProjectExplorer.#ctor">
            <summary>
            Initializes a new instance of the <c>ProjectExplorer</c> class with default settings.
            </summary>
        </member>
        <member name="P:Alternet.Common.UI.ProjectExplorer.ExplorerTree">
            <summary>
            Gets or sets System.Windows.Forms.TreeView control used to explore project's content.
            </summary>
        </member>
        <member name="M:Alternet.Common.UI.ProjectExplorer.UpdateExplorer(Alternet.Common.UI.Project)">
            <summary>
            Updates explorer content from given project.
            </summary>
            <param name="project"><c>Project</c> to explore.</param>
        </member>
        <member name="T:Alternet.Common.UI.ProjectExtension">
            <summary>
            Contains extended methods for <c>Alternet.Common.UI.Project</c> class.
            </summary>
        </member>
        <member name="M:Alternet.Common.UI.ProjectExtension.Load(Alternet.Common.UI.Project,System.String,System.String)">
            <summary>
            Loads project from specified source.
            </summary>
            <param name="projectFileName">Path to the project file.</param>
            <param name="projectName">Project name.</param>
        </member>
        <member name="M:Alternet.Common.UI.ProjectExtension.Save(Alternet.Common.UI.Project)">
            <summary>
            Saves the project to the file system, if modified.
            </summary>
            <param name="project">Project to save.</param>
        </member>
        <member name="M:Alternet.Common.UI.ProjectExtension.Load(Alternet.Common.UI.Project.ProjectUserSettings,System.String)">
            <summary>
            Loads project's settings from specified file.
            </summary>
            <param name="settingsFileName">Name of file contained project settings.</param>
        </member>
        <member name="M:Alternet.Common.UI.ProjectExtension.Save(Alternet.Common.UI.Project.ProjectUserSettings)">
            <summary>
            Saves project's settings to the file system, if modified.
            </summary>
        </member>
        <member name="P:Alternet.Common.UI.VSSolution.FileFormatVersion">
            <summary>
            Gets or sets solution's file format version.
            </summary>
        </member>
        <member name="P:Alternet.Common.UI.VSSolution.VisualStudioVersion">
            <summary>
            Gets or sets solution's version.
            </summary>
        </member>
        <member name="P:Alternet.Common.UI.VSSolution.MinimumVisualStudioVersion">
            <summary>
            Gets or sets solution's minimum version.
            </summary>
        </member>
        <member name="P:Alternet.Common.UI.VSSolution.SolutionGuid">
            <summary>
            Solution GUID.
            Mandatory starting from Visual studio 2017.
            </summary>
        </member>
        <member name="P:Alternet.Common.UI.VSSolution.SolutionFileName">
            <summary>
            Gets fully qualified name of the solution file.
            </summary>
        </member>
        <member name="P:Alternet.Common.UI.VSSolution.Configurations">
            <summary>
            List of solution's configurations.
            </summary>
        </member>
        <member name="P:Alternet.Common.UI.VSSolution.SolutionName">
            <summary>
            Gets or sets solution's name.
            </summary>
        </member>
        <member name="P:Alternet.Common.UI.VSSolution.Version">
            <summary>
            Gets solution version.
            </summary>
        </member>
        <member name="P:Alternet.Common.UI.VSSolution.Projects">
            <summary>
            Gets list of projects included in the solution.
            </summary>
        </member>
        <member name="P:Alternet.Common.UI.VSSolution.IsModified">
            <summary>
            Gets or sets a value indicating whether project content has been modified since last save.
            </summary>
        </member>
        <member name="P:Alternet.Common.UI.VSSolution.IsEmpty">
            <summary>
            Gets a value indicating whether solution contains some data.
            </summary>
        </member>
        <member name="M:Alternet.Common.UI.VSSolution.AllFiles(System.Boolean)">
            <summary>
            Gets list of files included in the solution.
            </summary>
            <param name="includeProjects">Specifies that result will include project files.</param>
        </member>
        <member name="M:Alternet.Common.UI.VSSolution.Reset">
            <summary>
            Resets <c>Project</c> to the default state.
            </summary>
        </member>
        <member name="T:Alternet.Common.UI.SolutionExplorer">
            <summary>
            Represents methods used to explore particular solution in the TreeView control.
            </summary>
        </member>
        <member name="M:Alternet.Common.UI.SolutionExplorer.#ctor">
            <summary>
            Initializes a new instance of the <c>SolutionExplorer</c> class with default settings.
            </summary>
        </member>
        <member name="P:Alternet.Common.UI.SolutionExplorer.ExplorerTree">
            <summary>
            Gets or sets System.Windows.Forms.TreeView control used to explore solution's content.
            </summary>
        </member>
        <member name="M:Alternet.Common.UI.SolutionExplorer.UpdateExplorer(Alternet.Common.UI.VSSolution)">
            <summary>
            Updates explorer content from given solution.
            </summary>
            <param name="solution"><c>Solution</c> to explore.</param>
        </member>
        <member name="T:Alternet.Common.UI.SolutionExtension">
            <summary>
            Contains extended methods for <c>Alternet.Common.UI.Project</c> class.
            </summary>
        </member>
        <member name="M:Alternet.Common.UI.SolutionExtension.Load(Alternet.Common.UI.VSSolution,System.String)">
            <summary>
            Loads solution from specified source.
            </summary>
            <param name="solutionFileName">Path to the solution file.</param>
        </member>
        <member name="M:Alternet.Common.UI.SolutionExtension.Save(Alternet.Common.UI.VSSolution)">
            <summary>
            Saves solution to the file system, if modified.
            </summary>
        </member>
        <member name="T:Alternet.Common.RichScriptEdit.Roslyn.CsSolution">
            <summary>
            Represents properties and methods to service source code documents intended to use for C# language.
            </summary>
        </member>
        <member name="M:Alternet.Common.RichScriptEdit.Roslyn.CsSolution.#ctor(Microsoft.CodeAnalysis.SourceCodeKind)">
            <summary>
            Initializes a new instance of the <c>CsSolution</c> class with default settings.
            </summary>
        </member>
        <member name="P:Alternet.Common.RichScriptEdit.Roslyn.CsSolution.DefaultSolution">
            <summary>
            Gets a default <c>CsSolution</c> object.
            </summary>
        </member>
        <member name="P:Alternet.Common.RichScriptEdit.Roslyn.CsSolution.DefaultScriptSolution">
            <summary>
            Gets a default script <c>CsSolution</c> object.
            </summary>
        </member>
        <member name="M:Alternet.Common.RichScriptEdit.Roslyn.CsSolution.CreateDefaultProject(Microsoft.CodeAnalysis.ProjectId)">
            <summary>
            Creates default project to this solution.
            </summary>
            <param name="projectId">ProjectId of newly created project.</param>
            <returns><c>Microsoft.CodeAnalysis.Project</c> that is created.</returns>
        </member>
        <member name="T:Alternet.Common.RichScriptEdit.Roslyn.CsTokenizer">
            <summary>
            Represents class that and perform lexical analysis of specified C# code.
            </summary>
        </member>
        <member name="M:Alternet.Common.RichScriptEdit.Roslyn.CsTokenizer.#ctor(Alternet.Common.RichScriptEdit.RichScriptEdit)">
            <summary>
            Initializes a new instance of the <c>CsTokenizer</c> class with specified text control.
            </summary>
            <param name="textBox">RichScriptEdit object which contains text to analyze.</param>
        </member>
        <member name="T:Alternet.Common.RichScriptEdit.Roslyn.ParserConsts">
            <summary>
            Contains default constants related to lexical and syntax analyzers.
            </summary>
        </member>
        <member name="T:Alternet.Common.RichScriptEdit.Roslyn.RoslynSolution">
            <summary>
            Represents properties and methods to service source code documents intended to use for Roslyn supported languages.
            </summary>
        </member>
        <member name="M:Alternet.Common.RichScriptEdit.Roslyn.RoslynSolution.#ctor(Microsoft.CodeAnalysis.SourceCodeKind)">
            <summary>
            Initializes a new instance of the <c>RoslynSolution</c> class with default settings.
            </summary>
        </member>
        <member name="M:Alternet.Common.RichScriptEdit.Roslyn.RoslynSolution.#ctor">
            <summary>
            Initializes a new instance of the <c>RoslynSolution</c> class with default settings.
            </summary>
        </member>
        <member name="P:Alternet.Common.RichScriptEdit.Roslyn.RoslynSolution.TargetFrameworkVersion">
            <summary>
            Gets or sets version of the .NET Framework to use with the methods in Framework Location Helper.
            </summary>
        </member>
        <member name="P:Alternet.Common.RichScriptEdit.Roslyn.RoslynSolution.SourceKind">
            <summary>
            Gets kind (regular or script) of the source code.
            </summary>
        </member>
        <member name="P:Alternet.Common.RichScriptEdit.Roslyn.RoslynSolution.FrameworkPath">
            <summary>
            Gets or sets path to the .NET Framework assemblies.
            </summary>
        </member>
        <member name="P:Alternet.Common.RichScriptEdit.Roslyn.RoslynSolution.Workspace">
            <summary>
            Gets a current project <c>Microsoft.CodeAnalysis.Workspace</c>.
            </summary>
        </member>
        <member name="P:Alternet.Common.RichScriptEdit.Roslyn.RoslynSolution.ProjectId">
            <summary>
            Gets a current <c>Microsoft.CodeAnalysis.ProjectId</c>.
            </summary>
        </member>
        <member name="P:Alternet.Common.RichScriptEdit.Roslyn.RoslynSolution.Project">
            <summary>
            Gets a current <c>Microsoft.CodeAnalysis.Project</c>.
            </summary>
        </member>
        <member name="P:Alternet.Common.RichScriptEdit.Roslyn.RoslynSolution.Solution">
            <summary>
            Gets a current <c>Microsoft.CodeAnalysis.Project</c>.
            </summary>
        </member>
        <member name="P:Alternet.Common.RichScriptEdit.Roslyn.RoslynSolution.AssemblySearchPaths">
            <summary>
            Gets or sets a collection of assembly search paths.
            </summary>
        </member>
        <member name="P:Alternet.Common.RichScriptEdit.Roslyn.RoslynSolution.ScriptSearchPaths">
            <summary>
            Gets or sets a collection of script source search paths.
            </summary>
        </member>
        <member name="P:Alternet.Common.RichScriptEdit.Roslyn.RoslynSolution.Conditionals">
            <summary>
            When implemented by a class, gets or sets a collection of conditional symbols
            </summary>
        </member>
        <member name="P:Alternet.Common.RichScriptEdit.Roslyn.RoslynSolution.BaseDirectory">
            <summary>
            Gets or sets solution base directory.
            </summary>
        </member>
        <member name="M:Alternet.Common.RichScriptEdit.Roslyn.RoslynSolution.FindDocument(System.String)">
            <summary>
            Gets <c>Microsoft.CodeAnalysis.Document</c> matches the given file path.
            </summary>
            <param name="fileName">Document file name.</param>
            <returns>Found <c>Microsoft.CodeAnalysis.Document</c> object.</returns>
        </member>
        <member name="M:Alternet.Common.RichScriptEdit.Roslyn.RoslynSolution.CreateDefaultProject">
            <summary>
            Creates default project to this solution.
            </summary>
            <returns><c>Microsoft.CodeAnalysis.Project</c> that is created.</returns>
        </member>
        <member name="M:Alternet.Common.RichScriptEdit.Roslyn.RoslynSolution.CreateDefaultProject(Microsoft.CodeAnalysis.ProjectId)">
            <summary>
            Creates default project to this solution.
            </summary>
            <returns><c>Microsoft.CodeAnalysis.Project</c> that is created.</returns>
        </member>
        <member name="M:Alternet.Common.RichScriptEdit.Roslyn.RoslynSolution.ResolveAssemblyName(System.String)">
            <summary>
            Try to find real assembly name matches the given name.
            </summary>
            <param name="name">Short assembly name.</param>
            <returns>Full assembly name if succeed; otherwise empty string.</returns>
        </member>
        <member name="M:Alternet.Common.RichScriptEdit.Roslyn.RoslynSolution.RegisterNamespaces(System.String[])">
            <summary>
            Registers global namespaces.
            </summary>
            <param name="nameSpaces">List of global namespaces</param>
            <returns>True if succeed otherwise false.</returns>
        </member>
        <member name="M:Alternet.Common.RichScriptEdit.Roslyn.RoslynSolution.RegisterAssembly(System.String)">
            <summary>
            Registers assembly in the project.
            </summary>
            <param name="name">Assembly name.</param>
            <returns>True if succeed otherwise false.</returns>
        </member>
        <member name="M:Alternet.Common.RichScriptEdit.Roslyn.RoslynSolution.AddReference(Microsoft.CodeAnalysis.MetadataReference)">
            <summary>
            Adds metadata reference to the project.
            </summary>
            <param name="reference">Reference to add.</param>
            <returns>True if succeed otherwise false.</returns>
        </member>
        <member name="M:Alternet.Common.RichScriptEdit.Roslyn.RoslynSolution.RegisterAssemblies(System.String[])">
            <summary>
            Replaces assemblies in the project with new ones.
            </summary>
            <param name="references">List of assembly name.</param>
            <returns>True if succeed otherwise false.</returns>
        </member>
        <member name="M:Alternet.Common.RichScriptEdit.Roslyn.RoslynSolution.WithDefaultAssemblies(Alternet.Common.TechnologyEnvironment,System.Boolean)">
            <summary>
            Registers some most frequently used assemblies.
            </summary>
        </member>
        <member name="M:Alternet.Common.RichScriptEdit.Roslyn.RoslynSolution.RegisterCodeFiles(System.String[])">
            <summary>
            Makes types declared in given source files accessible for code completion.
            </summary>
            <param name="files">files containing source code.</param>
        </member>
        <member name="M:Alternet.Common.RichScriptEdit.Roslyn.RoslynSolution.UnregisterCodeFiles(System.String[])">
            <summary>
            Removes types declared in given source files from being accessible code completion.
            </summary>
            <param name="files">files containing source code.</param>
        </member>
        <member name="M:Alternet.Common.RichScriptEdit.Roslyn.RoslynSolution.RemoveDocument(Microsoft.CodeAnalysis.DocumentId)">
            <summary>
            Removes specified <c>Microsoft.CodeAnalysis.Document</c> from the project.
            </summary>
            <param name="documentId"><c>Microsoft.CodeAnalysis.DocumentId</c> to remove.</param>
            <returns>True if succeed; otherwise false.</returns>
        </member>
        <member name="M:Alternet.Common.RichScriptEdit.Roslyn.RoslynSolution.RemoveDocument(System.String)">
            <summary>
            Removes specified document from the project.
            </summary>
            <param name="fileName">File path to remove.</param>
            <returns>True if succeed; otherwise false.</returns>
        </member>
        <member name="M:Alternet.Common.RichScriptEdit.Roslyn.RoslynSolution.AddDocument(System.String,System.String)">
            <summary>
            Adds a new document to the project.
            </summary>
            <param name="fileName">File name of the <c>Microsoft.CodeAnalysis.Document</c>.</param>
            <param name="text">New <c>Microsoft.CodeAnalysis.Document</c> text.</param>
            <returns><c>Microsoft.CodeAnalysis.Document</c> to be added.</returns>
        </member>
        <member name="M:Alternet.Common.RichScriptEdit.Roslyn.RoslynSolution.ReplaceDocument(Microsoft.CodeAnalysis.Document,System.String,System.String)">
            <summary>
            Updates <c>Microsoft.CodeAnalysis.Document</c> to have the text specified.
            </summary>
            <param name="document"><c>Microsoft.CodeAnalysis.Document</c></param>
            <param name="fileName">File name of the <c>Microsoft.CodeAnalysis.Document</c>.</param>
            <param name="text">New <c>Microsoft.CodeAnalysis.Document</c> text.</param>
            <returns>New instance of the updated <c>Microsoft.CodeAnalysis.Document</c>.</returns>
        </member>
        <member name="M:Alternet.Common.RichScriptEdit.Roslyn.RoslynSolution.Notify(System.EventArgs)">
            <summary>
            Notifies all notifiers about updating object state.
            </summary>
        </member>
        <member name="M:Alternet.Common.RichScriptEdit.Roslyn.RoslynSolution.AddNotifier(Alternet.Common.INotifier)">
            <summary>
            Adds new handler to respond a notification.
            </summary>
            <param name="sender">Specifies an object that can respond a notification.</param>
        </member>
        <member name="M:Alternet.Common.RichScriptEdit.Roslyn.RoslynSolution.RemoveNotifier(Alternet.Common.INotifier)">
            <summary>
            Exclude specified handler from notification handlers list.
            </summary>
            <param name="sender">Specifies an object that can respond a notification.</param>
        </member>
        <member name="T:Alternet.Common.RichScriptEdit.Roslyn.RoslynTokenizer">
            <summary>
            Represents properties and methods to perform lexical analysis of the text based on Microsoft Roslyn.
            </summary>
        </member>
        <member name="M:Alternet.Common.RichScriptEdit.Roslyn.RoslynTokenizer.#ctor(Alternet.Common.RichScriptEdit.RichScriptEdit)">
            <summary>
            Initializes a new instance of the <c>RoslynTokenizer</c> class with specified text control.
            </summary>
            <param name="textBox">RichScriptEdit object which contains text to analyze.</param>
        </member>
        <member name="M:Alternet.Common.RichScriptEdit.Roslyn.RoslynTokenizer.ReparseSyntax">
            <summary>
            Performs lexical analysis for given document.
            </summary>
        </member>
        <member name="T:Alternet.Common.RichScriptEdit.Roslyn.VbSolution">
            <summary>
            Represents properties and methods to service source code documents intended to use for Visual Basic language.
            </summary>
        </member>
        <member name="M:Alternet.Common.RichScriptEdit.Roslyn.VbSolution.#ctor(Microsoft.CodeAnalysis.SourceCodeKind)">
            <summary>
            Initializes a new instance of the <c>VbSolution</c> class with default settings.
            </summary>
        </member>
        <member name="M:Alternet.Common.RichScriptEdit.Roslyn.VbSolution.#ctor">
            <summary>
            Initializes a new instance of the <c>VbSolution</c> class with default settings.
            </summary>
        </member>
        <member name="P:Alternet.Common.RichScriptEdit.Roslyn.VbSolution.DefaultSolution">
            <summary>
            Gets a default <c>VbSolution</c> object.
            </summary>
        </member>
        <member name="P:Alternet.Common.RichScriptEdit.Roslyn.VbSolution.DefaultScriptSolution">
            <summary>
            Gets a default script <c>VbSolution</c> object.
            </summary>
        </member>
        <member name="M:Alternet.Common.RichScriptEdit.Roslyn.VbSolution.RegisterNamespaces(System.String[])">
            <summary>
            Registers global namespaces.
            </summary>
            <param name="nameSpaces">List of global namespaces</param>
            <returns>True if succeed otherwise false.</returns>
        </member>
        <member name="M:Alternet.Common.RichScriptEdit.Roslyn.VbSolution.CreateDefaultProject(Microsoft.CodeAnalysis.ProjectId)">
            <summary>
            Creates default project to this solution.
            </summary>
            <param name="projectId">ProjectId of newly created project.</param>
            <returns><c>Microsoft.CodeAnalysis.Project</c> that is created.</returns>
        </member>
        <member name="T:Alternet.Common.RichScriptEdit.Roslyn.ResolveReferenceEventArgs">
            <summary>
            Provides data for the <c>IScriptRun.ReferenceResolve</c> event.
            </summary>
        </member>
        <member name="M:Alternet.Common.RichScriptEdit.Roslyn.ResolveReferenceEventArgs.#ctor(System.String)">
            <summary>
            Initializes a new instance of the <c>ResolveReferenceEventArgs</c> class with specified reference.
            </summary>
            <param name="reference">Reference to resolve.</param>
        </member>
        <member name="P:Alternet.Common.RichScriptEdit.Roslyn.ResolveReferenceEventArgs.Handled">
            <summary>
            Gets or sets a value indicating whether the ReferenceResolve event was handled.
            </summary>
        </member>
        <member name="P:Alternet.Common.RichScriptEdit.Roslyn.ResolveReferenceEventArgs.Reference">
            <summary>
            Gets or sets reference to be resolved.
            </summary>
        </member>
        <member name="P:Alternet.Common.RichScriptEdit.Roslyn.ResolveReferenceEventArgs.AssemblyLocation">
            <summary>
            Gets or sets suitable Assembly.
            </summary>
        </member>
        <member name="P:Alternet.Common.RichScriptEdit.Roslyn.ResolveReferenceEventArgs.AssemblyImage">
            <summary>
            Gets or sets stream suitable Assembly Image.
            </summary>
        </member>
    </members>
</doc>
