<?xml version="1.0"?>
<doc>
    <assembly>
        <name>Alternet.Common.RichScriptEdit.Wpf.v5</name>
    </assembly>
    <members>
        <member name="T:Alternet.Common.RichScriptEdit.Wpf.DlgGoto">
            <summary>
            Interaction logic for DlgGoto.xaml
            </summary>
            <summary>
            DlgGoto
            </summary>
        </member>
        <member name="M:Alternet.Common.RichScriptEdit.Wpf.DlgGoto.#ctor">
            <summary>
            Initializes a new instance of the <c>DlgGoto</c> class with default settings.
            </summary>
        </member>
        <member name="P:Alternet.Common.RichScriptEdit.Wpf.DlgGoto.Line">
            <summary>
            Gets or sets index of the current line. When dialog executes receives index of the new line.
            </summary>
        </member>
        <member name="P:Alternet.Common.RichScriptEdit.Wpf.DlgGoto.Lines">
            <summary>
            Sets number of lines in the control's text content.
            </summary>
        </member>
        <member name="M:Alternet.Common.RichScriptEdit.Wpf.DlgGoto.Execute(System.Object,System.Int32,System.Int32@)">
            <summary>
            Displays a goto dialog.
            </summary>
            <param name="sender">Specifies object owning the dialog.</param>
            <param name="lines">Number of lines in the control's text content.</param>
            <param name="line">Index of the current line. When dialog executes receives index of the new line.</param>
            <returns>DialogResult.OK if the user clicks OK in the dialog box; otherwise, DialogResult.Cancel.</returns>
        </member>
        <member name="M:Alternet.Common.RichScriptEdit.Wpf.DlgGoto.Execute(System.Object,System.Int32,System.Int32@,System.Windows.Window)">
            <summary>
            Displays a goto dialog.
            </summary>
            <param name="sender">Specifies object owning the dialog.</param>
            <param name="lines">Number of lines in the control's text content.</param>
            <param name="line">Index of the current line. When dialog executes receives index of the new line.</param>
            <param name="owner">Any object that implements IWin32Window that represents the top-level window that will own the modal dialog box.</param>
            <returns>DialogResult.OK if the user clicks OK in the dialog box; otherwise, DialogResult.Cancel.</returns>
        </member>
        <member name="M:Alternet.Common.RichScriptEdit.Wpf.DlgGoto.InitializeComponent">
            <summary>
            InitializeComponent
            </summary>
        </member>
        <member name="T:Alternet.Common.RichScriptEdit.Wpf.DlgSearch">
            <summary>
            Interaction logic for DlgSearch.xaml
            </summary>
            <summary>
            DlgSearch
            </summary>
        </member>
        <member name="M:Alternet.Common.RichScriptEdit.Wpf.DlgSearch.#ctor">
            <summary>
            Initializes a new instance of the <c>DlgSearch</c> class with default settings.
            </summary>
        </member>
        <member name="P:Alternet.Common.RichScriptEdit.Wpf.DlgSearch.IsReplace">
            <summary>
            Gets or sets a boolean value indicates whether dialog should show the replace part.
            </summary>
        </member>
        <member name="M:Alternet.Common.RichScriptEdit.Wpf.DlgSearch.Execute(Alternet.Common.RichScriptEdit.Wpf.RichScriptEdit,System.Boolean)">
            <summary>
            Initializes and runs a search dialog box.
            </summary>
            <param name="textBox">Specifies RichScriptEdit owning the dialog.</param>
            <param name="isReplace">Indicates whether search or replace dialog should be executed.</param>
            <returns>True if the user accept the dialog box; otherwise, false.</returns>
        </member>
        <member name="M:Alternet.Common.RichScriptEdit.Wpf.DlgSearch.InitializeComponent">
            <summary>
            InitializeComponent
            </summary>
        </member>
        <member name="T:Alternet.Common.RichScriptEdit.Wpf.NumericTextBoxExtension">
            <summary>
            Represents extension for textbox numeric input.
            </summary>
        </member>
        <member name="F:Alternet.Common.RichScriptEdit.Wpf.NumericTextBoxExtension.IsNumericOnlyProperty">
            <summary>
            TextBox Attached Dependency Property.
            </summary>
        </member>
        <member name="M:Alternet.Common.RichScriptEdit.Wpf.NumericTextBoxExtension.GetIsNumericOnly(System.Windows.DependencyObject)">
            <summary>
            Gets the IsNumericOnly property.  This dependency property indicates the text box only allows numeric or not.
            </summary>
            <param name="d"><see cref="T:System.Windows.DependencyObject"/>To get the property from.</param>
            <returns>The value of the StatusBarContent property.</returns>
        </member>
        <member name="M:Alternet.Common.RichScriptEdit.Wpf.NumericTextBoxExtension.SetIsNumericOnly(System.Windows.DependencyObject,System.Boolean)">
            <summary>
            Sets the IsNumericOnly property.  This dependency property indicates the text box only allows numeric or not.
            </summary>
            <param name="d"><see cref="T:System.Windows.DependencyObject"/>To set the property on.</param>
            <param name="value">Value of the property.</param>
        </member>
        <member name="M:Alternet.Common.RichScriptEdit.Wpf.NumericTextBoxExtension.OnIsNumericOnlyChanged(System.Windows.DependencyObject,System.Windows.DependencyPropertyChangedEventArgs)">
            <summary>
            Handles changes to the IsNumericOnly property.
            </summary>
            <param name="d"><see cref="T:System.Windows.DependencyObject"/>That fired the event.</param>
            <param name="e">A <see cref="T:System.Windows.DependencyPropertyChangedEventArgs"/> that contains the event data.</param>
        </member>
        <member name="M:Alternet.Common.RichScriptEdit.Wpf.NumericTextBoxExtension.BlockNonDigitCharacters(System.Object,System.Windows.Input.TextCompositionEventArgs)">
            <summary>
            Disallows non-digit character.
            </summary>
            <param name="sender">The source of the event.</param>
            <param name="e">An <see cref="T:System.Windows.Input.TextCompositionEventArgs"/> that contains the event data.</param>
        </member>
        <member name="M:Alternet.Common.RichScriptEdit.Wpf.NumericTextBoxExtension.ReviewKeyDown(System.Object,System.Windows.Input.KeyEventArgs)">
            <summary>
            Disallows a space key.
            </summary>
            <param name="sender">The source of the event.</param>
            <param name="e">An <see cref="T:System.Windows.Input.KeyEventArgs"/> that contains the event data.</param>
        </member>
        <member name="M:Alternet.Common.RichScriptEdit.Wpf.Tokenizer.Dispose">
            <summary>
            Disposes this <c>Painter</c> and frees resources associated with it.
            </summary>
        </member>
        <member name="M:Alternet.Common.RichScriptEdit.Wpf.IScriptEdit.Focus">
            <summary>
            When implemented by a class, sets input focus to the control.
            </summary>
            <returns>true if the input focus request was successful; otherwise, false.</returns>
        </member>
    </members>
</doc>
