<?xml version="1.0"?>
<doc>
    <assembly>
        <name>Alternet.Common.UI.Wpf.v5</name>
    </assembly>
    <members>
        <member name="T:Alternet.Common.UI.Wpf.DlgConfirmSave">
            <summary>
            Interaction logic for DlgConfirmSave.xaml
            </summary>
            <summary>
            DlgConfirmSave
            </summary>
        </member>
        <member name="M:Alternet.Common.UI.Wpf.DlgConfirmSave.InitializeComponent">
            <summary>
            InitializeComponent
            </summary>
        </member>
        <member name="T:Alternet.Common.UI.Wpf.FindResultClickEventArgs">
            <summary>
            Provides data for the <c>FindResultClick</c> event.
            </summary>
        </member>
        <member name="T:Alternet.Common.UI.Wpf.FindResults">
            <summary>
            Interaction logic for FindResults.xaml
            </summary>
            <summary>
            FindResults
            </summary>
        </member>
        <member name="P:Alternet.Common.UI.Wpf.FindResults.ResultsAvailable">
            <summary>
            Gets a boolean value indicates whether the find results available.
            </summary>
        </member>
        <member name="M:Alternet.Common.UI.Wpf.FindResults.InitializeComponent">
            <summary>
            InitializeComponent
            </summary>
        </member>
        <member name="T:Alternet.Common.UI.Wpf.Project">
            <summary>
            Represents properties and methods used to store and manipulate Visual Studio project content.
            </summary>
        </member>
        <member name="E:Alternet.Common.UI.Wpf.Project.ProjectModified">
            <summary>
            Occurs when project content was modified.
            </summary>
        </member>
        <member name="P:Alternet.Common.UI.Wpf.Project.ProjectDependencies">
            <summary>
            Gets or sets list of project's dependencies.
            </summary>
        </member>
        <member name="P:Alternet.Common.UI.Wpf.Project.ProjectHostGuid">
            <summary>
            Gets or sets's project's host GUID.
            </summary>
        </member>
        <member name="P:Alternet.Common.UI.Wpf.Project.ProjectGuid">
            <summary>
            Gets or sets's project's GUID.
            </summary>
        </member>
        <member name="P:Alternet.Common.UI.Wpf.Project.ProjectFileName">
            <summary>
            Gets fully qualified name of the project file.
            </summary>
        </member>
        <member name="P:Alternet.Common.UI.Wpf.Project.RootNamespace">
            <summary>
            Gets project's root namespace.
            </summary>
        </member>
        <member name="P:Alternet.Common.UI.Wpf.Project.ProjectName">
            <summary>
            Gets or sets project's name.
            </summary>
        </member>
        <member name="P:Alternet.Common.UI.Wpf.Project.Files">
            <summary>
            Gets list of files included in the project.
            </summary>
        </member>
        <member name="P:Alternet.Common.UI.Wpf.Project.References">
            <summary>
            Gets list of assemblies used in the project.
            </summary>
        </member>
        <member name="P:Alternet.Common.UI.Wpf.Project.ProjectReferences">
            <summary>
            Gets list of assemblies used in the project.
            </summary>
        </member>
        <member name="P:Alternet.Common.UI.Wpf.Project.ImportedNamespaces">
            <summary>
            Gets list of imported namespaces used in the project.
            </summary>
        </member>
        <member name="P:Alternet.Common.UI.Wpf.Project.Resources">
            <summary>
            Gets the list of the resources embedded into the project.
            </summary>
        </member>
        <member name="P:Alternet.Common.UI.Wpf.Project.OtherFiles">
            <summary>
            Gets the list of the other files contained in the project.
            </summary>
        </member>
        <member name="P:Alternet.Common.UI.Wpf.Project.AssemblyResources">
            <summary>
            Gets the list of the assembly (with Generator option) resources embedded into the project.
            </summary>
        </member>
        <member name="P:Alternet.Common.UI.Wpf.Project.HasProject">
            <summary>
            Gets a value indicating whether project contains some data.
            </summary>
        </member>
        <member name="P:Alternet.Common.UI.Wpf.Project.IsModified">
            <summary>
            Gets or sets a value indicating whether project content has been modified since last save.
            </summary>
        </member>
        <member name="P:Alternet.Common.UI.Wpf.Project.DefaultExtension">
            <summary>
            Gets a default extension of the project's code files.
            </summary>
        </member>
        <member name="P:Alternet.Common.UI.Wpf.Project.UserSettings">
            <summary>
            Gets user defined settings for this project.
            </summary>
        </member>
        <member name="P:Alternet.Common.UI.Wpf.Project.IsWpf">
            <summary>
            Gets a value indicating whether this is WPF project or not.
            </summary>
        </member>
        <member name="M:Alternet.Common.UI.Wpf.Project.AllFiles(System.Boolean)">
            <summary>
            Gets list of files included in the project.
            </summary>
            <param name="includeProject">Specifies that result will include project file.</param>
        </member>
        <member name="M:Alternet.Common.UI.Wpf.Project.Reset">
            <summary>
            Resets <c>Project</c> to the default state.
            </summary>
        </member>
        <member name="M:Alternet.Common.UI.Wpf.Project.Load(System.String)">
            <summary>
            Loads project from specified source.
            </summary>
            <param name="projectFileName">Path to the project file.</param>
        </member>
        <member name="M:Alternet.Common.UI.Wpf.Project.AddFile(System.String)">
            <summary>
            Adds specified code or resource file to the project.
            </summary>
            <param name="fileName">File to add.</param>
        </member>
        <member name="M:Alternet.Common.UI.Wpf.Project.RemoveFile(System.String)">
            <summary>
            Removes specified file from the project.
            </summary>
            <param name="fileName">File to remove.</param>
        </member>
        <member name="M:Alternet.Common.UI.Wpf.Project.AddReference(System.String,System.String)">
            <summary>
            Adds specified reference to the project.
            </summary>
            <param name="reference">Reference to add.</param>
            <param name="hintPath">HintPath to add.</param>
            <returns>True is succeed; otherwise false.</returns>
        </member>
        <member name="M:Alternet.Common.UI.Wpf.Project.RemoveReference(System.String)">
            <summary>
            Removes specified reference from the project.
            </summary>
            <param name="reference">Reference to remove.</param>
            <returns>True is succeed; otherwise false.</returns>
        </member>
        <member name="T:Alternet.Common.UI.Wpf.Project.ProjectUserSettings">
            <summary>
            This class is designed to hold user settings for the project.
            </summary>
        </member>
        <member name="P:Alternet.Common.UI.Wpf.Project.ProjectUserSettings.SettingsFileName">
            <summary>
            Gets name of the file on the disk contained project's settings.
            </summary>
        </member>
        <member name="P:Alternet.Common.UI.Wpf.Project.ProjectUserSettings.CommandLineArgs">
            <summary>
            Gets or sets an array of strings contained the command-line arguments for the project.
            </summary>
        </member>
        <member name="P:Alternet.Common.UI.Wpf.Project.ProjectUserSettings.StartProgram">
            <summary>
            Gets or sets a name of external program used to run project.
            </summary>
        </member>
        <member name="P:Alternet.Common.UI.Wpf.Project.ProjectUserSettings.StartExternalProgram">
            <summary>
            Gets or sets a value indicating whether some external program should run the project.
            </summary>
        </member>
        <member name="M:Alternet.Common.UI.Wpf.Project.ProjectUserSettings.Reset">
            <summary>
            Resets <c>ProjectUserSettings</c> to the default state.
            </summary>
        </member>
        <member name="T:Alternet.Common.UI.Wpf.ProjectExtension">
            <summary>
            Contains extended methods for <c>Alternet.Common.UI.Wpf.Project</c> class.
            </summary>
        </member>
        <member name="M:Alternet.Common.UI.Wpf.ProjectExtension.Load(Alternet.Common.UI.Wpf.Project,System.String,System.String)">
            <summary>
            Loads project from specified source.
            </summary>
            <param name="projectFileName">Path to the project file.</param>
            <param name="projectName">Project name.</param>
        </member>
        <member name="M:Alternet.Common.UI.Wpf.ProjectExtension.Save(Alternet.Common.UI.Wpf.Project)">
            <summary>
            Saves the project to the file system, if modified.
            </summary>
            <param name="project">Project to save.</param>
        </member>
        <member name="M:Alternet.Common.UI.Wpf.ProjectExtension.Load(Alternet.Common.UI.Wpf.Project.ProjectUserSettings,System.String)">
            <summary>
            Loads project's settings from specified file.
            </summary>
            <param name="settingsFileName">Name of file contained project settings.</param>
        </member>
        <member name="M:Alternet.Common.UI.Wpf.ProjectExtension.Save(Alternet.Common.UI.Wpf.Project.ProjectUserSettings)">
            <summary>
            Saves project's settings to the file system, if modified.
            </summary>
        </member>
        <member name="P:Alternet.Common.UI.Wpf.VSSolution.FileFormatVersion">
            <summary>
            Gets or sets solution's file format version.
            </summary>
        </member>
        <member name="P:Alternet.Common.UI.Wpf.VSSolution.VisualStudioVersion">
            <summary>
            Gets or sets solution's version.
            </summary>
        </member>
        <member name="P:Alternet.Common.UI.Wpf.VSSolution.MinimumVisualStudioVersion">
            <summary>
            Gets or sets solution's minimum version.
            </summary>
        </member>
        <member name="P:Alternet.Common.UI.Wpf.VSSolution.SolutionGuid">
            <summary>
            Solution GUID.
            Mandatory starting from Visual studio 2017.
            </summary>
        </member>
        <member name="P:Alternet.Common.UI.Wpf.VSSolution.SolutionFileName">
            <summary>
            Gets fully qualified name of the solution file.
            </summary>
        </member>
        <member name="P:Alternet.Common.UI.Wpf.VSSolution.Configurations">
            <summary>
            List of solution's configurations.
            </summary>
        </member>
        <member name="P:Alternet.Common.UI.Wpf.VSSolution.SolutionName">
            <summary>
            Gets or sets solution's name.
            </summary>
        </member>
        <member name="P:Alternet.Common.UI.Wpf.VSSolution.Version">
            <summary>
            Gets solution version.
            </summary>
        </member>
        <member name="P:Alternet.Common.UI.Wpf.VSSolution.Projects">
            <summary>
            Gets list of projects included in the solution.
            </summary>
        </member>
        <member name="P:Alternet.Common.UI.Wpf.VSSolution.IsModified">
            <summary>
            Gets or sets a value indicating whether project content has been modified since last save.
            </summary>
        </member>
        <member name="P:Alternet.Common.UI.Wpf.VSSolution.IsEmpty">
            <summary>
            Gets a value indicating whether solution contains some data.
            </summary>
        </member>
        <member name="M:Alternet.Common.UI.Wpf.VSSolution.AllFiles(System.Boolean)">
            <summary>
            Gets list of files included in the solution.
            </summary>
            <param name="includeProjects">Specifies that result will include project files.</param>
        </member>
        <member name="M:Alternet.Common.UI.Wpf.VSSolution.Reset">
            <summary>
            Resets <c>Project</c> to the default state.
            </summary>
        </member>
        <member name="T:Alternet.Common.UI.Wpf.SolutionExplorer">
            <summary>
            Represents methods used to explore particular solution in the TreeView control.
            </summary>
        </member>
        <member name="M:Alternet.Common.UI.Wpf.SolutionExplorer.#ctor">
            <summary>
            Initializes a new instance of the <c>SolutionExplorer</c> class with default settings.
            </summary>
        </member>
        <member name="P:Alternet.Common.UI.Wpf.SolutionExplorer.ExplorerTree">
            <summary>
            Gets or sets System.Windows.Forms.TreeView control used to explore solution's content.
            </summary>
        </member>
        <member name="M:Alternet.Common.UI.Wpf.SolutionExplorer.UpdateExplorer(Alternet.Common.UI.Wpf.VSSolution)">
            <summary>
            Updates explorer content from given solution.
            </summary>
            <param name="solution"><c>Solution</c> to explore.</param>
        </member>
        <member name="T:Alternet.Common.UI.Wpf.SolutionExtension">
            <summary>
            Contains extended methods for <c>Alternet.Common.UI.Project</c> class.
            </summary>
        </member>
        <member name="M:Alternet.Common.UI.Wpf.SolutionExtension.Load(Alternet.Common.UI.Wpf.VSSolution,System.String)">
            <summary>
            Loads solution from specified source.
            </summary>
            <param name="solutionFileName">Path to the solution file.</param>
        </member>
        <member name="M:Alternet.Common.UI.Wpf.SolutionExtension.Save(Alternet.Common.UI.Wpf.VSSolution)">
            <summary>
            Saves solution to the file system, if modified.
            </summary>
        </member>
        <member name="T:Alternet.Common.RichScriptEdit.Wpf.Roslyn.CsSolution">
            <summary>
            Represents properties and methods to service source code documents intended to use for C# language.
            </summary>
        </member>
        <member name="M:Alternet.Common.RichScriptEdit.Wpf.Roslyn.CsSolution.#ctor(Microsoft.CodeAnalysis.SourceCodeKind)">
            <summary>
            Initializes a new instance of the <c>CsSolution</c> class with default settings.
            </summary>
        </member>
        <member name="P:Alternet.Common.RichScriptEdit.Wpf.Roslyn.CsSolution.DefaultSolution">
            <summary>
            Gets a default <c>CsSolution</c> object.
            </summary>
        </member>
        <member name="P:Alternet.Common.RichScriptEdit.Wpf.Roslyn.CsSolution.DefaultScriptSolution">
            <summary>
            Gets a default script <c>CsSolution</c> object.
            </summary>
        </member>
        <member name="M:Alternet.Common.RichScriptEdit.Wpf.Roslyn.CsSolution.CreateDefaultProject(Microsoft.CodeAnalysis.ProjectId)">
            <summary>
            Creates default project to this solution.
            </summary>
            <param name="projectId">ProjectId of newly created project.</param>
            <returns><c>Microsoft.CodeAnalysis.Project</c> that is created.</returns>
        </member>
        <member name="T:Alternet.Common.RichScriptEdit.Wpf.Roslyn.RoslynSolution">
            <summary>
            Represents properties and methods to service source code documents intended to use for Roslyn supported languages.
            </summary>
        </member>
        <member name="M:Alternet.Common.RichScriptEdit.Wpf.Roslyn.RoslynSolution.#ctor(Microsoft.CodeAnalysis.SourceCodeKind)">
            <summary>
            Initializes a new instance of the <c>RoslynSolution</c> class with default settings.
            </summary>
        </member>
        <member name="M:Alternet.Common.RichScriptEdit.Wpf.Roslyn.RoslynSolution.#ctor">
            <summary>
            Initializes a new instance of the <c>RoslynSolution</c> class with default settings.
            </summary>
        </member>
        <member name="P:Alternet.Common.RichScriptEdit.Wpf.Roslyn.RoslynSolution.TargetFrameworkVersion">
            <summary>
            Gets or sets version of the .NET Framework to use with the methods in Framework Location Helper.
            </summary>
        </member>
        <member name="P:Alternet.Common.RichScriptEdit.Wpf.Roslyn.RoslynSolution.SourceKind">
            <summary>
            Gets kind (regular or script) of the source code.
            </summary>
        </member>
        <member name="P:Alternet.Common.RichScriptEdit.Wpf.Roslyn.RoslynSolution.FrameworkPath">
            <summary>
            Gets or sets path to the .NET Framework assemblies.
            </summary>
        </member>
        <member name="P:Alternet.Common.RichScriptEdit.Wpf.Roslyn.RoslynSolution.Workspace">
            <summary>
            Gets a current project <c>Microsoft.CodeAnalysis.Workspace</c>.
            </summary>
        </member>
        <member name="P:Alternet.Common.RichScriptEdit.Wpf.Roslyn.RoslynSolution.ProjectId">
            <summary>
            Gets a current <c>Microsoft.CodeAnalysis.ProjectId</c>.
            </summary>
        </member>
        <member name="P:Alternet.Common.RichScriptEdit.Wpf.Roslyn.RoslynSolution.Project">
            <summary>
            Gets a current <c>Microsoft.CodeAnalysis.Project</c>.
            </summary>
        </member>
        <member name="P:Alternet.Common.RichScriptEdit.Wpf.Roslyn.RoslynSolution.Solution">
            <summary>
            Gets a current <c>Microsoft.CodeAnalysis.Project</c>.
            </summary>
        </member>
        <member name="P:Alternet.Common.RichScriptEdit.Wpf.Roslyn.RoslynSolution.AssemblySearchPaths">
            <summary>
            Gets or sets a collection of assembly search paths.
            </summary>
        </member>
        <member name="P:Alternet.Common.RichScriptEdit.Wpf.Roslyn.RoslynSolution.ScriptSearchPaths">
            <summary>
            Gets or sets a collection of script source search paths.
            </summary>
        </member>
        <member name="P:Alternet.Common.RichScriptEdit.Wpf.Roslyn.RoslynSolution.Conditionals">
            <summary>
            Gets or sets a collection of conditional symbols.
            </summary>
        </member>
        <member name="P:Alternet.Common.RichScriptEdit.Wpf.Roslyn.RoslynSolution.BaseDirectory">
            <summary>
            Gets or sets solution base directory.
            </summary>
        </member>
        <member name="M:Alternet.Common.RichScriptEdit.Wpf.Roslyn.RoslynSolution.FindDocument(System.String)">
            <summary>
            Gets <c>Microsoft.CodeAnalysis.Document</c> matches the given file path.
            </summary>
            <param name="fileName">Document file name.</param>
            <returns>Found <c>Microsoft.CodeAnalysis.Document</c> object.</returns>
        </member>
        <member name="M:Alternet.Common.RichScriptEdit.Wpf.Roslyn.RoslynSolution.CreateDefaultProject">
            <summary>
            Creates default project to this solution.
            </summary>
            <returns><c>Microsoft.CodeAnalysis.Project</c> that is created.</returns>
        </member>
        <member name="M:Alternet.Common.RichScriptEdit.Wpf.Roslyn.RoslynSolution.CreateDefaultProject(Microsoft.CodeAnalysis.ProjectId)">
            <summary>
            Creates default project to this solution.
            </summary>
            <returns><c>Microsoft.CodeAnalysis.Project</c> that is created.</returns>
        </member>
        <member name="M:Alternet.Common.RichScriptEdit.Wpf.Roslyn.RoslynSolution.ResolveAssemblyName(System.String)">
            <summary>
            Try to find real assembly name matches the given name.
            </summary>
            <param name="name">Short assembly name.</param>
            <returns>Full assembly name if succeed; otherwise empty string.</returns>
        </member>
        <member name="M:Alternet.Common.RichScriptEdit.Wpf.Roslyn.RoslynSolution.RegisterNamespaces(System.String[])">
            <summary>
            Registers global namespaces.
            </summary>
            <param name="nameSpaces">List of global namespaces</param>
            <returns>True if succeed otherwise false.</returns>
        </member>
        <member name="M:Alternet.Common.RichScriptEdit.Wpf.Roslyn.RoslynSolution.RegisterAssembly(System.String)">
            <summary>
            Registers assembly in the project.
            </summary>
            <param name="name">Assembly name.</param>
            <returns>True if succeed otherwise false.</returns>
        </member>
        <member name="M:Alternet.Common.RichScriptEdit.Wpf.Roslyn.RoslynSolution.AddReference(Microsoft.CodeAnalysis.MetadataReference)">
            <summary>
            Adds metadata reference to the project.
            </summary>
            <param name="refernce">Reference to add.</param>
            <returns>True if succeed otherwise false.</returns>
        </member>
        <member name="M:Alternet.Common.RichScriptEdit.Wpf.Roslyn.RoslynSolution.RegisterAssemblies(System.String[])">
            <summary>
            Replaces assemblies in the project with new ones.
            </summary>
            <param name="references">List of assembly name.</param>
            <returns>True if succeed otherwise false.</returns>
        </member>
        <member name="M:Alternet.Common.RichScriptEdit.Wpf.Roslyn.RoslynSolution.WithDefaultAssemblies(Alternet.Common.TechnologyEnvironment,System.Boolean)">
            <summary>
            Registers some most frequently used assemblies.
            </summary>
        </member>
        <member name="M:Alternet.Common.RichScriptEdit.Wpf.Roslyn.RoslynSolution.RegisterCodeFiles(System.String[])">
            <summary>
            Makes types declared in given source files accessible for code completion.
            </summary>
            <param name="files">files containing source code.</param>
        </member>
        <member name="M:Alternet.Common.RichScriptEdit.Wpf.Roslyn.RoslynSolution.UnregisterCodeFiles(System.String[])">
            <summary>
            Removes types declared in given source files from being accessible code completion.
            </summary>
            <param name="files">files containing source code.</param>
        </member>
        <member name="M:Alternet.Common.RichScriptEdit.Wpf.Roslyn.RoslynSolution.RemoveDocument(Microsoft.CodeAnalysis.DocumentId)">
            <summary>
            Removes specified <c>Microsoft.CodeAnalysis.Document</c> from the project.
            </summary>
            <param name="documentId"><c>Microsoft.CodeAnalysis.DocumentId</c> to remove.</param>
            <returns>True if succeed; otherwise false.</returns>
        </member>
        <member name="M:Alternet.Common.RichScriptEdit.Wpf.Roslyn.RoslynSolution.RemoveDocument(System.String)">
            <summary>
            Removes specified document from the project.
            </summary>
            <param name="fileName">File path to remove.</param>
            <returns>True if succeed; otherwise false.</returns>
        </member>
        <member name="M:Alternet.Common.RichScriptEdit.Wpf.Roslyn.RoslynSolution.AddDocument(System.String,System.String)">
            <summary>
            Adds a new document to the project.
            </summary>
            <param name="fileName">File name of the <c>Microsoft.CodeAnalysis.Document</c>.</param>
            <param name="text">New <c>Microsoft.CodeAnalysis.Document</c> text.</param>
            <returns><c>Microsoft.CodeAnalysis.Document</c> to be added.</returns>
        </member>
        <member name="M:Alternet.Common.RichScriptEdit.Wpf.Roslyn.RoslynSolution.ReplaceDocument(Microsoft.CodeAnalysis.Document,System.String,System.String)">
            <summary>
            Updates <c>Microsoft.CodeAnalysis.Document</c> to have the text specified.
            </summary>
            <param name="document"><c>Microsoft.CodeAnalysis.Document</c></param>
            <param name="fileName">File name of the <c>Microsoft.CodeAnalysis.Document</c>.</param>
            <param name="text">New <c>Microsoft.CodeAnalysis.Document</c> text.</param>
            <returns>New instance of the updated <c>Microsoft.CodeAnalysis.Document</c>.</returns>
        </member>
        <member name="M:Alternet.Common.RichScriptEdit.Wpf.Roslyn.RoslynSolution.Notify(System.EventArgs)">
            <summary>
            Notifies all notifiers about updating object state.
            </summary>
        </member>
        <member name="M:Alternet.Common.RichScriptEdit.Wpf.Roslyn.RoslynSolution.AddNotifier(Alternet.Common.INotifier)">
            <summary>
            Adds new handler to respond a notification.
            </summary>
            <param name="sender">Specifies an object that can respond a notification.</param>
        </member>
        <member name="M:Alternet.Common.RichScriptEdit.Wpf.Roslyn.RoslynSolution.RemoveNotifier(Alternet.Common.INotifier)">
            <summary>
            Exclude specified handler from notification handlers list.
            </summary>
            <param name="sender">Specifies an object that can respond a notification.</param>
        </member>
        <member name="T:Alternet.Common.RichScriptEdit.Wpf.Roslyn.VbSolution">
            <summary>
            Represents properties and methods to service source code documents intended to use for Visual Basic language.
            </summary>
        </member>
        <member name="M:Alternet.Common.RichScriptEdit.Wpf.Roslyn.VbSolution.#ctor(Microsoft.CodeAnalysis.SourceCodeKind)">
            <summary>
            Initializes a new instance of the <c>VbSolution</c> class with default settings.
            </summary>
        </member>
        <member name="M:Alternet.Common.RichScriptEdit.Wpf.Roslyn.VbSolution.#ctor">
            <summary>
            Initializes a new instance of the <c>VbSolution</c> class with default settings.
            </summary>
        </member>
        <member name="P:Alternet.Common.RichScriptEdit.Wpf.Roslyn.VbSolution.DefaultSolution">
            <summary>
            Gets a default <c>VbSolution</c> object.
            </summary>
        </member>
        <member name="P:Alternet.Common.RichScriptEdit.Wpf.Roslyn.VbSolution.DefaultScriptSolution">
            <summary>
            Gets a default script <c>VbSolution</c> object.
            </summary>
        </member>
        <member name="M:Alternet.Common.RichScriptEdit.Wpf.Roslyn.VbSolution.RegisterNamespaces(System.String[])">
            <summary>
            Registers global namespaces.
            </summary>
            <param name="nameSpaces">List of global namespaces</param>
            <returns>True if succeed otherwise false.</returns>
        </member>
        <member name="M:Alternet.Common.RichScriptEdit.Wpf.Roslyn.VbSolution.CreateDefaultProject(Microsoft.CodeAnalysis.ProjectId)">
            <summary>
            Creates default project to this solution.
            </summary>
            <param name="projectId">ProjectId of newly created project.</param>
            <returns><c>Microsoft.CodeAnalysis.Project</c> that is created.</returns>
        </member>
        <member name="T:Alternet.Common.RichScriptEdit.Wpf.Roslyn.ResolveReferenceEventArgs">
            <summary>
            Provides data for the <c>IScriptRun.ReferenceResolve</c> event.
            </summary>
        </member>
        <member name="M:Alternet.Common.RichScriptEdit.Wpf.Roslyn.ResolveReferenceEventArgs.#ctor(System.String)">
            <summary>
            Initializes a new instance of the <c>ResolveReferenceEventArgs</c> class with specified reference.
            </summary>
            <param name="reference">Reference to resolve.</param>
        </member>
        <member name="P:Alternet.Common.RichScriptEdit.Wpf.Roslyn.ResolveReferenceEventArgs.Handled">
            <summary>
            Gets or sets a value indicating whether the ReferenceResolve event was handled.
            </summary>
        </member>
        <member name="P:Alternet.Common.RichScriptEdit.Wpf.Roslyn.ResolveReferenceEventArgs.Reference">
            <summary>
            Gets or sets reference to be resolved.
            </summary>
        </member>
        <member name="P:Alternet.Common.RichScriptEdit.Wpf.Roslyn.ResolveReferenceEventArgs.AssemblyLocation">
            <summary>
            Gets or sets suitable Assembly.
            </summary>
        </member>
        <member name="P:Alternet.Common.RichScriptEdit.Wpf.Roslyn.ResolveReferenceEventArgs.AssemblyImage">
            <summary>
            Gets or sets stream suitable Assembly Image.
            </summary>
        </member>
    </members>
</doc>
