<?xml version="1.0"?>
<doc>
    <assembly>
        <name>Alternet.Scripter.Debugger.UI.Wpf.v5</name>
    </assembly>
    <members>
        <member name="T:Alternet.Scripter.Debugger.UI.Wpf.Evaluation.CodeCompletion.CollectionSetterCache`1">
            <summary>
            Helps to avoid redundant SetItems operations when the items set previously are the same.
            </summary>
        </member>
        <member name="M:Alternet.Scripter.Debugger.UI.Wpf.Evaluation.CodeCompletion.CollectionSetterCache`1.#ctor(System.Action{System.Collections.Generic.IEnumerable{`0}},System.Func{`0,System.Int32})">
            <summary>
            Initializes a new instance of the <c>CollectionSetterCache</c> class with specified parameters.
            </summary>
            <param name="setItemsCore">Specifies core method to set new item.</param>
            <param name="getItemHashCodeFunc">Specifies method to handle items hash.</param>
        </member>
        <member name="M:Alternet.Scripter.Debugger.UI.Wpf.Evaluation.CodeCompletion.CollectionSetterCache`1.SetItems(System.Collections.Generic.ICollection{`0})">
            <summary>
            Sets new item collection.
            </summary>
            <param name="items">List of items to set.</param>
        </member>
        <member name="M:Alternet.Scripter.Debugger.UI.Wpf.Evaluation.CodeCompletion.CollectionSetterCache`1.Clear">
            <summary>
            Clears items hash.
            </summary>
        </member>
        <member name="T:Alternet.Scripter.Debugger.UI.Wpf.Evaluation.CodeCompletion.EvaluationCodeCompletionControllerBase">
            <summary>
            Provides a base class for evaluation controller. This class is abstract.
            </summary>
        </member>
        <member name="M:Alternet.Scripter.Debugger.UI.Wpf.Evaluation.CodeCompletion.EvaluationCodeCompletionControllerBase.#ctor(Alternet.Scripter.Debugger.UI.Wpf.Evaluation.CodeCompletion.EvaluationCodeCompletionControllerBase.ISite,Alternet.Scripter.Debugger.IScriptDebuggerBase)">
            <summary>
            Initializes a new instance of the <c>EvaluationCodeCompletionControllerBase</c> class with specified parameters.
            </summary>
            <param name="site"><c>ISite</c> corresponding to this new instance.</param>
            <param name="debugger"><c>IScriptDebuggerBase</c> corresponding to this new instance.</param>
        </member>
        <member name="T:Alternet.Scripter.Debugger.UI.Wpf.Evaluation.CodeCompletion.EvaluationCodeCompletionControllerBase.ISite">
            <summary>
            Represents methods declaration to support evaluation functionality.
            </summary>
        </member>
        <member name="M:Alternet.Scripter.Debugger.UI.Wpf.Evaluation.CodeCompletion.EvaluationCodeCompletionControllerBase.ISite.Close">
            <summary>
            When implemented by a class, closes evaluation controller.
            </summary>
        </member>
        <member name="M:Alternet.Scripter.Debugger.UI.Wpf.Evaluation.CodeCompletion.EvaluationCodeCompletionControllerBase.ISite.EvaluateCurrentExpressionAsync">
            <summary>
            When implemented by a class, evaluates current expression.
            </summary>
        </member>
        <member name="M:Alternet.Scripter.Debugger.UI.Wpf.Evaluation.CodeCompletion.EvaluationCodeCompletionControllerBase.Dispose">
            <summary>
            Performs application-defined tasks associated with freeing, releasing, or resetting unmanaged resources.
            </summary>
        </member>
        <member name="T:Alternet.Scripter.Debugger.UI.Wpf.Evaluation.CodeCompletion.ParameterInfoSymbol">
            <summary>
            Represents data for the parameter info.
            </summary>
        </member>
        <member name="M:Alternet.Scripter.Debugger.UI.Wpf.Evaluation.CodeCompletion.ParameterInfoSymbol.#ctor(System.String,System.String,System.String,System.Int32,System.Int32)">
            <summary>
            Initializes a new instance of the <c>ParameterInfoSymbol</c> class with specified parameters.
            </summary>
            <param name="displayText">Formatted string contained parameter data.</param>
            <param name="symbolDescription">Description of the current symbol.</param>
            <param name="parameterDescription">Description of the parameter</param>
            <param name="currentSymbolIndex">Index of current symbol.</param>
            <param name="symbolsCount">Number of the symbols in the parameter info.</param>
        </member>
        <member name="P:Alternet.Scripter.Debugger.UI.Wpf.Evaluation.CodeCompletion.ParameterInfoSymbol.DisplayText">
            <summary>
            Gets formatted string contained parameter data.
            </summary>
        </member>
        <member name="P:Alternet.Scripter.Debugger.UI.Wpf.Evaluation.CodeCompletion.ParameterInfoSymbol.SymbolDescription">
            <summary>
            Gets description of the current symbol.
            </summary>
        </member>
        <member name="P:Alternet.Scripter.Debugger.UI.Wpf.Evaluation.CodeCompletion.ParameterInfoSymbol.ParameterDescription">
            <summary>
            Gets description of the parameter.
            </summary>
        </member>
        <member name="P:Alternet.Scripter.Debugger.UI.Wpf.Evaluation.CodeCompletion.ParameterInfoSymbol.CurrentSymbolIndex">
            <summary>
            Gets index of current symbol.
            </summary>
        </member>
        <member name="P:Alternet.Scripter.Debugger.UI.Wpf.Evaluation.CodeCompletion.ParameterInfoSymbol.SymbolsCount">
            <summary>
            Gets number of the symbols in the parameter info.
            </summary>
        </member>
        <member name="M:Alternet.Scripter.Debugger.UI.Wpf.Evaluation.CodeCompletion.EvaluationCodeCompletionController.GetCodeCompletionPopupDisplayPoint">
            <summary>
            Returns popup display point in text box client coordinates.
            </summary>
        </member>
        <member name="T:Alternet.Scripter.Debugger.UI.Wpf.DataTips.DataTip">
            <summary>
            Represents functionality to popup evaluation result of symbols being debugged. 
            </summary>
        </member>
        <member name="P:Alternet.Scripter.Debugger.UI.Wpf.DataTips.DataTip.DefaultPainter">
            <summary>
            Gets or sets <c>DataTipPainter</c> object used to paint DataTip content.
            </summary>
        </member>
        <member name="M:Alternet.Scripter.Debugger.UI.Wpf.DataTips.DataTip.Show(Alternet.Scripter.Debugger.UI.Wpf.DataTips.DataTipShowParameters)">
            <summary>
            Shows the IDataTip pop-up window for specified expression.
            </summary>
            <param name="parameters">Represents evaluation data to display.</param>
            <returns></returns>
        </member>
        <member name="T:Alternet.Scripter.Debugger.UI.Wpf.DataTips.Painting.DataTipPainter">
            <summary>
            Encapsulates a drawing surface, providing properties and methods used to draw DataTip.
            </summary>
        </member>
        <member name="T:Alternet.Scripter.Debugger.UI.Wpf.DataTips.Painting.DataTipPainter.Image">
            <summary>
            Defines types of DataTip images.
            </summary>
        </member>
        <member name="F:Alternet.Scripter.Debugger.UI.Wpf.DataTips.Painting.DataTipPainter.Image.Error">
            <summary>
            Specifies Error image.
            </summary>
        </member>
        <member name="F:Alternet.Scripter.Debugger.UI.Wpf.DataTips.Painting.DataTipPainter.Image.FieldPublic">
            <summary>
            Specifies Public Field image.
            </summary>
        </member>
        <member name="F:Alternet.Scripter.Debugger.UI.Wpf.DataTips.Painting.DataTipPainter.Image.FieldPrivate">
            <summary>
            Specifies Private Field image.
            </summary>
        </member>
        <member name="F:Alternet.Scripter.Debugger.UI.Wpf.DataTips.Painting.DataTipPainter.Image.FieldInternal">
            <summary>
            Specifies Internal Field image.
            </summary>
        </member>
        <member name="F:Alternet.Scripter.Debugger.UI.Wpf.DataTips.Painting.DataTipPainter.Image.FieldProtected">
            <summary>
            Specifies Protected Field image.
            </summary>
        </member>
        <member name="F:Alternet.Scripter.Debugger.UI.Wpf.DataTips.Painting.DataTipPainter.Image.PropertyPublic">
            <summary>
            Specifies Public Property image.
            </summary>
        </member>
        <member name="F:Alternet.Scripter.Debugger.UI.Wpf.DataTips.Painting.DataTipPainter.Image.PropertyPrivate">
            <summary>
            Specifies Private Property image.
            </summary>
        </member>
        <member name="F:Alternet.Scripter.Debugger.UI.Wpf.DataTips.Painting.DataTipPainter.Image.PropertyInternal">
            <summary>
            Specifies Internal Property image.
            </summary>
        </member>
        <member name="F:Alternet.Scripter.Debugger.UI.Wpf.DataTips.Painting.DataTipPainter.Image.PropertyProtected">
            <summary>
            Specifies Protected Property image.
            </summary>
        </member>
        <member name="F:Alternet.Scripter.Debugger.UI.Wpf.DataTips.Painting.DataTipPainter.Image.StaticMembers">
            <summary>
            Specifies Static Members image.
            </summary>
        </member>
        <member name="T:Alternet.Scripter.Debugger.UI.Wpf.DataTips.DataTipEvaluationMode">
            <summary>
            Defines type of DataTip evaluation result.
            </summary>
        </member>
        <member name="F:Alternet.Scripter.Debugger.UI.Wpf.DataTips.DataTipEvaluationMode.Value">
            <summary>
            Specifies evaluation result belongs to the main expression.
            </summary>
        </member>
        <member name="F:Alternet.Scripter.Debugger.UI.Wpf.DataTips.DataTipEvaluationMode.Children">
            <summary>
            Specifies evaluation result belongs to the nested expression.
            </summary>
        </member>
        <member name="T:Alternet.Scripter.Debugger.UI.Wpf.DataTips.DataTipShowParameters">
            <summary>
            Represents evaluation data.
            </summary>
        </member>
        <member name="M:Alternet.Scripter.Debugger.UI.Wpf.DataTips.DataTipShowParameters.#ctor(System.Windows.Controls.Control,Alternet.Scripter.Debugger.IScriptDebuggerBase,System.String,System.Windows.Point,Alternet.Scripter.Debugger.UI.Wpf.DataTips.DataTipEvaluationMode,Alternet.Scripter.Debugger.UI.Wpf.DataTips.IDataTip,Alternet.Scripter.Debugger.UI.Wpf.DataTips.Painting.DataTipPainter,System.Action,System.Func{System.Boolean})">
            <summary>
            Initializes a new instance of the <c>DataTipShowParameters</c> class with specified parameters.
            </summary>
            <param name="ownerEditControl">Specifies Control that owns this <c>DataTipShowParameters</c>.</param>
            <param name="debugger">Specifies <c>IScriptDebuggerBase</c> used to evaluate expression.</param>
            <param name="expression">Specifies expression to evaluate.</param>
            <param name="popupClientPosition">Specifies position to popup DataTip.</param>
            <param name="evaluationMode">Specifies evaluation mode.</param>
            <param name="ownerDataTip">Specifies <c>IDataTip</c> that owns this <c>DataTipShowParameters</c>.</param>
            <param name="customPainter">Specifies <c>DataTipPainter</c> used to draw <c>DataTipShowParameters</c> content instead of default painter.</param>
        </member>
        <member name="P:Alternet.Scripter.Debugger.UI.Wpf.DataTips.DataTipShowParameters.OwnerEditControl">
            <summary>
            Gets Control that owns this <c>DataTipShowParameters</c>.
            </summary>
        </member>
        <member name="P:Alternet.Scripter.Debugger.UI.Wpf.DataTips.DataTipShowParameters.Debugger">
            <summary>
            Gets <c>IScriptDebuggerBase</c> used to evaluate expression.
            </summary>
        </member>
        <member name="P:Alternet.Scripter.Debugger.UI.Wpf.DataTips.DataTipShowParameters.Expression">
            <summary>
            Gets expression to evaluate.
            </summary>
        </member>
        <member name="P:Alternet.Scripter.Debugger.UI.Wpf.DataTips.DataTipShowParameters.PopupClientPosition">
            <summary>
            Gets position to popup DataTip.
            </summary>
        </member>
        <member name="P:Alternet.Scripter.Debugger.UI.Wpf.DataTips.DataTipShowParameters.EvaluationMode">
            <summary>
            Gets evaluation mode.
            </summary>
        </member>
        <member name="P:Alternet.Scripter.Debugger.UI.Wpf.DataTips.DataTipShowParameters.OwnerDataTip">
            <summary>
            Gets <c>IDataTip</c> that owns this <c>DataTipShowParameters</c>.
            </summary>
        </member>
        <member name="P:Alternet.Scripter.Debugger.UI.Wpf.DataTips.DataTipShowParameters.CustomPainter">
            <summary>
            Gets <c>DataTipPainter</c> used to draw <c>DataTipShowParameters</c> content instead of default painter.
            </summary>
        </member>
        <member name="T:Alternet.Scripter.Debugger.UI.Wpf.DataTips.DataTipState">
            <summary>
            Defines DataTip states. 
            </summary>
        </member>
        <member name="F:Alternet.Scripter.Debugger.UI.Wpf.DataTips.DataTipState.Evaluating">
            <summary>
            Specifies that expression is being evaluated.
            </summary>
        </member>
        <member name="F:Alternet.Scripter.Debugger.UI.Wpf.DataTips.DataTipState.Visible">
            <summary>
            Specifies that DataTip is visible.
            </summary>
        </member>
        <member name="F:Alternet.Scripter.Debugger.UI.Wpf.DataTips.DataTipState.Hidden">
            <summary>
            Specifies that DataTip is hidden.
            </summary>
        </member>
        <member name="T:Alternet.Scripter.Debugger.UI.Wpf.DataTips.IDataTip">
            <summary>
            Represents properties and methods used to process evaluation data.
            </summary>
        </member>
        <member name="P:Alternet.Scripter.Debugger.UI.Wpf.DataTips.IDataTip.State">
            <summary>
            Gets DataTip state.
            </summary>
        </member>
        <member name="P:Alternet.Scripter.Debugger.UI.Wpf.DataTips.IDataTip.Parameters">
            <summary>
            Gets DataTip data.
            </summary>
        </member>
        <member name="P:Alternet.Scripter.Debugger.UI.Wpf.DataTips.IDataTip.ScreenBounds">
            <summary>
            Gets DataTip screen working area.
            </summary>
        </member>
        <member name="P:Alternet.Scripter.Debugger.UI.Wpf.DataTips.IDataTip.HasExpandedItem">
            <summary>
            Gets a boolean value indicating whether DataTip has a child items.
            </summary>
        </member>
        <member name="M:Alternet.Scripter.Debugger.UI.Wpf.DataTips.IDataTip.Close">
            <summary>
            Closes current DataTip.
            </summary>
        </member>
        <member name="T:Alternet.Scripter.Debugger.UI.Wpf.EvaluateDialog">
            <summary>
            Interaction logic for EvaluateDialog.xaml
            </summary>
            <summary>
            EvaluateDialog
            </summary>
        </member>
        <member name="M:Alternet.Scripter.Debugger.UI.Wpf.EvaluateDialog.#ctor(Alternet.Scripter.Debugger.UI.Wpf.EvaluateDialog.CodeCompletionOptions)">
            <summary>
            Initializes a new instance of the <c>EvaluateDialog</c> class with specified options.
            </summary>
            <param name="codeCompletionOptions">Defines code completion behavior for the expression textbox.</param>
        </member>
        <member name="T:Alternet.Scripter.Debugger.UI.Wpf.EvaluateDialog.CreateCodeCompletionControllerDelegate">
            <summary>
            Represents a method that will handle creation of codecompletion controller object.
            </summary>
            <param name="site">Site corresponding to the controller.</param>
            <param name="debugger"><c>IScriptDebuggerBase</c> which evaluates the expressions.</param>
            <param name="expressionTextBox">TextBox that receives user input.</param>
            <returns></returns>
        </member>
        <member name="E:Alternet.Scripter.Debugger.UI.Wpf.EvaluateDialog.WatchAdded">
            <summary>
            Occurs when current expression is added to the list of Watches.
            </summary>
        </member>
        <member name="P:Alternet.Scripter.Debugger.UI.Wpf.EvaluateDialog.Debugger">
            <summary>
            Gets or sets <c>IScriptDebuggerBase</c> used to evaluate expressions.
            </summary>
        </member>
        <member name="P:Alternet.Scripter.Debugger.UI.Wpf.EvaluateDialog.EvaluateCurrentException">
            <summary>
            Gets or sets a value indicating whether current exception should be evaluated when dialog is displayed.
            </summary>
        </member>
        <member name="P:Alternet.Scripter.Debugger.UI.Wpf.EvaluateDialog.Expression">
            <summary>
            Gets or sets an expression to be evaluated.
            </summary>
        </member>
        <member name="M:Alternet.Scripter.Debugger.UI.Wpf.EvaluateDialog.GetInitialExpression(System.String)">
            <summary>
            Gets initial expression displayed when the evaluate dialog is displayed.
            </summary>
            <param name="key"></param>
            <returns>Default expression to evaluate.</returns>
        </member>
        <member name="M:Alternet.Scripter.Debugger.UI.Wpf.EvaluateDialog.EvaluateCurrentExpressionAsync">
            <summary>
            Evaluates current expression asynchronously.
            </summary>
            <returns></returns>
        </member>
        <member name="T:Alternet.Scripter.Debugger.UI.Wpf.EvaluateDialog.CodeCompletionOptions">
            <summary>
            Represents options that affect code completion in the evaluation dialog.
            </summary>
        </member>
        <member name="F:Alternet.Scripter.Debugger.UI.Wpf.EvaluateDialog.CodeCompletionOptions.Disabled">
            <summary>
            Disabled code completion in the evaluation dialog.
            </summary>
        </member>
        <member name="F:Alternet.Scripter.Debugger.UI.Wpf.EvaluateDialog.CodeCompletionOptions.Enabled">
            <summary>
            Enabled code completion in the evaluation dialog.
            </summary>
        </member>
        <member name="P:Alternet.Scripter.Debugger.UI.Wpf.EvaluateDialog.CodeCompletionOptions.CodeCompletionEnabled">
            <summary>
            Gets a value indicating whether code completion is enabled.
            </summary>
        </member>
        <member name="P:Alternet.Scripter.Debugger.UI.Wpf.EvaluateDialog.CodeCompletionOptions.CreateCustomControllerFunc">
            <summary>
            Gets a method handles creation of codecompletion controller object.
            </summary>
        </member>
        <member name="M:Alternet.Scripter.Debugger.UI.Wpf.EvaluateDialog.CodeCompletionOptions.Custom(Alternet.Scripter.Debugger.UI.Wpf.EvaluateDialog.CreateCodeCompletionControllerDelegate)">
            <summary>
            Gets a custom options for the code completion in the evaluation dialog.
            </summary>
            <param name="createCustomControllerFunc">This method handles creation of codecompletion controller object.</param>
            <returns></returns>
        </member>
        <member name="M:Alternet.Scripter.Debugger.UI.Wpf.EvaluateDialog.InitializeComponent">
            <summary>
            InitializeComponent
            </summary>
        </member>
        <member name="T:Alternet.Scripter.Debugger.UI.Wpf.RunParameters">
            <summary>
            Interaction logic for RunParameters.xaml
            </summary>
            <summary>
            RunParameters
            </summary>
        </member>
        <member name="M:Alternet.Scripter.Debugger.UI.Wpf.RunParameters.#ctor">
            <summary>
            Initializes a new instance of the <c>RunParameters</c> class with default settings.
            </summary>
        </member>
        <member name="P:Alternet.Scripter.Debugger.UI.Wpf.RunParameters.CommandLineArgs">
            <summary>
            Gets or sets command line arguments for the process being debugged.
            </summary>
        </member>
        <member name="P:Alternet.Scripter.Debugger.UI.Wpf.RunParameters.StartProgram">
            <summary>
            Gets or sets the executable which should be started when debugging dynamically linked library.
            </summary>
        </member>
        <member name="P:Alternet.Scripter.Debugger.UI.Wpf.RunParameters.StartExternalProgram">
            <summary>
            Gets or sets a value indicating that a external program should be started to debug dynamically linked library.
            </summary>
        </member>
        <member name="M:Alternet.Scripter.Debugger.UI.Wpf.RunParameters.Dispose">
            <summary>
            Destroys the instance of the <c>RunParameters</c> class.
            </summary>
        </member>
        <member name="M:Alternet.Scripter.Debugger.UI.Wpf.RunParameters.InitializeComponent">
            <summary>
            InitializeComponent
            </summary>
        </member>
        <member name="T:Alternet.Scripter.Debugger.UI.Wpf.VariablesEvaluationControlBase">
            <summary>
            Provides a base class to evaluate list of expressions during script debugging. This class is abstract.
            </summary>
        </member>
        <member name="P:Alternet.Scripter.Debugger.UI.Wpf.VariablesEvaluationControlBase.Debugger">
            <summary>
            Gets or sets <c>IScriptDebuggerBase</c> which expressions are evaluated by this class.
            </summary>
        </member>
        <member name="M:Alternet.Scripter.Debugger.UI.Wpf.VariablesEvaluationControlBase.CancelEvaluationAsync">
            <summary>
            Cancels an evaluation task which is currently running.
            </summary>
        </member>
        <member name="T:Alternet.Scripter.Debugger.UI.Wpf.AddToWatchClickEventArgs">
            <summary>
            Provides data for the <c>Locals.AddToWatchClick</c> event.
            </summary>
        </member>
        <member name="P:Alternet.Scripter.Debugger.UI.Wpf.AddToWatchClickEventArgs.Expression">
            <summary>
            Gets or sets a variable expression currently selected in the list of local variables.
            </summary>
        </member>
        <member name="T:Alternet.Scripter.Debugger.UI.Wpf.BreakpointChangedEventArgs">
            <summary>
            Provides data for the <c>Breakpoints.BreakpointStateChanged</c> and  <c>Breakpoints.BreakpointDeleted</c>  event.
            </summary>
        </member>
        <member name="P:Alternet.Scripter.Debugger.UI.Wpf.BreakpointChangedEventArgs.Breakpoint">
            <summary>
            Gets or sets a <c>Breakpoint</c> which state was changed.
            </summary>
        </member>
        <member name="P:Alternet.Scripter.Debugger.UI.Wpf.BreakpointChangedEventArgs.Breakpoints">
            <summary>
            Gets or sets a list of <c>Breakpoint</c> which state was changed.
            </summary>
        </member>
        <member name="T:Alternet.Scripter.Debugger.UI.Wpf.Output">
            <summary>
            Interaction logic for Output.xaml
            </summary>
            <summary>
            Output
            </summary>
        </member>
        <member name="M:Alternet.Scripter.Debugger.UI.Wpf.Output.#ctor">
            <summary>
            Initializes a new instance of the <c>Output</c> class with default settings.
            </summary>
        </member>
        <member name="P:Alternet.Scripter.Debugger.UI.Wpf.Output.Debugger">
            <summary>
            Gets or sets <c>IScriptDebuggerBase</c> which output messages will be displayed by this user control.
            </summary>
        </member>
        <member name="P:Alternet.Scripter.Debugger.UI.Wpf.Output.SelectedMessage">
            <summary>
            Gets currently selected message.
            </summary>
        </member>
        <member name="M:Alternet.Scripter.Debugger.UI.Wpf.Output.DoEvents">
            <summary>
            Processes all Windows messages currently in the message queue.
            </summary>
        </member>
        <member name="M:Alternet.Scripter.Debugger.UI.Wpf.Output.Clear">
            <summary>
            Clears output list.
            </summary>
        </member>
        <member name="F:Alternet.Scripter.Debugger.UI.Wpf.Output.sslDebug">
            <summary>
            sslDebug Name Field
            </summary>
        </member>
        <member name="F:Alternet.Scripter.Debugger.UI.Wpf.Output.sslGeneral">
            <summary>
            sslGeneral Name Field
            </summary>
        </member>
        <member name="F:Alternet.Scripter.Debugger.UI.Wpf.Output.lbOutput">
            <summary>
            lbOutput Name Field
            </summary>
        </member>
        <member name="M:Alternet.Scripter.Debugger.UI.Wpf.Output.InitializeComponent">
            <summary>
            InitializeComponent
            </summary>
        </member>
        <member name="T:Alternet.Scripter.Debugger.UI.Wpf.Threads">
            <summary>
            Interaction logic for Threads.xaml
            </summary>
            <summary>
            Threads
            </summary>
        </member>
        <member name="M:Alternet.Scripter.Debugger.UI.Wpf.Threads.#ctor">
            <summary>
            Initializes a new instance of the <c>Threads</c> class with default settings.
            </summary>
        </member>
        <member name="E:Alternet.Scripter.Debugger.UI.Wpf.Threads.ThreadClick">
            <summary>
            Occurs when given process receives variables.
            </summary>
        </member>
        <member name="P:Alternet.Scripter.Debugger.UI.Wpf.Threads.Debugger">
            <summary>
            Gets or sets <c>IScriptDebugger</c> which threads will be displayed by this user control.
            </summary>
        </member>
        <member name="P:Alternet.Scripter.Debugger.UI.Wpf.Threads.SelectedThread">
            <summary>
            Gets a currently selected thread.
            </summary>
        </member>
        <member name="M:Alternet.Scripter.Debugger.UI.Wpf.Threads.SetThreads(Alternet.Scripter.Debugger.ThreadInfo[])">
            <summary>
            Sets threads to be displayed.
            </summary>
            <param name="threads">List of threads to be displayed.</param>
        </member>
        <member name="F:Alternet.Scripter.Debugger.UI.Wpf.Threads.lvThreads">
            <summary>
            lvThreads Name Field
            </summary>
        </member>
        <member name="M:Alternet.Scripter.Debugger.UI.Wpf.Threads.InitializeComponent">
            <summary>
            InitializeComponent
            </summary>
        </member>
        <member name="T:Alternet.Scripter.Debugger.UI.Wpf.WatchDialog">
            <summary>
            Represents a dialog box to add a new watch expression.
            </summary>
            <summary>
            WatchDialog
            </summary>
        </member>
        <member name="M:Alternet.Scripter.Debugger.UI.Wpf.WatchDialog.#ctor">
            <summary>
            Initializes a new instance of the <c>WatchDialog</c> class with default settings.
            </summary>
        </member>
        <member name="M:Alternet.Scripter.Debugger.UI.Wpf.WatchDialog.InitializeComponent">
            <summary>
            InitializeComponent
            </summary>
        </member>
        <member name="T:Alternet.Scripter.Debugger.UI.Wpf.Watches">
            <summary>
            Displays and evaluates watch expressions during script debugging.
            </summary>
            <summary>
            Watches
            </summary>
        </member>
        <member name="M:Alternet.Scripter.Debugger.UI.Wpf.Watches.#ctor">
            <summary>
            Initializes a new instance of the <c>Watches</c> class with default settings.
            </summary>
        </member>
        <member name="P:Alternet.Scripter.Debugger.UI.Wpf.Watches.SelectedWatch">
            <summary>
            Gets a currently selected watch expression.
            </summary>
        </member>
        <member name="M:Alternet.Scripter.Debugger.UI.Wpf.Watches.AddWatch(System.String,System.Boolean,System.Boolean)">
            <summary>
            Adds specified expression to the list of watches.
            </summary>
            <param name="expression">Watch expression to evaluate.</param>
            <param name="checkIfExists">Check whether specified watch already exists.</param>
            <param name="selectAdded">Selects specified watch expression.</param>
        </member>
        <member name="M:Alternet.Scripter.Debugger.UI.Wpf.Watches.AddWatch(System.String)">
            <summary>
            Adds specified expression to the list of watches.
            </summary>
            <param name="expression">Watch expression to evaluate.</param>
        </member>
        <member name="M:Alternet.Scripter.Debugger.UI.Wpf.Watches.EvaluateWatchExpressions">
            <summary>
            Evaluates values of all expressions asynchronously.
            </summary>
        </member>
        <member name="M:Alternet.Scripter.Debugger.UI.Wpf.Watches.Clear">
            <summary>
            Clears watches list.
            </summary>
        </member>
        <member name="F:Alternet.Scripter.Debugger.UI.Wpf.Watches.watchesTreeView">
            <summary>
            watchesTreeView Name Field
            </summary>
        </member>
        <member name="M:Alternet.Scripter.Debugger.UI.Wpf.Watches.InitializeComponent">
            <summary>
            InitializeComponent
            </summary>
        </member>
        <member name="T:Alternet.Scripter.Debugger.UI.Wpf.Breakpoints">
            <summary>
            Interaction logic for Breakpoints.xaml
            </summary>
            <summary>
            Breakpoints
            </summary>
        </member>
        <member name="M:Alternet.Scripter.Debugger.UI.Wpf.Breakpoints.#ctor">
            <summary>
            Initializes a new instance of the <c>Breakpoints</c> class with default settings.
            </summary>
        </member>
        <member name="E:Alternet.Scripter.Debugger.UI.Wpf.Breakpoints.BreakpointClick">
            <summary>
            When implemented by a class, occurs when given process receives variables.
            </summary>
        </member>
        <member name="E:Alternet.Scripter.Debugger.UI.Wpf.Breakpoints.BreakpointStateChanged">
            <summary>
            Occurs when given breakpoint's enabled state changes.
            </summary>
        </member>
        <member name="E:Alternet.Scripter.Debugger.UI.Wpf.Breakpoints.BreakpointDeleted">
            <summary>
            Occurs when given breakpoint is deleted.
            </summary>
        </member>
        <member name="P:Alternet.Scripter.Debugger.UI.Wpf.Breakpoints.Debugger">
            <summary>
            Gets or sets <c>IScriptDebugger</c> which breakpoints are displayed by this user control.
            </summary>
        </member>
        <member name="P:Alternet.Scripter.Debugger.UI.Wpf.Breakpoints.SelectedBreakpoint">
            <summary>
            Gets currently selected breakpoint.
            </summary>
        </member>
        <member name="M:Alternet.Scripter.Debugger.UI.Wpf.Breakpoints.Clear">
            <summary>
            Clears breakpoint list.
            </summary>
        </member>
        <member name="M:Alternet.Scripter.Debugger.UI.Wpf.Breakpoints.UpdateList">
            <summary>
            Updates list of breakpoints from the debugger's breakpoints collection.
            </summary>
        </member>
        <member name="M:Alternet.Scripter.Debugger.UI.Wpf.Breakpoints.Toggle(System.String,System.Int32)">
            <summary>
            Sets or removes breakpoint at a specified position.
            </summary>
            <param name="file">File name where breakpoint is be set or removed.</param>
            <param name="line">Index of line where breakpoint is to be set or removed.</param>
        </member>
        <member name="T:Alternet.Scripter.Debugger.UI.Wpf.Breakpoints.ListViewItemData">
            <summary>
            Provides an item data in the ListView control. 
            </summary>
        </member>
        <member name="E:Alternet.Scripter.Debugger.UI.Wpf.Breakpoints.ListViewItemData.PropertyChanged">
            <summary>
            Occurs when a property value changes.
            </summary>
        </member>
        <member name="P:Alternet.Scripter.Debugger.UI.Wpf.Breakpoints.ListViewItemData.Description">
            <summary>
            Gets or sets breakpoint description.
            </summary>
        </member>
        <member name="P:Alternet.Scripter.Debugger.UI.Wpf.Breakpoints.ListViewItemData.Breakpoint">
            <summary>
            Gets or sets a <c>Breakpoint</c> object that contains data associated with the list item.
            </summary>
        </member>
        <member name="P:Alternet.Scripter.Debugger.UI.Wpf.Breakpoints.ListViewItemData.Image">
            <summary>
            Gets or sets the image that is displayed for the item.
            </summary>
        </member>
        <member name="P:Alternet.Scripter.Debugger.UI.Wpf.Breakpoints.ListViewItemData.EnableBreakpoint">
            <summary>
            Gets or sets a value indicating whether linked breakpoint is enabled.
            </summary>
        </member>
        <member name="F:Alternet.Scripter.Debugger.UI.Wpf.Breakpoints.lvBreakpoints">
            <summary>
            lvBreakpoints Name Field
            </summary>
        </member>
        <member name="M:Alternet.Scripter.Debugger.UI.Wpf.Breakpoints.InitializeComponent">
            <summary>
            InitializeComponent
            </summary>
        </member>
        <member name="T:Alternet.Scripter.Debugger.UI.Wpf.CallStack">
            <summary>
            Interaction logic for CallStack.xaml
            </summary>
            <summary>
            CallStack
            </summary>
        </member>
        <member name="M:Alternet.Scripter.Debugger.UI.Wpf.CallStack.#ctor">
            <summary>
            Initializes a new instance of the <c>CallStack</c> class with default settings.
            </summary>
        </member>
        <member name="E:Alternet.Scripter.Debugger.UI.Wpf.CallStack.CallStackClick">
            <summary>
            Occurs when given process receives variables.
            </summary>
        </member>
        <member name="E:Alternet.Scripter.Debugger.UI.Wpf.CallStack.StackFramesChanged">
            <summary>
            When implemented by a class, occurs when current stack frame changes.
            </summary>
        </member>
        <member name="P:Alternet.Scripter.Debugger.UI.Wpf.CallStack.Debugger">
            <summary>
            Gets or sets <c>IScriptDebugger</c> which stack frames displayed by this user control.
            </summary>
        </member>
        <member name="P:Alternet.Scripter.Debugger.UI.Wpf.CallStack.SelectedFrame">
            <summary>
            Gets a currently selected stack frame.
            </summary>
        </member>
        <member name="M:Alternet.Scripter.Debugger.UI.Wpf.CallStack.TrySwitchToTopUserStackFrame">
            <summary>
            Switches debugging to the given stack frame.
            </summary>
        </member>
        <member name="M:Alternet.Scripter.Debugger.UI.Wpf.CallStack.SetFrames(Alternet.Scripter.Debugger.StackFrame[])">
            <summary>
            Sets list of call stack frames to be displayed.
            </summary>
            <param name="frames">List of frames to display.</param>
        </member>
        <member name="F:Alternet.Scripter.Debugger.UI.Wpf.CallStack.lvCallStack">
            <summary>
            lvCallStack Name Field
            </summary>
        </member>
        <member name="M:Alternet.Scripter.Debugger.UI.Wpf.CallStack.InitializeComponent">
            <summary>
            InitializeComponent
            </summary>
        </member>
        <member name="T:Alternet.Scripter.Debugger.UI.Wpf.Errors">
            <summary>
            Interaction logic for Errors.xaml
            </summary>
            <summary>
            Errors
            </summary>
        </member>
        <member name="M:Alternet.Scripter.Debugger.UI.Wpf.Errors.#ctor">
            <summary>
            Initializes a new instance of the <c>Errors</c> class with default settings.
            </summary>
        </member>
        <member name="E:Alternet.Scripter.Debugger.UI.Wpf.Errors.ErrorClick">
            <summary>
            Occurs when given process receives variables.
            </summary>
        </member>
        <member name="P:Alternet.Scripter.Debugger.UI.Wpf.Errors.Debugger">
            <summary>
            Gets or sets <c>IScriptDebugger</c> which errors will be displayed by this user control.
            </summary>
        </member>
        <member name="P:Alternet.Scripter.Debugger.UI.Wpf.Errors.SelectedError">
            <summary>
            Gets currently selected error.
            </summary>
        </member>
        <member name="M:Alternet.Scripter.Debugger.UI.Wpf.Errors.Clear">
            <summary>
            Clears error list.
            </summary>
        </member>
        <member name="M:Alternet.Scripter.Debugger.UI.Wpf.Errors.Reset">
            <summary>
            Resets user control to it's default state.
            </summary>
        </member>
        <member name="M:Alternet.Scripter.Debugger.UI.Wpf.Errors.AddCompilerError(Alternet.Scripter.ScriptCompilationDiagnostic)">
            <summary>
            Adds specified error to the error's collection.
            </summary>
            <param name="error">Error to add.</param>
        </member>
        <member name="M:Alternet.Scripter.Debugger.UI.Wpf.Errors.AddCompilerErrors(Alternet.Scripter.ScriptCompilationDiagnostic[])">
            <summary>
             Adds specified errors to the error's collection.
            </summary>
            <param name="errors">List of errors to add.</param>
        </member>
        <member name="F:Alternet.Scripter.Debugger.UI.Wpf.Errors.sslErrors">
            <summary>
            sslErrors Name Field
            </summary>
        </member>
        <member name="F:Alternet.Scripter.Debugger.UI.Wpf.Errors.sslWarning">
            <summary>
            sslWarning Name Field
            </summary>
        </member>
        <member name="F:Alternet.Scripter.Debugger.UI.Wpf.Errors.lvErrorList">
            <summary>
            lvErrorList Name Field
            </summary>
        </member>
        <member name="M:Alternet.Scripter.Debugger.UI.Wpf.Errors.InitializeComponent">
            <summary>
            InitializeComponent
            </summary>
        </member>
        <member name="T:Alternet.Scripter.Debugger.UI.Wpf.BreakpointClickEventArgs">
            <summary>
            Provides data for the <c>Breakpoints.BreakpointClick</c> event.
            </summary>
        </member>
        <member name="P:Alternet.Scripter.Debugger.UI.Wpf.BreakpointClickEventArgs.Breakpoint">
            <summary>
            Gets or sets a <c>Breakpoint</c> currently selected in the list of Breakpoints.
            </summary>
        </member>
        <member name="T:Alternet.Scripter.Debugger.UI.Wpf.CallStackClickEventArgs">
            <summary>
            Provides data for the <c>CallStack.CallStackClick</c> event.
            </summary>
        </member>
        <member name="P:Alternet.Scripter.Debugger.UI.Wpf.CallStackClickEventArgs.StackFrame">
            <summary>
            Gets or sets a <c>StackFrame</c> currently selected in the Call Stack list.
            </summary>
        </member>
        <member name="T:Alternet.Scripter.Debugger.UI.Wpf.ErrorClickEventArgs">
            <summary>
            Provides data for the <c>Errors.ErrorClick</c> event.
            </summary>
        </member>
        <member name="P:Alternet.Scripter.Debugger.UI.Wpf.ErrorClickEventArgs.Error">
            <summary>
            Gets or sets a <c>ScriptCompilationDiagnostic</c> currently selected in the list of Compiler Errors.
            </summary>
        </member>
        <member name="T:Alternet.Scripter.Debugger.UI.Wpf.ThreadClickEventArgs">
            <summary>
            Provides data for the <c>Threads.ThreadClick</c> event.
            </summary>
        </member>
        <member name="P:Alternet.Scripter.Debugger.UI.Wpf.ThreadClickEventArgs.Thread">
            <summary>
            Gets or sets a <c>ThreadInfo</c> object currently selected in the list of Threads.
            </summary>
        </member>
        <member name="T:Alternet.Scripter.Debugger.UI.Wpf.WatchAddedEventArgs">
            <summary>
            Provides data for the <c>EvaluateDialog.WatchAdded</c> event.
            </summary>
        </member>
        <member name="P:Alternet.Scripter.Debugger.UI.Wpf.WatchAddedEventArgs.Expression">
            <summary>
            Gets or sets expression to watch.
            </summary>
        </member>
        <member name="T:Alternet.Scripter.Debugger.UI.Wpf.Locals">
            <summary>
             Displays and evaluates local variables during script debugging.
            </summary>
            <summary>
            Locals
            </summary>
        </member>
        <member name="M:Alternet.Scripter.Debugger.UI.Wpf.Locals.#ctor">
            <summary>
            Initializes a new instance of the <c>Locals</c> class with default settings.
            </summary>
        </member>
        <member name="E:Alternet.Scripter.Debugger.UI.Wpf.Locals.AddToWatchClick">
            <summary>
            Occurs when user clicks on the local to add it to the watch window.
            </summary>
        </member>
        <member name="P:Alternet.Scripter.Debugger.UI.Wpf.Locals.SelectedWatch">
            <summary>
            Gets a currently selected watch expression.
            </summary>
        </member>
        <member name="P:Alternet.Scripter.Debugger.UI.Wpf.Locals.SelectedText">
            <summary>
            Gets a currently selected text.
            </summary>
        </member>
        <member name="M:Alternet.Scripter.Debugger.UI.Wpf.Locals.EvaluateVariables(System.Collections.Generic.IEnumerable{System.String})">
            <summary>
            Evaluates values of given variables asynchronously.
            </summary>
            <param name="variableNames">List of variables to evaluate.</param>
        </member>
        <member name="F:Alternet.Scripter.Debugger.UI.Wpf.Locals.localsTreeView">
            <summary>
            localsTreeView Name Field
            </summary>
        </member>
        <member name="M:Alternet.Scripter.Debugger.UI.Wpf.Locals.InitializeComponent">
            <summary>
            InitializeComponent
            </summary>
        </member>
        <member name="T:Alternet.Scripter.Debugger.UI.Wpf.Properties.Resources">
            <summary>
              A strongly-typed resource class, for looking up localized strings, etc.
            </summary>
        </member>
        <member name="P:Alternet.Scripter.Debugger.UI.Wpf.Properties.Resources.ResourceManager">
            <summary>
              Returns the cached ResourceManager instance used by this class.
            </summary>
        </member>
        <member name="P:Alternet.Scripter.Debugger.UI.Wpf.Properties.Resources.Culture">
            <summary>
              Overrides the current thread's CurrentUICulture property for all
              resource lookups using this strongly typed resource class.
            </summary>
        </member>
        <member name="T:XamlGeneratedNamespace.GeneratedInternalTypeHelper">
            <summary>
            GeneratedInternalTypeHelper
            </summary>
        </member>
        <member name="M:XamlGeneratedNamespace.GeneratedInternalTypeHelper.CreateInstance(System.Type,System.Globalization.CultureInfo)">
            <summary>
            CreateInstance
            </summary>
        </member>
        <member name="M:XamlGeneratedNamespace.GeneratedInternalTypeHelper.GetPropertyValue(System.Reflection.PropertyInfo,System.Object,System.Globalization.CultureInfo)">
            <summary>
            GetPropertyValue
            </summary>
        </member>
        <member name="M:XamlGeneratedNamespace.GeneratedInternalTypeHelper.SetPropertyValue(System.Reflection.PropertyInfo,System.Object,System.Object,System.Globalization.CultureInfo)">
            <summary>
            SetPropertyValue
            </summary>
        </member>
        <member name="M:XamlGeneratedNamespace.GeneratedInternalTypeHelper.CreateDelegate(System.Type,System.Object,System.String)">
            <summary>
            CreateDelegate
            </summary>
        </member>
        <member name="M:XamlGeneratedNamespace.GeneratedInternalTypeHelper.AddEventHandler(System.Reflection.EventInfo,System.Object,System.Delegate)">
            <summary>
            AddEventHandler
            </summary>
        </member>
    </members>
</doc>
