<?xml version="1.0"?>
<doc>
    <assembly>
        <name>Alternet.Scripter.TypeScript.Debugger.v5</name>
    </assembly>
    <members>
        <member name="M:Alternet.Scripter.Debugger.TypeScript.ExpressionEvaluation.ScopeResolutionService.Reset">
            <summary>
            Resets scope evaluator.
            </summary>
        </member>
        <member name="M:Alternet.Scripter.Debugger.TypeScript.ExpressionEvaluation.ScopeResolutionService.GetMethodName(System.String,System.Drawing.Point,System.Collections.Generic.IList{System.String},System.Boolean,System.Boolean)">
            <summary>
            Gets method name and parameters and given source position.
            </summary>
            <param name="fileName">file name go parse</param>
            <param name="position">position within the file</param>
            <param name="parameters">receives list of parameters</param>
            <param name="includeParamNames">Indicate if parameter names should be included</param>
            <param name="includeParamTypes">Indicate if parameter types should be included</param>
            <returns>Method name if found, otherwise empty string.</returns>
        </member>
        <member name="M:Alternet.Scripter.Debugger.TypeScript.ExpressionEvaluation.ScopeResolutionService.GetRelativeFilePath(System.String)">
            <summary>
            Gets path relative to the script location
            </summary>
            <param name="fileName">file name.</param>
            <returns>file name relative to the script location.</returns>
        </member>
        <member name="T:Alternet.Scripter.Debugger.TypeScript.ExpressionEvaluation.ExpressionValue">
            <summary>
            Provides a class stores expression value.
            </summary>
        </member>
        <member name="P:Alternet.Scripter.Debugger.TypeScript.ExpressionEvaluation.ExpressionValue.IsArrayType">
            <summary>
            Gets a boolean value indicates whether expression is array type.
            </summary>
        </member>
        <member name="T:Alternet.Scripter.Debugger.TypeScript.ExpressionEvaluation.EvaluationProvider">
            <summary>
            See https://docs.microsoft.com/en-us/visualstudio/debugger/format-specifiers-in-csharp
            </summary>
        </member>
        <member name="M:Alternet.Scripter.Debugger.TypeScript.ExpressionEvaluation.ExpressionEvaluator.GetCodeCompletionService(Alternet.Scripter.Debugger.ExecutionPosition,Alternet.Scripter.Debugger.ExpressionEvaluation.CodeCompletion.KeyConfiguration)">
            <summary>
            Gets <c>ICodeCompletionService</c> object used to provide code completion for the expression evaluation.
            </summary>
            <param name="position">current execution position</param>
            <param name="keyConfiguration">key configuration</param>
            <returns></returns>
        </member>
        <member name="T:Alternet.Scripter.Debugger.TypeScript.ErrorMessages">
            <summary>
            Contains default string constants related to debugger errors.
            </summary>
        </member>
        <member name="T:Alternet.Scripter.Debugger.TypeScript.ScriptBreakpoints">
            <summary>
            Provides list of <c>Breakpoint</c> objects.
            </summary>
        </member>
        <member name="M:Alternet.Scripter.Debugger.TypeScript.ScriptBreakpoints.#ctor(Alternet.Scripter.Debugger.TypeScript.ScriptDebugger)">
            <summary>
            Initializes a new instance of the <c>ScriptBreakpoints</c> class with corresponds to specified <c>ScriptDebugger</c> object.
            </summary>
            <param name="debugger"><c>ScriptDebugger</c> that owns this new instance.</param>
        </member>
        <member name="P:Alternet.Scripter.Debugger.TypeScript.ScriptBreakpoints.Debugger">
            <summary>
            Represents <c>ScriptDebugger</c> owner of this <c>ScriptBreakpoints</c>. 
            </summary>
        </member>
        <member name="P:Alternet.Scripter.Debugger.TypeScript.ScriptBreakpoints.Breakpoints">
            <summary>
            Gets an array of <c>Breakpoint</c> objects.
            </summary>
        </member>
        <member name="M:Alternet.Scripter.Debugger.TypeScript.ScriptBreakpoints.AddBreakpoint(System.String,System.Int32)">
            <summary>
            Adds a <c>Breakpoint</c> to the list.
            </summary>
            <param name="filePath">Name of file where breakpoint is set.</param>
            <param name="lineNumber">Number of line at which breakpoint is set.</param>
        </member>
        <member name="M:Alternet.Scripter.Debugger.TypeScript.ScriptBreakpoints.RemoveBreakpoint(Alternet.Scripter.Debugger.Breakpoint)">
            <summary>
            Removes a <c>Breakpoint</c> from the list.
            </summary>
            <param name="breakpoint">The <c>Breakpoint</c> to remove from the list.</param>
        </member>
        <member name="M:Alternet.Scripter.Debugger.TypeScript.ScriptBreakpoints.RemoveBreakpoints(System.Collections.Generic.IList{Alternet.Scripter.Debugger.Breakpoint})">
            <summary>
            Removes several <c>Breakpoint</c> from the list.
            </summary>
            <param name="breakpoints">The number of <c>Breakpoint</c> to remove from the list.</param>
        </member>
        <member name="M:Alternet.Scripter.Debugger.TypeScript.ScriptBreakpoints.Clear">
            <summary>
            Removes all breakpoints.
            </summary>
        </member>
        <member name="M:Alternet.Scripter.Debugger.TypeScript.ScriptBreakpoints.EnableBreakpoint(Alternet.Scripter.Debugger.Breakpoint,System.Boolean)">
            <summary>
            Enables or disables specified breakpoint.
            </summary>
            <param name="breakpoint"><c>Breakpoint</c> to process.</param>
            <param name="enable">New breakpoint's state.</param>
        </member>
        <member name="T:Alternet.Scripter.Debugger.TypeScript.ScriptDebugger">
            <summary>
            Enables communication with a debugger.
            </summary>
        </member>
        <member name="M:Alternet.Scripter.Debugger.TypeScript.ScriptDebugger.#ctor">
            <summary>
            Initializes a new instance of the <c>ScriptDebugger</c> class with default settings.
            </summary>
        </member>
        <member name="E:Alternet.Scripter.Debugger.TypeScript.ScriptDebugger.ActiveThreadChanged">
            <summary>
            Occurs when thread to be debugged changes.
            </summary>
        </member>
        <member name="E:Alternet.Scripter.Debugger.TypeScript.ScriptDebugger.DebuggerErrorOccured">
            <summary>
            Occurs when encounters error during debugging session.
            </summary>
        </member>
        <member name="E:Alternet.Scripter.Debugger.TypeScript.ScriptDebugger.DebuggingStarted">
            <summary>
            Occurs when debugging session is started.
            </summary>
        </member>
        <member name="E:Alternet.Scripter.Debugger.TypeScript.ScriptDebugger.DebuggingStopped">
            <summary>
            Occurs when debugging session is stopped.
            </summary>
        </member>
        <member name="E:Alternet.Scripter.Debugger.TypeScript.ScriptDebugger.ExecutionResumed">
            <summary>
            Occurs when debugging is resumed after being paused.
            </summary>
        </member>
        <member name="E:Alternet.Scripter.Debugger.TypeScript.ScriptDebugger.ExecutionStopped">
            <summary>
            Occurs when debugging is paused.
            </summary>
        </member>
        <member name="E:Alternet.Scripter.Debugger.TypeScript.ScriptDebugger.LogMessageReceived">
            <summary>
            Occurs when debug message is received.
            </summary>
        </member>
        <member name="E:Alternet.Scripter.Debugger.TypeScript.ScriptDebugger.StackFrameSwitched">
            <summary>
            Occurs debugger switches to the stack frame.
            </summary>
        </member>
        <member name="E:Alternet.Scripter.Debugger.TypeScript.ScriptDebugger.StateChanged">
            <summary>
            Occurs when debugger state is changed.
            </summary>
        </member>
        <member name="P:Alternet.Scripter.Debugger.TypeScript.ScriptDebugger.EventsSyncAction">
            <summary>
            Gets or sets an action used to synchronize events raising.
            This is normally a function provided by the application to sync raised debugger events (for example, perform Control.Invoke)
            </summary>
        </member>
        <member name="P:Alternet.Scripter.Debugger.TypeScript.ScriptDebugger.IsStarted">
            <summary>
            Indicates whether debugging was started.
            </summary>
        </member>
        <member name="P:Alternet.Scripter.Debugger.TypeScript.ScriptDebugger.ScriptRun">
            <summary>
            Contains all information required to compile and run the script.
            </summary>
        </member>
        <member name="P:Alternet.Scripter.Debugger.TypeScript.ScriptDebugger.State">
            <summary>
            Gets current debugger state.
            </summary>
        </member>
        <member name="P:Alternet.Scripter.Debugger.TypeScript.ScriptDebugger.ExpressionEvaluator">
            <summary>
            Gets <c>IExpressionEvaluator</c> object used to evaluate expressions.
            </summary>
        </member>
        <member name="P:Alternet.Scripter.Debugger.TypeScript.ScriptDebugger.ScopeResolutionService">
            <summary>
            Gets <c>IExpressionEvaluator</c> object used to evaluate expressions.
            </summary>
        </member>
        <member name="P:Alternet.Scripter.Debugger.TypeScript.ScriptDebugger.Breakpoints">
            <summary>
            Returns collection of debugger breakpoints.
            </summary>
        </member>
        <member name="M:Alternet.Scripter.Debugger.TypeScript.ScriptDebugger.GetSessions(System.String)">
            <summary>
            Retrieves list of ChromeSessionInfo asynchronously by given URL.
            </summary>
            <param name="chromeUrl">Base address of the Internet resource.</param>
            <returns>List of ChromeSessionInfo.</returns>
        </member>
        <member name="M:Alternet.Scripter.Debugger.TypeScript.ScriptDebugger.EnableBreakpoint(Alternet.Scripter.Debugger.Breakpoint,System.Boolean)">
            <summary>
            Enables or disables specified breakpoint.
            </summary>
            <param name="breakpoint"><c>Breakpoint</c> to process.</param>
            <param name="enable">New breakpoint's state.</param>
        </member>
        <member name="M:Alternet.Scripter.Debugger.TypeScript.ScriptDebugger.ActivateThread(System.Int32)">
            <summary>
            Switches debugging to the specified thread.
            </summary>
            <param name="threadId">Thread ID to be activated.</param>
        </member>
        <member name="M:Alternet.Scripter.Debugger.TypeScript.ScriptDebugger.Break">
            <summary>
            Causes the given process to pause its execution so that its current state can be analyzed.
            </summary>
        </member>
        <member name="M:Alternet.Scripter.Debugger.TypeScript.ScriptDebugger.ClearTemporaryGeneratedModules">
            <summary>
            Clears temporary generated modules on disk.
            </summary>
        </member>
        <member name="M:Alternet.Scripter.Debugger.TypeScript.ScriptDebugger.Continue">
            <summary>
            Continues given process to the next breakpoint or until process finishes.
            </summary>
        </member>
        <member name="M:Alternet.Scripter.Debugger.TypeScript.ScriptDebugger.GetStackFramesAsync">
            <summary>
            Gets list of method calls that are currently on a stack.
            </summary>
        </member>
        <member name="M:Alternet.Scripter.Debugger.TypeScript.ScriptDebugger.GetVariablesInScopeAsync">
            <summary>
            Receives all local variables based on the current stack frame.
            </summary>
        </member>
        <member name="M:Alternet.Scripter.Debugger.TypeScript.ScriptDebugger.StartDebugging(Alternet.Scripter.Debugger.StartDebuggingOptions)">
            <summary>
            Starts executing the program from the entry point with specified settings.
            </summary>
            <param name="options">Debugging options.</param>
        </member>
        <member name="M:Alternet.Scripter.Debugger.TypeScript.ScriptDebugger.StartDebugging">
            <summary>
            Starts executing the program from the entry point with default settings.
            </summary>
        </member>
        <member name="M:Alternet.Scripter.Debugger.TypeScript.ScriptDebugger.StepInto">
            <summary>
            Executes one statement of code; steps into the next function call, if possible.
            </summary>
        </member>
        <member name="M:Alternet.Scripter.Debugger.TypeScript.ScriptDebugger.StepOver">
            <summary>
            Executes one statement of code; steps over the next function call.
            </summary>
        </member>
        <member name="M:Alternet.Scripter.Debugger.TypeScript.ScriptDebugger.StepOut">
            <summary>
            Executes one statement of code; steps out of the function currently being executed.
            </summary>
        </member>
        <member name="M:Alternet.Scripter.Debugger.TypeScript.ScriptDebugger.StopDebuggingAsync">
            <summary>
            Stops executing the program.
            </summary>
        </member>
        <member name="M:Alternet.Scripter.Debugger.TypeScript.ScriptDebugger.SwitchToStackFrame(Alternet.Scripter.Debugger.StackFrame)">
            <summary>
            Switches debugging to the given stack frame.
            </summary>
            <param name="frame"><c>StackFrame</c> to be switched to.</param>
        </member>
        <member name="M:Alternet.Scripter.Debugger.TypeScript.ScriptDebugger.SetRunToPositionBreakpoint(Alternet.Scripter.Debugger.RunToPositionBreakpoint)">
            <summary>
            Causes debugger to stop at the specified position.
            </summary>
            <param name="breakpoint">Position in the source file.</param>
        </member>
        <member name="M:Alternet.Scripter.Debugger.TypeScript.ScriptDebugger.TrySetNextStatementAsync(System.Int32)">
            <summary>
            Tries to set the execution point to the specified line of code.
            </summary>
            <param name="lineNumber">Line number to be going to.</param>
            <returns>Result of executing.</returns>
        </member>
        <member name="M:Alternet.Scripter.Debugger.TypeScript.ScriptDebugger.GetExecutionPositionAsync">
            <summary>
            Finds out current <c>ExecutionPosition</c> based on the current stack frame.
            </summary>
            <returns>Position of execution.</returns>
        </member>
        <member name="M:Alternet.Scripter.Debugger.TypeScript.ScriptDebugger.EvaluateExpressionAsync(Alternet.Scripter.Debugger.ExpressionEvaluationRequest,System.Threading.CancellationToken)">
            <summary>
            Evaluates an expression based on the current stack frame. If the expression can be parsed but not evaluated, an object is returned but will not contain a valid value.
            </summary>
            <param name="request">Data for expression evaluation request.</param>
            <param name="cancellationToken">Token allowing cancellation of request.</param>
            <returns>ExpressionEvaluationResult contains data of evaluated expression.</returns>
        </member>
        <member name="M:Alternet.Scripter.Debugger.TypeScript.ScriptDebugger.EvaluateCurrentExceptionAsync(System.Threading.CancellationToken)">
            <summary>
            Evaluates an expression based on the current stack frame. If the expression can be parsed but not evaluated, an object is returned but will not contain a valid value.
            </summary>
            <param name="cancellationToken">Token allowing cancellation of request.</param>
            <returns>ExpressionEvaluationResult contains data of evaluated expression.</returns>
        </member>
        <member name="M:Alternet.Scripter.Debugger.TypeScript.ScriptDebugger.EvaluateExpressionsAsync(System.Collections.Generic.IEnumerable{Alternet.Scripter.Debugger.ExpressionEvaluationRequest},System.Threading.CancellationToken)">
            <summary>
            Evaluates an expression based on the current stack frame. If the expression can be parsed but not evaluated, an object is returned but will not contain a valid value.
            </summary>
            <param name="requests">List of data for expression evaluation request.</param>
            <param name="cancellationToken">Token allowing cancellation of request.</param>
            <returns>ExpressionEvaluationResult contains data of evaluated expression.</returns>
        </member>
        <member name="T:Alternet.Scripter.Debugger.TypeScript.ScriptDebugger.ChromeSessionInfo">
            <summary>
            Provides data for the particular Internet session.
            </summary>
        </member>
        <member name="P:Alternet.Scripter.Debugger.TypeScript.ScriptDebugger.ChromeSessionInfo.Description">
            <summary>
            Gets or sets session description.
            </summary>
        </member>
        <member name="P:Alternet.Scripter.Debugger.TypeScript.ScriptDebugger.ChromeSessionInfo.Id">
            <summary>
            Gets or sets session ID.
            </summary>
        </member>
        <member name="P:Alternet.Scripter.Debugger.TypeScript.ScriptDebugger.ChromeSessionInfo.Title">
            <summary>
            Gets or sets session title.
            </summary>
        </member>
        <member name="P:Alternet.Scripter.Debugger.TypeScript.ScriptDebugger.ChromeSessionInfo.Type">
            <summary>
            Gets or sets session type.
            </summary>
        </member>
        <member name="P:Alternet.Scripter.Debugger.TypeScript.ScriptDebugger.ChromeSessionInfo.WebSocketDebuggerUrl">
            <summary>
            Gets or sets WebSocket debugger URL.
            </summary>
        </member>
        <member name="T:Alternet.Scripter.Debugger.TypeScript.IScriptDebugger">
            <summary>
            Provides methods and properties that allow developers to debug applications in the common language runtime (CLR) environment.
            </summary>
        </member>
        <member name="P:Alternet.Scripter.Debugger.TypeScript.IScriptDebugger.ScriptRun">
            <summary>
            When implemented by a class, contains all information required to compile and run the script
            </summary>
        </member>
    </members>
</doc>
