<?xml version="1.0"?>
<doc>
    <assembly>
        <name>Alternet.Scripter.TypeScript.v5</name>
    </assembly>
    <members>
        <member name="T:Alternet.Scripter.TypeScript.CompiledFile">
            <summary>
            Represents a particular compiled script file.
            </summary>
        </member>
        <member name="M:Alternet.Scripter.TypeScript.CompiledFile.#ctor(System.String,System.String,Alternet.Scripter.TypeScript.SourceMaps.SourceMap)">
            <summary>
            Initializes a new instance of the <c>CompiledFile</c> class with specified parameters.
            </summary>
            <param name="inputFilePath">Full file name of the original script code.</param>
            <param name="outputFilePath">Full file name of the generated script code.</param>
            <param name="sourceMap">SourceMap to bound original and generated code.</param>
        </member>
        <member name="P:Alternet.Scripter.TypeScript.CompiledFile.InputFilePath">
            <summary>
            Gets full file name of the original script code.
            </summary>
        </member>
        <member name="P:Alternet.Scripter.TypeScript.CompiledFile.OutputFilePath">
            <summary>
            Gets full file name of the generated script code.
            </summary>
        </member>
        <member name="P:Alternet.Scripter.TypeScript.CompiledFile.SourceMap">
            <summary>
            Gets a SourceMap to bound original and generated code.
            </summary>
        </member>
        <member name="T:Alternet.Scripter.TypeScript.FileRunnableScript">
            <summary>
            Represents compiled script assembly stored in the file system.
            </summary>
        </member>
        <member name="M:Alternet.Scripter.TypeScript.FileRunnableScript.#ctor(System.Collections.Generic.IEnumerable{Alternet.Scripter.TypeScript.CompiledFile})">
            <summary>
            Initializes a new instance of the <c>FileRunnableScript</c> class with specified list of files.
            </summary>
            <param name="files">List of files suitable for this script.</param>
        </member>
        <member name="P:Alternet.Scripter.TypeScript.FileRunnableScript.Files">
            <summary>
            Gets list of compiled files.
            </summary>
        </member>
        <member name="T:Alternet.Scripter.TypeScript.License.ScripterLicenseProvider">
            <summary>
            Implements license provider for <c>ScriptRun</c>.
            </summary>
        </member>
        <member name="T:Alternet.Scripter.TypeScript.InMemoryRunnableScript">
            <summary>
            Represents compiled script assembly stored in memory.
            </summary>
        </member>
        <member name="M:Alternet.Scripter.TypeScript.InMemoryRunnableScript.#ctor(System.String,Alternet.Scripter.TypeScript.SourceMaps.SourceMap)">
            <summary>
            Initializes a new instance of the <c>InMemoryRunnableScript</c> class with specified parameters.
            </summary>
            <param name="scriptCode">Script code to compile.</param>
            <param name="sourceMap">SourceMap for this new instance.</param>
        </member>
        <member name="P:Alternet.Scripter.TypeScript.InMemoryRunnableScript.ScriptCode">
            <summary>
            Gets a script code to compile.
            </summary>
        </member>
        <member name="P:Alternet.Scripter.TypeScript.InMemoryRunnableScript.SourceMap">
            <summary>
            Gets a SourceMap to bound original and generated code.
            </summary>
        </member>
        <member name="T:Alternet.Scripter.TypeScript.SourceMaps.MappingEntry">
            <summary>
            Represents properties and methods to bound between a particular positions inside original and generated source code.
            </summary>
        </member>
        <member name="M:Alternet.Scripter.TypeScript.SourceMaps.MappingEntry.#ctor(Alternet.Scripter.TypeScript.SourceMaps.SourcePosition,Alternet.Scripter.TypeScript.SourceMaps.SourcePosition,System.String,System.String)">
            <summary>
            Initializes a new instance of the <c>MappingEntry</c> class with specified parameters.
            </summary>
            <param name="generatedSourcePosition">The location of the line of code in the transformed code</param>
            <param name="originalSourcePosition">The location of the code in the original source code</param>
            <param name="originalName">The original name of the code referenced by this mapping entry</param>
            <param name="originalFileName">The name of the file that originally contained this code</param>
        </member>
        <member name="P:Alternet.Scripter.TypeScript.SourceMaps.MappingEntry.GeneratedSourcePosition">
            <summary>
            The location of the line of code in the transformed code
            </summary>
        </member>
        <member name="P:Alternet.Scripter.TypeScript.SourceMaps.MappingEntry.OriginalSourcePosition">
            <summary>
            The location of the code in the original source code
            </summary>
        </member>
        <member name="P:Alternet.Scripter.TypeScript.SourceMaps.MappingEntry.OriginalName">
            <summary>
            The original name of the code referenced by this mapping entry
            </summary>
        </member>
        <member name="P:Alternet.Scripter.TypeScript.SourceMaps.MappingEntry.OriginalFileName">
            <summary>
            The name of the file that originally contained this code
            </summary>
        </member>
        <member name="M:Alternet.Scripter.TypeScript.SourceMaps.MappingEntry.WithOriginalFileName(System.String)">
            <summary>
            Creates a new MappingEntry that contains the changed OriginalSourcePosition.
            </summary>
            <param name="value">New OriginalSourcePosition value.</param>
            <returns>Updated MappingEntry.</returns>
        </member>
        <member name="T:Alternet.Scripter.TypeScript.SourceMaps.SourceMap">
            <summary>
            Represents properties and methods to map between original source code and generated source code.
            </summary>
        </member>
        <member name="M:Alternet.Scripter.TypeScript.SourceMaps.SourceMap.#ctor(System.String,SourcemapToolkit.SourcemapParser.SourceMap)">
            <summary>
            Initializes a new instance of the <c>SourceMap</c> class with specified parameters.
            </summary>
            <param name="generatedFileName">Name of the generated file.</param>
            <param name="map">SourcemapToolkit.SourcemapParser.SourceMap for internal use.</param>
        </member>
        <member name="P:Alternet.Scripter.TypeScript.SourceMaps.SourceMap.GeneratedFileName">
            <summary>
            Gets name of the generated file.
            </summary>
        </member>
        <member name="M:Alternet.Scripter.TypeScript.SourceMaps.SourceMap.GetMappingEntryForGeneratedSourcePosition(Alternet.Scripter.TypeScript.SourceMaps.SourcePosition)">
            <summary>
            Finds entry for specified position in the generated source code.
            </summary>
            <param name="generatedSourcePosition">Position in the generated source code.</param>
            <returns>MappingEntry if succeed; otherwise null.</returns>
        </member>
        <member name="M:Alternet.Scripter.TypeScript.SourceMaps.SourceMap.GetMappingEntryForOriginalSourcePosition(System.String,Alternet.Scripter.TypeScript.SourceMaps.SourcePosition)">
            <summary>
            Finds entry for specified position in the original source code.
            </summary>
            <param name="originalFileName">File name of the original source code.</param>
            <param name="originalSourcePosition">Position in the original source code.</param>
            <returns>MappingEntry if succeed; otherwise null.</returns>
        </member>
        <member name="T:Alternet.Scripter.TypeScript.SourceMaps.SourcePosition">
            <summary>
            Represents properties and methods to describe a particular position inside script text.
            </summary>
        </member>
        <member name="M:Alternet.Scripter.TypeScript.SourceMaps.SourcePosition.#ctor(System.Int32,System.Int32)">
            <summary>
            Initializes a new instance of the <c>SourcePosition</c> class with specified parameters.
            </summary>
            <param name="zeroBasedLineNumber">Zero-based line number.</param>
            <param name="zeroBasedColumnNumber">Zero-based column number.</param>
        </member>
        <member name="P:Alternet.Scripter.TypeScript.SourceMaps.SourcePosition.ZeroBasedLineNumber">
            <summary>
            Gets zero-based line number.
            </summary>
        </member>
        <member name="P:Alternet.Scripter.TypeScript.SourceMaps.SourcePosition.ZeroBasedColumnNumber">
            <summary>
            Gets zero-based column number.
            </summary>
        </member>
        <member name="M:Alternet.Scripter.TypeScript.SourceMaps.SourcePosition.ToString">
            <inheritdoc />
        </member>
        <member name="T:Alternet.Scripter.TypeScript.ScriptConsts">
            <summary>
            Contains constants related to Scripter component.
            </summary>
        </member>
        <member name="T:Alternet.Scripter.TypeScript.RunnableScript">
            <summary>
            A base class represents compiled script assembly. This class is abstract.
            </summary>
        </member>
        <member name="T:Alternet.Scripter.TypeScript.ScriptRun">
            <summary>
            Represents runner for script engine.
            </summary>
        </member>
        <member name="M:Alternet.Scripter.TypeScript.ScriptRun.#ctor(System.ComponentModel.IContainer)">
            <summary>
            Initializes a new instance of the <c>ScriptRun</c> class with specified parameters.
            </summary>
            <param name="container">Specifies container of this new instance.</param>
        </member>
        <member name="M:Alternet.Scripter.TypeScript.ScriptRun.#ctor">
            <summary>
            Initializes a new instance of the <c>ScriptRun</c> class with default settings.
            </summary>
        </member>
        <member name="E:Alternet.Scripter.TypeScript.ScriptRun.ScriptCompiled">
            <summary>
            Occurs when the script engine running successfully.
            </summary>
        </member>
        <member name="E:Alternet.Scripter.TypeScript.ScriptRun.ScriptError">
            <summary>
            Occurs when the script engine running is failed.
            </summary>
        </member>
        <member name="E:Alternet.Scripter.TypeScript.ScriptRun.ScriptReset">
            <summary>
            Occurs when the script engine is reset.
            </summary>
        </member>
        <member name="E:Alternet.Scripter.TypeScript.ScriptRun.ScriptExecuted">
            <summary>
            Occurs when script engine executes the script.
            </summary>
        </member>
        <member name="E:Alternet.Scripter.TypeScript.ScriptRun.FileLoad">
            <summary>
            Occurs when script code is loaded from file.
            </summary>
        </member>
        <member name="E:Alternet.Scripter.TypeScript.ScriptRun.ScriptRunning">
            <summary>
            Occurs when script engine tries to running script.
            </summary>
        </member>
        <member name="P:Alternet.Scripter.TypeScript.ScriptRun.ScriptHost">
            <summary>
            Returns object that implements <c>IScriptHost</c> interface for this runner.
            </summary>
        </member>
        <member name="P:Alternet.Scripter.TypeScript.ScriptRun.ScriptSource">
            <summary>
            Gets source of the script to execute.
            </summary>
        </member>
        <member name="P:Alternet.Scripter.TypeScript.ScriptRun.ScriptLanguage">
            <summary>
            Gets or sets programming language of the script.
            </summary>
        </member>
        <member name="P:Alternet.Scripter.TypeScript.ScriptRun.CaseSensitive">
            <summary>
            When implemented by a class, indicates whether script language is case sensitive.
            </summary>
        </member>
        <member name="P:Alternet.Scripter.TypeScript.ScriptRun.WaitForDebuggerOnStart">
            <summary>
            Gets of sets a boolean value indicates whether script engine is to wait for a debugger connection and schedule a pause before executing the first line of application script code.
            </summary>
        </member>
        <member name="P:Alternet.Scripter.TypeScript.ScriptRun.Compiled">
            <summary>
            Gets boolean value indicating that script has been compiled and ready to be executed.
            </summary>
        </member>
        <member name="P:Alternet.Scripter.TypeScript.ScriptRun.Executed">
            <summary>
            Gets boolean value indicating that script has been compiled and ready to be executed.
            </summary>
        </member>
        <member name="P:Alternet.Scripter.TypeScript.ScriptRun.TypeDefinitionsSearchPaths">
            <summary>
            Gets or sets list of search directories to look for type definitions.
            </summary>
        </member>
        <member name="P:Alternet.Scripter.TypeScript.ScriptRun.LoadUserTypeDefinitions">
            <summary>
            Gets or sets whether users type definitions should be loaded.
            </summary>
        </member>
        <member name="P:Alternet.Scripter.TypeScript.ScriptRun.AutoGenerateTypeDefinitions">
            <summary>
            Gets or sets whether project should automatically generate type definitions if possible.
            </summary>
        </member>
        <member name="P:Alternet.Scripter.TypeScript.ScriptRun.ProjectDirectory">
            <summary>
            Gets or sets root project directory.
            </summary>
        </member>
        <member name="P:Alternet.Scripter.TypeScript.ScriptRun.EmbeddedTypeDefitionsLocations">
            <summary>
            Gets or sets a collection of EmbeddedTypeDefitionsLocation that belong to the project.
            </summary>
        </member>
        <member name="M:Alternet.Scripter.TypeScript.ScriptRun.OnScriptCompiled">
            <summary>
            Invokes <c>ScriptCompiled</c> event handler.
            </summary>
        </member>
        <member name="M:Alternet.Scripter.TypeScript.ScriptRun.OnScriptRunning">
            <summary>
            Invokes <c>ScriptRunning</c> event handler.
            </summary>
        </member>
        <member name="M:Alternet.Scripter.TypeScript.ScriptRun.OnScriptExecuted">
            <summary>
            Invokes <c>ScriptRunning</c> event handler.
            </summary>
        </member>
        <member name="M:Alternet.Scripter.TypeScript.ScriptRun.OnScriptError(Alternet.Scripter.ScriptErrorEventArgs)">
            <summary>
            Invokes <c>ScriptError</c> event handler.
            </summary>
        </member>
        <member name="M:Alternet.Scripter.TypeScript.ScriptRun.OnScriptReset">
            <summary>
            Invokes <c>ScriptReset</c> event handler.
            </summary>
        </member>
        <member name="M:Alternet.Scripter.TypeScript.ScriptRun.OnFileLoad(System.String)">
            <summary>
            Invokes <c>FileLoad</c> event handler.
            </summary>
            <param name="fileName"></param>
            <returns></returns>
        </member>
        <member name="M:Alternet.Scripter.TypeScript.ScriptRun.Run">
            <summary>
            Executes script starting from the main entry point.
            </summary>
            <returns>Return value of the script being executed.</returns>
        </member>
        <member name="M:Alternet.Scripter.TypeScript.ScriptRun.RunAsync(System.Threading.CancellationToken)">
            <summary>
            Executes script asynchronously starting from the main entry point.
            </summary>
            <param name="cancellationToken">Cancellation token.</param>
            <returns>Return value of the script being executed.</returns>
        </member>
        <member name="M:Alternet.Scripter.TypeScript.ScriptRun.RunFunction(System.String,System.Object[])">
            <summary>
            Executes specified function.
            </summary>
            <param name="function">Name of function to execute.</param>
            <returns>An object containing return value of the executed function.</returns>
            <param name="args">Array of function's parameters.</param>
        </member>
        <member name="M:Alternet.Scripter.TypeScript.ScriptRun.RunFunctionAsync(System.String,System.Object[],System.Threading.CancellationToken)">
            <summary>
            Executes specified function asynchronously.
            </summary>
            <param name="function">Name of function to execute.</param>
            <returns>An object containing return value of the executed function.</returns>
            <param name="args">Array of function's parameters.</param>
            <param name="cancellationToken">Cancellation token.</param>
        </member>
        <member name="M:Alternet.Scripter.TypeScript.ScriptRun.EvaluateExpression(System.String)">
            <summary>
            Evaluates specified expression.
            </summary>
            <param name="expression">Expression to evaluate.</param>
            <returns>An object containing return value of the expression being evaluated.</returns>
        </member>
        <member name="M:Alternet.Scripter.TypeScript.ScriptRun.EvaluateExpressionAsync(System.String,System.Threading.CancellationToken)">
            <summary>
            Evaluates specified expression asynchronously.
            </summary>
            <param name="expression">Expression to execute.</param>
            <param name="cancellationToken">Cancellation token.</param>
            <returns>An object containing return value of the expression being evaluated.</returns>
        </member>
        <member name="M:Alternet.Scripter.TypeScript.ScriptRun.LoadScript(System.String)">
            <summary>
            Load script from specified file.
            </summary>
            <param name="fileName">File name contains script to load.</param>
            <returns>String representation of loaded script.</returns>
        </member>
        <member name="M:Alternet.Scripter.TypeScript.ScriptRun.Compile">
            <summary>
            Initializes script engine and compiles the script.
            </summary>
            <returns>True if succeed, otherwise false.</returns>
        </member>
        <member name="M:Alternet.Scripter.TypeScript.ScriptRun.Reset">
            <summary>
             Resets the script engine and releases all resources.
            </summary>
        </member>
        <member name="M:Alternet.Scripter.TypeScript.ScriptRun.CreateScriptHost">
            <summary>
            Creates a new <c>IScriptHost</c> object with appropriate characteristics.
            </summary>
            <returns>Created <c>IScriptHost</c> object.</returns>
        </member>
        <member name="T:Alternet.Scripter.TypeScript.ScriptSource">
            <summary>
            Provides methods and properties to work with script text, files or projects.
            </summary>
        </member>
        <member name="M:Alternet.Scripter.TypeScript.ScriptSource.#ctor(Alternet.Scripter.TypeScript.IScriptRun)">
            <summary>
            Initializes a new instance of the <c>ScriptSource</c> class with specified script runner.
            </summary>
            <param name="scriptRun">Specifies object that implements <c>IScriptRun</c> interface for this new instance.</param>
        </member>
        <member name="P:Alternet.Scripter.TypeScript.ScriptSource.ProjectFileName">
            <summary>
            Gets a file name of the Visual Studio project containing script files to execute.
            </summary>
        </member>
        <member name="P:Alternet.Scripter.TypeScript.ScriptSource.ProjectName">
            <summary>
            Gets or sets name of the Visual Studio project containing script files to execute.
            </summary>
        </member>
        <member name="P:Alternet.Scripter.TypeScript.ScriptSource.Language">
            <summary>
            Returns script programming language.
            </summary>
        </member>
        <member name="P:Alternet.Scripter.TypeScript.ScriptSource.RootNamespace">
            <summary>
            Gets or sets name of the Visual Studio project containing script files to execute.
            </summary>
        </member>
        <member name="P:Alternet.Scripter.TypeScript.ScriptSource.Files">
            <summary>
            Gets list of files containing script to execute.
            </summary>
        </member>
        <member name="P:Alternet.Scripter.TypeScript.ScriptSource.SearchPaths">
            <summary>
            Gets list of search directories to look for source files. 
            </summary>
        </member>
        <member name="P:Alternet.Scripter.TypeScript.ScriptSource.ScriptFile">
            <summary>
            Gets single script file to execute.
            </summary> 
        </member>
        <member name="P:Alternet.Scripter.TypeScript.ScriptSource.ScriptCode">
            <summary>
            Gets script code to execute.
            </summary>
        </member>
        <member name="P:Alternet.Scripter.TypeScript.ScriptSource.Expression">
            <summary>
            Gets expression to evaluate.
            </summary>
        </member>
        <member name="P:Alternet.Scripter.TypeScript.ScriptSource.HasProject">
            <summary>
            Returns boolean value indicating whether <c>ScriptSource</c> is associated with the project.
            </summary>
        </member>
        <member name="P:Alternet.Scripter.TypeScript.ScriptSource.HasScriptFile">
            <summary>
            Returns boolean value indicating whether <c>ScriptSource</c> contains script file to execute.
            </summary>
        </member>
        <member name="P:Alternet.Scripter.TypeScript.ScriptSource.HasScriptCode">
            <summary>
            Returns boolean value indicating whether <c>ScriptSource</c> contains script code to execute.
            </summary>
        </member>
        <member name="P:Alternet.Scripter.TypeScript.ScriptSource.HasExpression">
            <summary>
            Returns boolean value indicating whether <c>ScriptSource</c> contains expression to evaluate.
            </summary>
        </member>
        <member name="P:Alternet.Scripter.TypeScript.ScriptSource.Changed">
            <summary>
            Gets or sets boolean value indicating if script source has been modified since last compilation.
            </summary>
        </member>
        <member name="M:Alternet.Scripter.TypeScript.ScriptSource.Reset">
            <summary>
            Clears script source.
            </summary>
        </member>
        <member name="M:Alternet.Scripter.TypeScript.ScriptSource.FromScriptProject(System.String)">
            <summary>
            Loads script source from the Visual Studio project.
            </summary>
            <param name="projectFileName">Project file name to load script.</param>
            <returns>Modified IScrptSource instance</returns>
        </member>
        <member name="M:Alternet.Scripter.TypeScript.ScriptSource.FromScriptFile(System.String)">
            <summary>
            Loads script source from the script file.
            </summary>
            <param name="fileName">File Name to load the script.</param>
            <returns>Modified IScrptSource instance</returns>
        </member>
        <member name="M:Alternet.Scripter.TypeScript.ScriptSource.FromScriptCode(System.String)">
            <summary>
            Loads script source from the script code.
            </summary>
            <param name="scriptCode">Script code to execute.</param>
            <returns>Modified IScrptSource instance</returns>
        </member>
        <member name="M:Alternet.Scripter.TypeScript.ScriptSource.FromExpression(System.String)">
            <summary>
            Loads script source from the expression.
            </summary>
            <param name="expression">Expression to evaluate.</param>
            <returns>Modified IScrptSource instance</returns>
        </member>
        <member name="M:Alternet.Scripter.TypeScript.ScriptSource.GetLastModifiedDate(System.String)">
            <summary>
            Gets file date time when script source was compiled.
            </summary>
            <param name="fileName">FileName to check last modified date.</param>
            <returns>File date of the given file at the time it was compiled.</returns>
        </member>
        <member name="M:Alternet.Scripter.TypeScript.ScriptSource.HasBeenModified(Alternet.Scripter.TypeScript.IScriptSource)">
            <summary>
            Compares file modification dates against to other script source.
            </summary>
            <param name="other">IScriptSource to compare.</param>
            <returns>True, if source has been changed since last compilation; otherwise false.</returns>
        </member>
        <member name="M:Alternet.Scripter.TypeScript.ScriptSource.Equals(Alternet.Scripter.TypeScript.IScriptSource)">
            <summary>
            Determines whether the specified <c>IScriptSource</c> is equal to the current <c>ScriptSource</c>.
            </summary>
            <param name="other">The <c>IScriptSource</c> to compare with the current source.</param>
            <returns>True if the specified source is equal to the current source; otherwise, false.</returns>
        </member>
        <member name="M:Alternet.Scripter.TypeScript.ScriptSource.Clone">
            <summary>
            Creates a new object that is a copy of the current <c>ScriptSource</c> object.
            </summary>
            <returns>A new instance of ScriptSource that is the memberwise clone of the current ScriptSource object.</returns>
        </member>
        <member name="T:Alternet.Scripter.TypeScript.IScriptSource">
            <summary>
            Represents methods and properties to work with script text, files or projects.
            </summary>
        </member>
        <member name="P:Alternet.Scripter.TypeScript.IScriptSource.ProjectFileName">
            <summary>
            When implemented by a class, gets a file name of the Visual Studio project containing script files to execute.
            </summary>
        </member>
        <member name="P:Alternet.Scripter.TypeScript.IScriptSource.ProjectName">
            <summary>
            When implemented by a class, gets or sets name of the Visual Studio project containing script files to execute.
            </summary>
        </member>
        <member name="P:Alternet.Scripter.TypeScript.IScriptSource.RootNamespace">
            <summary>
            When implemented by a class, gets or sets root namespace to be used for manifest resources.
            </summary>
        </member>
        <member name="P:Alternet.Scripter.TypeScript.IScriptSource.Files">
            <summary>
            When implemented by a class, gets list of files containing script to execute.
            </summary>
        </member>
        <member name="P:Alternet.Scripter.TypeScript.IScriptSource.SearchPaths">
            <summary>
            When implemented by a class, gets list of search directories to look for source files. 
            </summary>
        </member>
        <member name="P:Alternet.Scripter.TypeScript.IScriptSource.ScriptFile">
            <summary>
            When implemented by a class, gets single script file to execute.
            </summary>
        </member>
        <member name="P:Alternet.Scripter.TypeScript.IScriptSource.ScriptCode">
            <summary>
            When implemented by a class, gets script code to execute.
            </summary>
        </member>
        <member name="P:Alternet.Scripter.TypeScript.IScriptSource.Expression">
            <summary>
            When implemented by a class, gets expression to evaluate.
            </summary>
        </member>
        <member name="P:Alternet.Scripter.TypeScript.IScriptSource.HasProject">
            <summary>
            When implemented by a class, returns boolean value indicating whether <c>ScriptSource</c> is associated with the project.
            </summary>
        </member>
        <member name="P:Alternet.Scripter.TypeScript.IScriptSource.HasScriptFile">
            <summary>
            When implemented by a class, returns boolean value indicating whether <c>ScriptSource</c> contains script file to execute.
            </summary>
        </member>
        <member name="P:Alternet.Scripter.TypeScript.IScriptSource.HasScriptCode">
            <summary>
            When implemented by a class, returns boolean value indicating whether <c>ScriptSource</c> contains script code to execute.
            </summary>
        </member>
        <member name="P:Alternet.Scripter.TypeScript.IScriptSource.HasExpression">
            <summary>
            When implemented by a class, returns boolean value indicating whether <c>ScriptSource</c> contains expression to evaluate.
            </summary>
        </member>
        <member name="P:Alternet.Scripter.TypeScript.IScriptSource.Language">
            <summary>
            When implemented by a class, returns script programming language.
            </summary>
        </member>
        <member name="P:Alternet.Scripter.TypeScript.IScriptSource.Changed">
            <summary>
            When implemented by a class, gets or sets boolean value indicating if script source has been modified since last compilation.
            </summary>
        </member>
        <member name="M:Alternet.Scripter.TypeScript.IScriptSource.Reset">
            <summary>
            When implemented by a class, clears script source.
            </summary>
        </member>
        <member name="M:Alternet.Scripter.TypeScript.IScriptSource.FromScriptProject(System.String)">
            <summary>
            When implemented by a class, loads script source from the TypeScript project.
            </summary>
            <param name="projectFileName">Project file name to load script.</param>
            <returns>Modified IScrptSource instance</returns>
        </member>
        <member name="M:Alternet.Scripter.TypeScript.IScriptSource.FromScriptFile(System.String)">
            <summary>
            When implemented by a class, loads script source from the script file.
            </summary>
            <param name="fileName">File Name to load the script.</param>
            <returns>Modified IScrptSource instance</returns>
        </member>
        <member name="M:Alternet.Scripter.TypeScript.IScriptSource.FromScriptCode(System.String)">
            <summary>
            When implemented by a class, loads script source from the script code.
            </summary>
            <param name="scriptCode">Script code to execute.</param>
            <returns>Modified IScrptSource instance</returns>
        </member>
        <member name="M:Alternet.Scripter.TypeScript.IScriptSource.FromExpression(System.String)">
            <summary>
            When implemented by a class, loads script source from the expression.
            </summary>
            <param name="expression">Expression to evaluate.</param>
            <returns>Modified IScrptSource instance</returns>
        </member>
        <member name="M:Alternet.Scripter.TypeScript.IScriptSource.GetLastModifiedDate(System.String)">
            <summary>
            When implemented by a class, gets file date time when script source was compiled.
            </summary>
            <param name="fileName">FileName to check last modified date.</param>
            <returns>File date of the given file at the time it was compiled.</returns>
        </member>
        <member name="M:Alternet.Scripter.TypeScript.IScriptSource.HasBeenModified(Alternet.Scripter.TypeScript.IScriptSource)">
            <summary>
            When implemented by a class, compares file modification dates against to other script source.
            </summary>
            <param name="other">IScriptSource to compare.</param>
            <returns>True, if source has been changed since last compilation; otherwise false.</returns>
        </member>
        <member name="T:Alternet.Scripter.TypeScript.ScriptHost">
            <summary>
            Provides a base class for script execution. This class is abstract.
            </summary>
        </member>
        <member name="M:Alternet.Scripter.TypeScript.ScriptHost.#ctor(Alternet.Scripter.TypeScript.IScriptRun)">
            <summary>
            Initializes a new instance of <c>ScriptHost</c> with specified script runner.
            </summary>
            <param name="scriptRun"></param>
        </member>
        <member name="M:Alternet.Scripter.TypeScript.ScriptHost.Finalize">
            <summary>
            Destroys the instance of the <c>ScriptHost</c> class.
            </summary>
        </member>
        <member name="P:Alternet.Scripter.TypeScript.ScriptHost.ScriptRun">
            <summary>
            Gets <c>IScriptRun</c> associated this script host.
            </summary>
        </member>
        <member name="P:Alternet.Scripter.TypeScript.ScriptHost.RunnableScript">
            <summary>
            Returns compiled script assembly.
            </summary>
        </member>
        <member name="P:Alternet.Scripter.TypeScript.ScriptHost.CompilerErrors">
            <summary>
            Gets list of compiler errors associated with the script being executed.
            </summary>
        </member>
        <member name="P:Alternet.Scripter.TypeScript.ScriptHost.CompileFailed">
            <summary>
            Gets or sets boolean value indicating unsuccessful script compilation.
            </summary>
        </member>
        <member name="P:Alternet.Scripter.TypeScript.ScriptHost.ModulesDirectoryPath">
            <summary>
            Gets or sets path for compiled script assemblies.
            </summary>
        </member>
        <member name="P:Alternet.Scripter.TypeScript.ScriptHost.Compiled">
            <summary>
            Gets boolean value indicating that script has been compiled and ready to be executed.
            </summary>
        </member>
        <member name="P:Alternet.Scripter.TypeScript.ScriptHost.OutputFileName">
            <summary>
            Gets script assembly file name.
            </summary>
        </member>
        <member name="P:Alternet.Scripter.TypeScript.ScriptHost.HostItemsConfiguration">
            <summary>
            Gets script host configuration.
            </summary>
        </member>
        <member name="M:Alternet.Scripter.TypeScript.ScriptHost.Compile">
            <summary>
            Initializes script engine and compiles the script.
            </summary>
            <returns>True if succeed, otherwise false.</returns>
        </member>
        <member name="M:Alternet.Scripter.TypeScript.ScriptHost.Reset">
            <summary>
            Removes the script engine from the running state and disconnects automatically bound event handlers.
            </summary>
        </member>
        <member name="M:Alternet.Scripter.TypeScript.ScriptHost.Run">
            <summary>
            Executes script starting from the main entry point.
            </summary>
            <returns>Return value of the script being executed.</returns>
        </member>
        <member name="M:Alternet.Scripter.TypeScript.ScriptHost.RunAsync(System.Threading.CancellationToken)">
            <summary>
            Executes script asynchronously starting from the main entry point.
            </summary>
            <param name="cancellationToken">Cancellation token.</param>
            <returns>Return value of the script being executed.</returns>
        </member>
        <member name="M:Alternet.Scripter.TypeScript.ScriptHost.RunFunction(System.String,System.Object[])">
            <summary>
            Executes specified function.
            </summary>
            <param name="functionName">Name of function to execute.</param>
            <returns>An object containing return value of the executed function.</returns>
            <param name="args">Array of function's parameters.</param>
        </member>
        <member name="M:Alternet.Scripter.TypeScript.ScriptHost.RunFunctionAsync(System.String,System.Object[],System.Threading.CancellationToken)">
            <summary>
            Executes specified function asynchronously.
            </summary>
            <param name="function">Name of function to execute.</param>
            <returns>An object containing return value of the executed function.</returns>
            <param name="args">Array of function's parameters.</param>
            <param name="cancellationToken">Cancellation token.</param>
        </member>
        <member name="M:Alternet.Scripter.TypeScript.ScriptHost.EvaluateExpression(System.String)">
            <summary>
            Evaluates specified expression.
            </summary>
            <param name="expression">Expression to evaluate.</param>
            <returns>An object containing return value of the expression being evaluated.</returns>
        </member>
        <member name="M:Alternet.Scripter.TypeScript.ScriptHost.EvaluateExpressionAsync(System.String,System.Threading.CancellationToken)">
            <summary>
            Evaluates specified expression asynchronously.
            </summary>
            <param name="expression">Expression to execute.</param>
            <param name="cancellationToken">Cancellation token.</param>
            <returns>An object containing return value of the expression being evaluated.</returns>
        </member>
        <member name="M:Alternet.Scripter.TypeScript.ScriptHost.Dispose">
            <summary>
            Disposes this <c>ScriptHost</c> and frees resources associated with it.
            </summary>
        </member>
        <member name="T:Alternet.Scripter.TypeScript.ScriptLanguage">
            <summary>
            Defines programming language used by the script engine.
            </summary>
        </member>
        <member name="F:Alternet.Scripter.TypeScript.ScriptLanguage.TypeScript">
            <summary>
            Specifies TypeScript language.
            </summary>
        </member>
        <member name="F:Alternet.Scripter.TypeScript.ScriptLanguage.JavaScript">
            <summary>
            Specifies JavaScript language.
            </summary>
        </member>
        <member name="T:Alternet.Scripter.TypeScript.IScriptHost">
            <summary>
            Represents methods and properties declaration to support a script engine functionality.
            </summary>
        </member>
        <member name="P:Alternet.Scripter.TypeScript.IScriptHost.OutputFileName">
            <summary>
            When implemented by a class, gets script assembly file name.
            </summary>
        </member>
        <member name="P:Alternet.Scripter.TypeScript.IScriptHost.Compiled">
            <summary>
            When implemented by a class, gets boolean value indicating that script has been compiled and ready to be executed.
            </summary>
        </member>
        <member name="P:Alternet.Scripter.TypeScript.IScriptHost.CompileFailed">
            <summary>
            When implemented by a class, gets or sets boolean value indicating unsuccessful script compilation.
            </summary>
        </member>
        <member name="P:Alternet.Scripter.TypeScript.IScriptHost.CompilerErrors">
            <summary>
            When implemented by a class, gets list of compiler errors associated with the script being executed.
            </summary>
        </member>
        <member name="P:Alternet.Scripter.TypeScript.IScriptHost.ModulesDirectoryPath">
            <summary>
            When implemented by a class, gets or sets path for compiled script assemblies.
            </summary>
        </member>
        <member name="P:Alternet.Scripter.TypeScript.IScriptHost.HostItemsConfiguration">
            <summary>
            When implemented by a class, gets script host configuration
            </summary>
        </member>
        <member name="P:Alternet.Scripter.TypeScript.IScriptHost.RunnableScript">
            <summary>
            When implemented by a class, returns compiled script assembly.
            </summary>
        </member>
        <member name="P:Alternet.Scripter.TypeScript.IScriptHost.ScriptRun">
            <summary>
            When implemented by a class, gets <c>IScriptRun</c> associated this script host.
            </summary>
        </member>
        <member name="M:Alternet.Scripter.TypeScript.IScriptHost.Compile">
            <summary>
            When implemented by a class, initializes script engine and compiles the script.
            </summary>
            <returns>True if succeed, otherwise false.</returns>
        </member>
        <member name="M:Alternet.Scripter.TypeScript.IScriptHost.EvaluateExpression(System.String)">
            <summary>
            When implemented by a class, evaluates specified expression.
            </summary>
            <param name="expression">Expression to evaluate.</param>
            <returns>An object containing return value of the expression being evaluated.</returns>
        </member>
        <member name="M:Alternet.Scripter.TypeScript.IScriptHost.EvaluateExpressionAsync(System.String,System.Threading.CancellationToken)">
            <summary>
            When implemented by a class, evaluates specified expression asynchronously.
            </summary>
            <param name="expression">Expression to execute.</param>
            <param name="cancellationToken">Cancellation token.</param>
            <returns>An object containing return value of the expression being evaluated.</returns>
        </member>
        <member name="M:Alternet.Scripter.TypeScript.IScriptHost.Reset">
            <summary>
            When implemented by a class, closes the script engine and releases all resources.
            </summary>
        </member>
        <member name="M:Alternet.Scripter.TypeScript.IScriptHost.Run">
            <summary>
            When implemented by a class, executes script starting from the main entry point.
            </summary>
            <returns>Return value of the script being executed.</returns>
        </member>
        <member name="M:Alternet.Scripter.TypeScript.IScriptHost.RunAsync(System.Threading.CancellationToken)">
            <summary>
            When implemented by a class, executes script asynchronously starting from the main entry point.
            </summary>
            <param name="cancellationToken">Cancellation token.</param>
            <returns>Return value of the script being executed.</returns>
        </member>
        <member name="M:Alternet.Scripter.TypeScript.IScriptHost.RunFunction(System.String,System.Object[])">
            <summary>
            When implemented by a class, executes specified function.
            </summary>
            <param name="functionName">Name of function to execute.</param>
            <returns>An object containing return value of the executed function.</returns>
            <param name="args">Array of functions's parameters.</param>
        </member>
        <member name="M:Alternet.Scripter.TypeScript.IScriptHost.RunFunctionAsync(System.String,System.Object[],System.Threading.CancellationToken)">
            <summary>
            When implemented by a class, executes specified function asynchronously.
            </summary>
            <param name="functionName">Name of function to execute.</param>
            <returns>An object containing return value of the executed function.</returns>
            <param name="args">Array of function's parameters.</param>
            <param name="cancellationToken">Cancellation token.</param>
        </member>
        <member name="T:Alternet.Scripter.TypeScript.IScriptRun">
            <summary>
            Represents methods and properties declaration to describe runner for script engine.
            </summary>
        </member>
        <member name="P:Alternet.Scripter.TypeScript.IScriptRun.ScriptHost">
            <summary>
            When implemented by a class, returns object that implements <c>IScriptHost</c> interface for this runner.
            </summary>
        </member>
        <member name="P:Alternet.Scripter.TypeScript.IScriptRun.ScriptSource">
            <summary>
            When implemented by a class, gets source of the script to execute.
            </summary>
        </member>
        <member name="P:Alternet.Scripter.TypeScript.IScriptRun.ScriptLanguage">
            <summary>
            When implemented by a class, gets or sets programming language of the script.
            </summary>
        </member>
        <member name="P:Alternet.Scripter.TypeScript.IScriptRun.WaitForDebuggerOnStart">
            <summary>
            When implemented by a class, gets of sets a boolean value indicates whether script engine is to wait for a debugger connection and schedule a pause before executing the first line of application script code.
            </summary>
        </member>
        <member name="M:Alternet.Scripter.TypeScript.IScriptRun.RunAsync(System.Threading.CancellationToken)">
            <summary>
            When implemented by a class, executes script asynchronously starting from the main entry point.
            </summary>
            <param name="cancellationToken">Cancellation token.</param>
            <returns>Return value of the script being executed.</returns>
        </member>
        <member name="M:Alternet.Scripter.TypeScript.IScriptRun.RunFunction(System.String,System.Object[])">
            <summary>
            When implemented by a class, executes specified function.
            </summary>
            <param name="function">Name of function to execute.</param>
            <returns>An object containing return value of the executed function.</returns>
            <param name="args">Array of function's parameters.</param>
        </member>
        <member name="M:Alternet.Scripter.TypeScript.IScriptRun.RunFunctionAsync(System.String,System.Object[],System.Threading.CancellationToken)">
            <summary>
            When implemented by a class, executes specified function asynchronously.
            </summary>
            <param name="function">Name of function to execute.</param>
            <returns>An object containing return value of the executed function.</returns>
            <param name="args">Array of function's parameters.</param>
            <param name="cancellationToken">Cancellation token.</param>
        </member>
        <member name="M:Alternet.Scripter.TypeScript.IScriptRun.EvaluateExpressionAsync(System.String,System.Threading.CancellationToken)">
            <summary>
            When implemented by a class, evaluates specified expression asynchronously.
            </summary>
            <param name="expression">Expression to execute.</param>
            <param name="cancellationToken">Cancellation token.</param>
            <returns>An object containing return value of the expression being evaluated.</returns>
        </member>
        <member name="M:Alternet.Scripter.TypeScript.IScriptRun.CreateScriptHost">
            <summary>
            When implemented by a class, creates a new <c>IScriptHost</c> object with appropriate characteristics.
            </summary>
            <returns>Created <c>IScriptHost</c> object.</returns>
        </member>
        <member name="T:Alternet.Scripter.TypeScript.ClearScriptScriptHost">
            <summary>
            Provides properties and methods to support script engine functionality based on <c>System.CodeDom.Compiler</c> technology.
            </summary>
        </member>
        <member name="M:Alternet.Scripter.TypeScript.ClearScriptScriptHost.#ctor(Alternet.Scripter.TypeScript.IScriptRun)">
            <summary>
            Initializes a new instance of the <c>CodeDomScriptHost</c> class with specified script runner.
            </summary>
            <param name="scriptRun">Specifies object that implements <c>IScriptRun</c> interface for this new instance.</param>
        </member>
        <member name="P:Alternet.Scripter.TypeScript.ClearScriptScriptHost.Compiled">
            <summary>
            Gets boolean value indicating that script has been compiled and ready to be executed.
            </summary>
        </member>
        <member name="P:Alternet.Scripter.TypeScript.ClearScriptScriptHost.NeedToRecreateEngine">
            <summary>
            Gets or sets a boolean value indicates whether Engine need to be recreated.
            </summary>
        </member>
        <member name="P:Alternet.Scripter.TypeScript.ClearScriptScriptHost.RunnableScript">
            <summary>
            Returns compiled script assembly.
            </summary>
        </member>
        <member name="P:Alternet.Scripter.TypeScript.ClearScriptScriptHost.ScriptCompiled">
            <summary>
            Indicates whether script has been successfully compiled.
            </summary>
        </member>
        <member name="M:Alternet.Scripter.TypeScript.ClearScriptScriptHost.Interrupt">
            <summary>
            Interrupts script execution and causes the script engine to throw an exception.
            </summary>
        </member>
        <member name="M:Alternet.Scripter.TypeScript.ClearScriptScriptHost.Compile">
            <summary>
            Initializes script engine and compiles the script.
            </summary>
            <returns>True if succeed, otherwise false.</returns>
        </member>
        <member name="M:Alternet.Scripter.TypeScript.ClearScriptScriptHost.Reset">
            <summary>
            Removes the script engine from the running state and disconnects automatically bound event handlers.
            </summary>
        </member>
    </members>
</doc>
