<?xml version="1.0"?>
<doc>
    <assembly>
        <name>Alternet.FormDesigner.Roslyn.v5</name>
    </assembly>
    <members>
        <member name="T:Alternet.FormDesigner.WinForms.Roslyn.EventBindingServiceCSharp">
            <summary>
            This class provides a default implementation of the event binding service.
            </summary>
        </member>
        <member name="M:Alternet.FormDesigner.WinForms.Roslyn.EventBindingServiceCSharp.#ctor(System.IServiceProvider,Alternet.FormDesigner.WinForms.InsertTextIntoCodeDelegate,System.Func{System.IO.Stream},System.String,System.String,System.Func{Alternet.FormDesigner.WinForms.NavigateToUserMethodRequestedEventArgs,System.Boolean})">
            <summary>
            Initializes a new instance of the <c>EventBindingServiceCSharp</c> class with specified settings.
            </summary>
            <param name="provider"><c>IServiceProvider</c> for this new instance.</param>
            <param name="insertTextIntoCodeFunc">Method used to insert text into the code.</param>
            <param name="openStreamForReadingFunc">Method used to open stream in read mode.</param>
            <param name="designedClassName">Name of the class being designed.</param>
            <param name="showUserCodeFunc">Method used to show user code.</param>
            <remarks>You must provide a service provider to the binding service. We give it our host.</remarks>
        </member>
        <member name="M:Alternet.FormDesigner.WinForms.Roslyn.EventBindingServiceCSharp.GetCompatibleMethods(System.ComponentModel.EventDescriptor)">
            <summary>
            Retrieves a collection of strings.  Each string is the name of a method
            in user code that has a signature that is compatible with the given event.
            </summary>
            <param name="e">Condition for methods.</param>
            <returns>List of methods suitable specified condition.</returns>
        </member>
        <member name="M:Alternet.FormDesigner.WinForms.Roslyn.EventBindingServiceCSharp.UseMethod(System.Object,System.ComponentModel.EventDescriptor,System.String)">
            This provides a notification that a particular method
            is being used by an event handler.  Some implementations
            may want to remove the event hander when no events are using
            it.  By overriding UseMethod and FreeMethod, an implementation
            can know when a method is no longer needed.
        </member>
        <member name="M:Alternet.FormDesigner.WinForms.Roslyn.EventBindingServiceRoslyn.#ctor(System.IServiceProvider,Alternet.FormDesigner.WinForms.InsertTextIntoCodeDelegate,System.Func{System.IO.Stream},System.String,System.String,System.Func{Alternet.FormDesigner.WinForms.NavigateToUserMethodRequestedEventArgs,System.Boolean})">
            <summary>
            Initializes a new instance of the <c>EventBindingServiceCSharp</c> class with specified settings.
            </summary>
            <param name="provider"><c>IServiceProvider</c> for this new instance.</param>
            <param name="insertTextIntoCodeFunc">Method used to insert text into the code.</param>
            <param name="openStreamForReadingFunc">Method used to open stream in read mode.</param>
            <param name="designedClassName">Name of the class being designed.</param>
            <param name="showUserCodeFunc">Method used to show user code.</param>
            <remarks>You must provide a service provider to the binding service. We give it our host.</remarks>
        </member>
        <member name="M:Alternet.FormDesigner.WinForms.Roslyn.EventBindingServiceRoslyn.Finalize">
            <summary>
            Destroys the instance of the <c>EventBindingServiceTypeScript</c> class.
            </summary>
        </member>
        <member name="M:Alternet.FormDesigner.WinForms.Roslyn.EventBindingServiceRoslyn.Dispose">
            <summary>
            Disposes resources allocated by the <c>EventBindingServiceTypeScript</c> class.
            </summary>
        </member>
        <member name="T:Alternet.FormDesigner.WinForms.Roslyn.EventBindingServiceVB">
            This class provides a default implementation of the event
            binding service.
        </member>
        <member name="M:Alternet.FormDesigner.WinForms.Roslyn.EventBindingServiceVB.#ctor(System.IServiceProvider,Alternet.FormDesigner.WinForms.InsertTextIntoCodeDelegate,System.Func{System.IO.Stream},System.String,System.String,System.Func{Alternet.FormDesigner.WinForms.NavigateToUserMethodRequestedEventArgs,System.Boolean})">
            <summary>
            Initializes a new instance of the <c>EventBindingServiceVB</c> class with specified settings.
            </summary>
            <param name="provider"><c>IServiceProvider</c> for this new instance.</param>
            <param name="insertTextIntoCodeFunc">Method used to insert text into the code.</param>
            <param name="openStreamForReadingFunc">Method used to open stream in read mode.</param>
            <param name="designedClassName">Name of the class being designed.</param>
            <param name="showUserCodeFunc">Method used to show user code.</param>
            <remarks>You must provide a service provider to the binding service. We give it our host.</remarks>
        </member>
        <member name="M:Alternet.FormDesigner.WinForms.Roslyn.EventBindingServiceVB.GetCompatibleMethods(System.ComponentModel.EventDescriptor)">
            <summary>
            Retrieves a collection of strings.  Each string is the name of a method
            in user code that has a signature that is compatible with the given event.
            </summary>
            <param name="e">Condition for methods.</param>
            <returns>List of methods suitable specified condition.</returns>
        </member>
        <member name="M:Alternet.FormDesigner.WinForms.Roslyn.EventBindingServiceVB.UseMethod(System.Object,System.ComponentModel.EventDescriptor,System.String)">
            This provides a notification that a particular method
            is being used by an event handler.  Some implementations
            may want to remove the event hander when no events are using
            it.  By overriding UseMethod and FreeMethod, an implementation
            can know when a method is no longer needed.
        </member>
    </members>
</doc>
