<?xml version="1.0"?>
<doc>
    <assembly>
        <name>Alternet.Syntax.Parsers.Generic.v5</name>
    </assembly>
    <members>
        <member name="M:Alternet.Syntax.Parsers.Generic.SchemeParser.#ctor">
            <summary>
            Initializes a new instance of the <c>SchemeParser</c> class with default settings.
            </summary>
        </member>
        <member name="P:Alternet.Syntax.Parsers.Generic.SchemeParser.XmlScheme">
            <summary>
            Gets or sets an xml representation of <c>Scheme</c> property.
            </summary>
        </member>
        <member name="P:Alternet.Syntax.Parsers.Generic.SchemeParser.Scheme">
            <summary>
            Gets or sets list of rules for lexical analysis.
            </summary>
        </member>
        <member name="M:Alternet.Syntax.Parsers.Generic.AssemblerParser.#ctor">
            <summary>
            Initializes a new instance of the <c>AssemblerParser</c> class with default settings.
            </summary>
        </member>
        <member name="M:Alternet.Syntax.Parsers.Generic.BatchParser.#ctor">
            <summary>
            Initializes a new instance of the <c>BatchParser</c> class with default settings.
            </summary>
        </member>
        <member name="M:Alternet.Syntax.Parsers.Generic.C_SchemeParser.#ctor">
            <summary>
            Initializes a new instance of the <c>C_SchemeParser</c> class with default settings.
            </summary>
        </member>
        <member name="M:Alternet.Syntax.Parsers.Generic.Cs_SchemeParser.#ctor">
            <summary>
            Initializes a new instance of the <c>Cs_SchemeParser</c> class with default settings.
            </summary>
        </member>
        <member name="M:Alternet.Syntax.Parsers.Generic.CBuilderParser.#ctor">
            <summary>
            Initializes a new instance of the <c>CBuilderParser</c> class with default settings.
            </summary>
        </member>
        <member name="M:Alternet.Syntax.Parsers.Generic.DelphiParser.#ctor">
            <summary>
            Initializes a new instance of the <c>DelphiParser</c> class with default settings.
            </summary>
        </member>
        <member name="M:Alternet.Syntax.Parsers.Generic.DfmParser.#ctor">
            <summary>
            Initializes a new instance of the <c>DfmParser</c> class with default settings.
            </summary>
        </member>
        <member name="M:Alternet.Syntax.Parsers.Generic.Html_SchemeParser.#ctor">
            <summary>
            Initializes a new instance of the <c>Html_SchemeParser</c> class with default settings.
            </summary>
        </member>
        <member name="M:Alternet.Syntax.Parsers.Generic.HtmlScriptsParser.#ctor">
            <summary>
            Initializes a new instance of the <c>HtmlScriptsParser</c> class with default settings.
            </summary>
        </member>
        <member name="M:Alternet.Syntax.Parsers.Generic.IlParser.#ctor">
            <summary>
            Initializes a new instance of the <c>IlParser</c> class with default settings.
            </summary>
        </member>
        <member name="M:Alternet.Syntax.Parsers.Generic.IniParser.#ctor">
            <summary>
            Initializes a new instance of the <c>IniParser</c> class with default settings.
            </summary>
        </member>
        <member name="M:Alternet.Syntax.Parsers.Generic.Js_SchemeParser.#ctor">
            <summary>
            Initializes a new instance of the <c>Js_SchemeParser</c> class with default settings.
            </summary>
        </member>
        <member name="M:Alternet.Syntax.Parsers.Generic.JScriptParser.#ctor">
            <summary>
            Initializes a new instance of the <c>JScriptParser</c> class with default settings.
            </summary>
        </member>
        <member name="M:Alternet.Syntax.Parsers.Generic.PerlParser.#ctor">
            <summary>
            Initializes a new instance of the <c>PerlParser</c> class with default settings.
            </summary>
        </member>
        <member name="M:Alternet.Syntax.Parsers.Generic.PHPParser.#ctor">
            <summary>
            Initializes a new instance of the <c>PHPParser</c> class with default settings.
            </summary>
        </member>
        <member name="M:Alternet.Syntax.Parsers.Generic.Python_SchemeParser.#ctor">
            <summary>
            Initializes a new instance of the <c>Python_SchemeParser</c> class with default settings.
            </summary>
        </member>
        <member name="M:Alternet.Syntax.Parsers.Generic.Sql_SchemeParser.#ctor">
            <summary>
            Initializes a new instance of the <c>Sql_SchemeParser</c> class with default settings.
            </summary>
        </member>
        <member name="M:Alternet.Syntax.Parsers.Generic.TclTkParser.#ctor">
            <summary>
            Initializes a new instance of the <c>TclTkParser</c> class with default settings.
            </summary>
        </member>
        <member name="M:Alternet.Syntax.Parsers.Generic.UnixShellParser.#ctor">
            <summary>
            Initializes a new instance of the <c>UnixShellParser</c> class with default settings.
            </summary>
        </member>
        <member name="M:Alternet.Syntax.Parsers.Generic.VbNet_SchemeParser.#ctor">
            <summary>
            Initializes a new instance of the <c>VbNet_SchemeParser</c> class with default settings.
            </summary>
        </member>
        <member name="M:Alternet.Syntax.Parsers.Generic.VbScript_SchemeParser.#ctor">
            <summary>
            Initializes a new instance of the <c>VbScript_SchemeParser</c> class with default settings.
            </summary>
        </member>
        <member name="M:Alternet.Syntax.Parsers.Generic.VbScripts_SchemeParser.#ctor">
            <summary>
            Initializes a new instance of the <c>VbScripts_SchemeParser</c> class with default settings.
            </summary>
        </member>
        <member name="M:Alternet.Syntax.Parsers.Generic.Xml_SchemeParser.#ctor">
            <summary>
            Initializes a new instance of the <c>Xml_SchemeParser</c> class with default settings.
            </summary>
        </member>
        <member name="M:Alternet.Syntax.Parsers.Generic.XmlScripts_SchemeParser.#ctor">
            <summary>
            Initializes a new instance of the <c>XmlScripts_SchemeParser</c> class with default settings.
            </summary>
        </member>
    </members>
</doc>
