<?xml version="1.0"?>
<doc>
    <assembly>
        <name>Alternet.Scripter.RichDebugEdit.v5</name>
    </assembly>
    <members>
        <member name="T:Alternet.Scripter.RichDebugEdit.AllowedActions">
            <summary>
            Represents menu actions allowed by the editor.
            </summary>
        </member>
        <member name="T:Alternet.Scripter.RichDebugEdit.IDebugEdit">
            <summary>
            Represents a text box with extended features for script debugging of the source code.
            </summary>
        </member>
        <member name="E:Alternet.Scripter.RichDebugEdit.IDebugEdit.BreakpointToggle">
            <summary>
            When implemented by a class, occurs when given breakpoint is toggled on/off.
            </summary>
        </member>
        <member name="E:Alternet.Scripter.RichDebugEdit.IDebugEdit.SetNextStatement">
            <summary>
            When implemented by a class, occurs when the execution position moves to the different line of code.
            </summary>
        </member>
        <member name="E:Alternet.Scripter.RichDebugEdit.IDebugEdit.GotoDefinition">
            <summary>
            When implemented by a class, occurs when user executes Goto Definition command.
            </summary>
        </member>
        <member name="E:Alternet.Scripter.RichDebugEdit.IDebugEdit.FindAllReferences">
            <summary>
            When implemented by a class, occurs when user executes Find All References command.
            </summary>
        </member>
        <member name="E:Alternet.Scripter.RichDebugEdit.IDebugEdit.FindAllImplementations">
            <summary>
            When implemented by a class, occurs when user executes Find All Implementations command.
            </summary>
        </member>
        <member name="P:Alternet.Scripter.RichDebugEdit.IDebugEdit.Debugger">
            <summary>
            When implemented by a class, gets or sets a <c>IScriptDebuggerBase</c> bound to this control.
            </summary>
        </member>
        <member name="P:Alternet.Scripter.RichDebugEdit.IDebugEdit.AllowedActions">
            <summary>
            When implemented by a class, gets or sets allowed actions.
            </summary>
        </member>
        <member name="M:Alternet.Scripter.RichDebugEdit.IDebugEdit.ExecutionStopped(Alternet.Scripter.Debugger.ExecutionPosition)">
            <summary>
            When implemented by a class, updates line styles when debugging is being paused.
            </summary>
            <param name="executionPos">Current execution line number and a file name.</param>
        </member>
        <member name="M:Alternet.Scripter.RichDebugEdit.IDebugEdit.ClearDebugStyles(Alternet.Scripter.Debugger.ExecutionPosition)">
            <summary>
            When implemented by a class, removes visual styles related to the step by step execution at specified position.
            </summary>
            <param name="executionPos">Current execution line number and a file name.</param>
        </member>
        <member name="M:Alternet.Scripter.RichDebugEdit.IDebugEdit.ClearStackFrame(Alternet.Scripter.Debugger.StackFrame)">
            <summary>
            When implemented by a class, removes visual styles related to the step by step execution at specified position.
            </summary>
            <param name="stackFrame">StackFrame representing position to be cleared.</param>
        </member>
        <member name="M:Alternet.Scripter.RichDebugEdit.IDebugEdit.SwitchStackFrame(Alternet.Scripter.Debugger.StackFrame,Alternet.Scripter.Debugger.ExecutionPosition)">
            <summary>
            When implemented by a class, updates line styles  when debugger switches to the stack frame.
            </summary>
            <param name="stackFrame"><c>StackFrame</c> to be switched to.</param>
            <param name="executionPos">Current execution line number and a file name.</param>
        </member>
        <member name="M:Alternet.Scripter.RichDebugEdit.IDebugEdit.BreakpointStateChanged(Alternet.Scripter.Debugger.Breakpoint)">
            <summary>
            When implemented by a class, updates line styles when given breakpoint state changes.
            </summary>
            <param name="breakpoint"><c>Breakpoint</c> which state was changed.</param>
        </member>
        <member name="M:Alternet.Scripter.RichDebugEdit.IDebugEdit.BreakpointDeleted(Alternet.Scripter.Debugger.Breakpoint)">
            <summary>
            When implemented by a class, updates line styles when given breakpoint is being deleted.
            </summary>
            <param name="breakpoint"><c>Breakpoint</c> to be deleted.</param>
        </member>
        <member name="T:Alternet.Scripter.RichDebugEdit.RichDebugEdit">
            <summary>
            Represents a rich text box control with extended features for script debugging of the source code.
            </summary>
        </member>
        <member name="M:Alternet.Scripter.RichDebugEdit.RichDebugEdit.#ctor">
            <summary>
            Initializes a new instance of the <c>RichDebugEdit</c> class with default settings.
            </summary>
        </member>
        <member name="E:Alternet.Scripter.RichDebugEdit.RichDebugEdit.BreakpointToggle">
            <summary>
            Occurs when given breakpoint is toggled on/off.
            </summary>
        </member>
        <member name="E:Alternet.Scripter.RichDebugEdit.RichDebugEdit.SetNextStatement">
            <summary>
            Occurs when the execution position moves to the different line of code.
            </summary>
        </member>
        <member name="E:Alternet.Scripter.RichDebugEdit.RichDebugEdit.GotoDefinition">
            <summary>
            Occurs when user executes Goto Definition command.
            </summary>
        </member>
        <member name="E:Alternet.Scripter.RichDebugEdit.RichDebugEdit.FindAllReferences">
            <summary>
            Occurs when user executes Find All References command.
            </summary>
        </member>
        <member name="E:Alternet.Scripter.RichDebugEdit.RichDebugEdit.FindAllImplementations">
            <summary>
            Occurs when user executes Find All Implementations command.
            </summary>
        </member>
        <member name="P:Alternet.Scripter.RichDebugEdit.RichDebugEdit.Debugger">
            <summary>
            Gets or sets a <c>IScriptDebugger</c> bound to this control.
            </summary>
        </member>
        <member name="P:Alternet.Scripter.RichDebugEdit.RichDebugEdit.AllowedActions">
            <summary>
            Gets or sets a allowed actions.
            </summary>
        </member>
        <member name="M:Alternet.Scripter.RichDebugEdit.RichDebugEdit.ClearDebugStyles(Alternet.Scripter.Debugger.ExecutionPosition)">
            <summary>
            Removes visual styles related to the step by step execution at specified position.
            </summary>
            <param name="executionPos">Current execution line number and a file name.</param>
        </member>
        <member name="M:Alternet.Scripter.RichDebugEdit.RichDebugEdit.ClearStackFrame(Alternet.Scripter.Debugger.StackFrame)">
            <summary>
            Removes visual styles related to the step by step execution at specified position.
            </summary>
            <param name="stackFrame">StackFrame representing position to be cleared.</param>
        </member>
        <member name="M:Alternet.Scripter.RichDebugEdit.RichDebugEdit.ExecutionStopped(Alternet.Scripter.Debugger.ExecutionPosition)">
            <summary>
            Updates line styles when debugger is being paused.
            </summary>
            <param name="executionPos">Current execution line number and a file name.</param>
        </member>
        <member name="M:Alternet.Scripter.RichDebugEdit.RichDebugEdit.SwitchStackFrame(Alternet.Scripter.Debugger.StackFrame,Alternet.Scripter.Debugger.ExecutionPosition)">
            <summary>
            Updates line styles when debugger switches to the stack frame.
            </summary>
            <param name="stackFrame"><c>StackFrame</c> to be switched to.</param>
            <param name="executionPos">Current execution line number and a file name.</param>
        </member>
        <member name="M:Alternet.Scripter.RichDebugEdit.RichDebugEdit.BreakpointStateChanged(Alternet.Scripter.Debugger.Breakpoint)">
            <summary>
            Updates line styles when given breakpoint state changes.
            </summary>
            <param name="breakpoint"><c>Breakpoint</c> which state was changed.</param>
        </member>
        <member name="M:Alternet.Scripter.RichDebugEdit.RichDebugEdit.BreakpointDeleted(Alternet.Scripter.Debugger.Breakpoint)">
            <summary>
            Updates line styles when given breakpoint is being deleted.
            </summary>
            <param name="breakpoint"><c>Breakpoint</c> to be deleted.</param>
        </member>
    </members>
</doc>
