<?xml version="1.0"?>
<doc>
    <assembly>
        <name>Alternet.Scripter.Design.v5</name>
    </assembly>
    <members>
        <member name="T:Alternet.Scripter.Design.ScriptItemsEditor">
            <summary>
            Provides a user interface that can edit <c>ScriptItem</c> at design time.
            </summary>
        </member>
        <member name="M:Alternet.Scripter.Design.ScriptItemsEditor.#ctor(System.Type)">
            <summary>
            Initializes a new instance of the <c>ScriptItemsEditor</c> class using the specified collection type.
            </summary>
            <param name="type">The type of the collection for this editor to edit.</param>
        </member>
    </members>
</doc>
