<?xml version="1.0"?>
<doc>
    <assembly>
        <name>Alternet.Scripter.TypeScript.UI.v5</name>
    </assembly>
    <members>
        <member name="T:Alternet.Scripter.TypeScript.UI.IScriptEditExtensions">
            <summary>
            Represents extended properties and methods for IScriptEdit object. 
            </summary>
        </member>
        <member name="P:Alternet.Scripter.TypeScript.UI.IScriptEditExtensions.DefaultProject">
            <summary>
            Gets or sets a default ITypeScriptProject.
            </summary>
        </member>
        <member name="P:Alternet.Scripter.TypeScript.UI.IScriptEditExtensions.DefaultParser">
            <summary>
            Gets a default V8Parser.
            </summary>
        </member>
        <member name="M:Alternet.Scripter.TypeScript.UI.IScriptEditExtensions.InitSyntax">
            <summary>
            Initializes code syntax.
            </summary>
        </member>
        <member name="M:Alternet.Scripter.TypeScript.UI.IScriptEditExtensions.InitSyntax(Alternet.Common.RichScriptEdit.IScriptEdit)">
            <summary>
            Initializes code syntax for specified IScriptEdit.
            </summary>
            <param name="edit">IScriptEdit to be initialized.</param>
        </member>
        <member name="M:Alternet.Scripter.TypeScript.UI.IScriptEditExtensions.RegisterCode(System.String,System.String[])">
            <summary>
            Makes types declared in given source files accessible for parsing.
            </summary>
            <param name="extension">Extension to locate TypeScript project.</param>
            <param name="files">Files containing source code.</param>
        </member>
        <member name="M:Alternet.Scripter.TypeScript.UI.IScriptEditExtensions.UnregisterCode(System.String,System.String[])">
            <summary>
            Removes types declared in given source files from being accessible for parsing.
            </summary>
            <param name="extension">Extension to locate TypeScript project.</param>
            <param name="files">Files containing source code.</param>
        </member>
        <member name="M:Alternet.Scripter.TypeScript.UI.IScriptEditExtensions.OpenProject(System.String,Alternet.Common.TypeScript.ProjectData)">
            <summary>
            Opens TypeScript project and loads its content from specified projectData.
            </summary>
            <param name="projectFileName">File name of project.</param>
            <param name="projectData">ProjectData contains project data.</param>
        </member>
        <member name="M:Alternet.Scripter.TypeScript.UI.IScriptEditExtensions.CloseProject(System.String)">
            <summary>
            Resets specified project to it's default value.
            </summary>
            <param name="extension">Extension to locate TypeScript project.</param>
        </member>
        <member name="T:Alternet.Scripter.TypeScript.UI.CodeExplorer">
            <summary>
            Represents methods used to explore parsed representation of the source code in the TreeView control.
            </summary>
        </member>
        <member name="M:Alternet.Scripter.TypeScript.UI.CodeExplorer.#ctor">
            <summary>
            Initializes a new instance of the <c>CodeExplorer</c> class with default settings.
            </summary>
        </member>
        <member name="P:Alternet.Scripter.TypeScript.UI.CodeExplorer.ExplorerTree">
            <summary>
            Gets or sets System.Windows.Forms.TreeView control used to explore source code.
            </summary>
        </member>
        <member name="M:Alternet.Scripter.TypeScript.UI.CodeExplorer.ScopeImageIndex(Alternet.Common.TypeScript.Types.SymbolNodeData,System.Boolean)">
            <summary>
            Calculates offset for the image index accordingly to the visibility scope.
            </summary>
            <param name="node">Syntax element.</param>
            <param name="isScopedImage">Indicates whether image index needs to be adjusted.</param>
            <returns>The amount to offset.</returns>
        </member>
        <member name="M:Alternet.Scripter.TypeScript.UI.CodeExplorer.UpdateExplorer(System.Object,Alternet.Common.TypeScript.Compiler.V8Parser)">
            <summary>
            Updates explorer content from given source document.
            </summary>
            <param name="document">Source code document.</param>
            <param name="parser">Parser process code.</param>
        </member>
        <member name="T:Alternet.Scripter.TypeScript.UI.CodeUtils">
            <summary>
            Represents extended functionality to fill classes and methods lists related to the position inside the text document.
            </summary>
        </member>
        <member name="M:Alternet.Scripter.TypeScript.UI.CodeUtils.FillClasses(System.Windows.Forms.ComboBox,System.Object,System.Drawing.Point,Alternet.Common.TypeScript.Compiler.V8Parser)">
            <summary>
            Fills given ComboBox with list of classes obtained from specified document at the given position.
            </summary>
            <param name="comboBox">ComboBox control to process.</param>
            <param name="document">Source code document.</param>
            <param name="position">Position in code.</param>
            <param name="parser">Parser process code.</param>
        </member>
        <member name="M:Alternet.Scripter.TypeScript.UI.CodeUtils.FillMethods(System.Windows.Forms.ComboBox,System.Object,System.Drawing.Point,System.Windows.Forms.ComboBox,Alternet.Common.TypeScript.Compiler.V8Parser)">
            <summary>
            Fills given ComboBox with list of methods obtained from specified document at the given position.
            </summary>
            <param name="comboBox">ComboBox control to process.</param>
            <param name="document">Source code document.</param>
            <param name="position">Position in code.</param>
            <param name="classCombo">Contains list of classes.</param>
            <param name="parser">Parser process code.</param>
        </member>
        <member name="M:Alternet.Scripter.TypeScript.UI.CodeUtils.NavigateClasses(System.Windows.Forms.ComboBox,System.Object,System.Int32,Alternet.Common.TypeScript.Compiler.V8Parser)">
            <summary>
            Updates content of given class ComboBox accordingly to given position.
            </summary>
            <param name="comboBox">ComboBox to process.</param>
            <param name="document">Source code document.</param>
            <param name="position">Position in code.</param>
            <param name="parser">Parser process code.</param>
        </member>
        <member name="M:Alternet.Scripter.TypeScript.UI.CodeUtils.NavigateMethods(System.Windows.Forms.ComboBox,System.Object,System.Drawing.Point,System.Windows.Forms.ComboBox,Alternet.Common.TypeScript.Compiler.V8Parser)">
            <summary>
            Updates content of given method ComboBox accordingly to given position.
            </summary>
            <param name="comboBox">ComboBox to process.</param>
            <param name="document">Source code document.</param>
            <param name="position">Position in code.</param>
            <param name="classComboBox">Contains list of classes.</param>
            <param name="parser">Parser process code.</param>
        </member>
        <member name="M:Alternet.Scripter.TypeScript.UI.CodeUtils.IsValidNode(Alternet.Common.TypeScript.Types.SymbolNodeData,System.Int32@)">
            <summary>
            Indicates whether given node can appear in code explorer. 
            </summary>
            <param name="node">Node to probe.</param>
            <param name="index">Receives image index to display near the node text.</param>
            <returns>True if node matches code explorer requirements; otherwise false.</returns>
        </member>
        <member name="M:Alternet.Scripter.TypeScript.UI.CodeUtils.DrawItem(System.Windows.Forms.ComboBox,System.Windows.Forms.DrawItemEventArgs,System.Windows.Forms.ImageList)">
            <summary>
            Provides a custom drawing for a ComboBox item.
            </summary>
            <param name="comboBox">ComboBox which item will be drawn.</param>
            <param name="e">A DrawItemEventArgs that contains the event data.</param>
            <param name="images">List of images used to draw with items.</param>
        </member>
        <member name="M:Alternet.Scripter.TypeScript.UI.CodeUtils.GetFormattedText(Alternet.Common.TypeScript.Types.SymbolNodeData)">
            <summary>
            Retrieves content of specified syntax element accordingly to language rules of the document.
            </summary>
            <param name="node">Node to probe.</param>
            <returns>Formatted sting that contains a syntax element.</returns>
        </member>
        <member name="M:Alternet.Scripter.TypeScript.UI.CodeUtils.GetSelectedPosition(System.Windows.Forms.ComboBox,System.Object,Alternet.Common.TypeScript.Compiler.V8Parser)">
            <summary>
            Finds position in source code related to the currently selected item in the ComboBox control.
            </summary>
            <param name="comboBox">ComboBox contains list of syntax elements (classes or methods).</param>
            <param name="document">Source code document.</param>
            <param name="parser">Parser process code.</param>
            <returns>System.Draw.Point represents start point of current syntax element.</returns>
        </member>
        <member name="M:Alternet.Scripter.TypeScript.UI.CodeUtils.GetPosition(System.Object,System.Object,System.Drawing.Point@,Alternet.Common.TypeScript.Compiler.V8Parser)">
            <summary>
            Finds position in source code related to the specified syntax element.
            </summary>
            <param name="node">Syntax element (class or method) to probe.</param>
            <param name="document">Source code document.</param>
            <param name="point">Receives start point of given syntax element.</param>
            <param name="parser">Parser process code.</param>
            <returns>True if succeed; otherwise false.</returns>
        </member>
        <member name="M:Alternet.Scripter.TypeScript.UI.CodeUtils.FormatText(System.Object)">
            <summary>
            Formats content of specified syntax element accordingly to language rules of the document.
            </summary>
            <param name="item">Syntax element to probe.</param>
            <returns>Formatted sting that contains a syntax element.</returns>
        </member>
        <member name="M:Alternet.Scripter.TypeScript.UI.CodeUtils.SelectItem(System.Windows.Forms.ComboBox,System.Object,System.Drawing.Point@,Alternet.Common.TypeScript.Compiler.V8Parser)">
            <summary>
            Finds position of the syntax element linked to the currently selected item in the ComboBox control.
            </summary>
            <param name="comboBox">ComboBox to process.</param>
            <param name="document">Source code document.</param>
            <param name="position">Receives start point of currently selected syntax element.</param>
            <param name="parser">Parser process code.</param>
            <returns>True if succeed; otherwise false.</returns>
        </member>
        <member name="T:Alternet.Scripter.TypeScript.UI.ColorBox">
            <summary>
            Represents a combo-box like control used to select color from drop-down list of colors.
            </summary>
        </member>
        <member name="M:Alternet.Scripter.TypeScript.UI.ColorBox.#ctor(System.ComponentModel.IContainer)">
            <summary>
            Initializes a new instance of the <c>ColorBox</c> class with specified container.
            </summary>
            <param name="container">Specifies IContainer that contains this new instance.</param>
        </member>
        <member name="M:Alternet.Scripter.TypeScript.UI.ColorBox.#ctor">
            <summary>
            Initializes a new instance of the <c>ColorBox</c> class with default settings.
            </summary>
        </member>
        <member name="P:Alternet.Scripter.TypeScript.UI.ColorBox.Items">
            <summary>
            Gets an object representing the collection of the colors contained in this <c>ColorBox</c>.
            </summary>
        </member>
        <member name="P:Alternet.Scripter.TypeScript.UI.ColorBox.Text">
            <summary>
            Represents text associated with this control.
            </summary>
        </member>
        <member name="P:Alternet.Scripter.TypeScript.UI.ColorBox.SelectedColor">
            <summary>
            Gets or sets currently selected color in the <c>ColorBox</c>.
            </summary>
        </member>
        <member name="T:Alternet.Scripter.TypeScript.UI.DlgConfirmSave">
            <summary>
            Represents dialog box used to confirm saving or not source code or design content before it's closing.
            </summary>
        </member>
        <member name="M:Alternet.Scripter.TypeScript.UI.DlgConfirmSave.#ctor">
            <summary>
            Initializes a new instance of the <c>DlgConfirmSave</c> class with default settings.
            </summary>
        </member>
        <member name="M:Alternet.Scripter.TypeScript.UI.DlgConfirmSave.#ctor(System.String,System.Collections.Generic.IList{System.String})">
            <summary>
            Initializes a new instance of the <c>DlgConfirmSave</c> class with specified settings.
            </summary>
            <param name="title">Text associated with this new instance.</param>
            <param name="unsavedFiles">List of modified files to confirm.</param>
        </member>
        <member name="F:Alternet.Scripter.TypeScript.UI.DlgConfirmSave.components">
            <summary>
            Required designer variable.
            </summary>
        </member>
        <member name="M:Alternet.Scripter.TypeScript.UI.DlgConfirmSave.Dispose(System.Boolean)">
            <summary>
            Clean up any resources being used.
            </summary>
            <param name="disposing">true if managed resources should be disposed; otherwise, false.</param>
        </member>
        <member name="M:Alternet.Scripter.TypeScript.UI.DlgConfirmSave.InitializeComponent">
            <summary>
            Required method for Designer support - do not modify
            the contents of this method with the code editor.
            </summary>
        </member>
        <member name="T:Alternet.Scripter.TypeScript.UI.FindResultClickEventArgs">
            <summary>
            Provides data for the <c>FindResultClick</c> event.
            </summary>
        </member>
        <member name="P:Alternet.Scripter.TypeScript.UI.FindResultClickEventArgs.FileRange">
            <summary>
            Gets or sets file range in the source code related to the current element.
            </summary>
        </member>
        <member name="T:Alternet.Scripter.TypeScript.UI.FindResults">
            <summary>
            Displays list of search results.
            </summary>
        </member>
        <member name="M:Alternet.Scripter.TypeScript.UI.FindResults.#ctor">
            <summary>
            Initializes a new instance of the <c>FindResults</c> class with default settings.
            </summary>
        </member>
        <member name="E:Alternet.Scripter.TypeScript.UI.FindResults.FindResultClick">
            <summary>
            Occurs when particular search result was clicked.
            </summary>
        </member>
        <member name="P:Alternet.Scripter.TypeScript.UI.FindResults.SelectedRange">
            <summary>
            Gets IFileRange related to the selected found result.
            </summary>
        </member>
        <member name="P:Alternet.Scripter.TypeScript.UI.FindResults.ResultsAvailable">
            <summary>
            Gets a boolean value indicates whether the find results available.
            </summary>
        </member>
        <member name="M:Alternet.Scripter.TypeScript.UI.FindResults.AddFindResults(Alternet.Common.IRangeList)">
            <summary>
            Fills <c>FindResults</c> content from specified range list.
            </summary>
            <param name="references">List of ranges contains search results.</param>
        </member>
        <member name="M:Alternet.Scripter.TypeScript.UI.FindResults.AddFindResult(Alternet.Common.IFileRange)">
            <summary>
            Adds specified range to the collection of search result.
            </summary>
            <param name="range"><c>IFileRange</c> to add.</param>
        </member>
        <member name="M:Alternet.Scripter.TypeScript.UI.FindResults.Clear">
            <summary>
            Clears list of results.
            </summary>
        </member>
        <member name="F:Alternet.Scripter.TypeScript.UI.FindResults.components">
            <summary> 
            Required designer variable.
            </summary>
        </member>
        <member name="M:Alternet.Scripter.TypeScript.UI.FindResults.Dispose(System.Boolean)">
            <summary> 
            Clean up any resources being used.
            </summary>
            <param name="disposing">true if managed resources should be disposed; otherwise, false.</param>
        </member>
        <member name="M:Alternet.Scripter.TypeScript.UI.FindResults.InitializeComponent">
            <summary> 
            Required method for Designer support - do not modify 
            the contents of this method with the code editor.
            </summary>
        </member>
        <member name="T:Alternet.Scripter.TypeScript.UI.FormOpenMode">
            <summary>
            Defines design or code mode for TreeNode data.
            </summary>
        </member>
        <member name="F:Alternet.Scripter.TypeScript.UI.FormOpenMode.Design">
            <summary>
            Specifies design mode.
            </summary>
        </member>
        <member name="F:Alternet.Scripter.TypeScript.UI.FormOpenMode.Code">
            <summary>
            Specifies code mode.
            </summary>
        </member>
        <member name="T:Alternet.Scripter.TypeScript.UI.FormNodeData">
            <summary>
            Represents data contained in the TreeNode for the <c>Alternet.Common.UI.ProjectExplorer</c>.
            </summary>
        </member>
        <member name="M:Alternet.Scripter.TypeScript.UI.FormNodeData.#ctor(System.String,System.String,Alternet.Scripter.TypeScript.UI.FormOpenMode)">
            <summary>
            Initializes a new instance of the <c>FormNodeData</c> class with specified parameters.
            </summary>
            <param name="formId">Id of the form related to the node.</param>
            <param name="fileName">Name of file related to the node.</param>
            <param name="openMode">Mode of the node.</param>
        </member>
        <member name="P:Alternet.Scripter.TypeScript.UI.FormNodeData.FileName">
            <summary>
            Gets or sets name of the file related to the node.
            </summary>
        </member>
        <member name="P:Alternet.Scripter.TypeScript.UI.FormNodeData.FormId">
            <summary>
            Gets or sets Id of the form related to the node.
            </summary>
        </member>
        <member name="P:Alternet.Scripter.TypeScript.UI.FormNodeData.OpenMode">
            <summary>
            Gets or sets openmode of the node.
            </summary>
        </member>
        <member name="T:Alternet.Scripter.TypeScript.UI.Project">
            <summary>
            Represents properties and methods used to store and manipulate TypeScript project content.
            </summary>
        </member>
        <member name="E:Alternet.Scripter.TypeScript.UI.Project.ProjectModified">
            <summary>
            Occurs when project content was modified.
            </summary>
        </member>
        <member name="P:Alternet.Scripter.TypeScript.UI.Project.ProjectFileName">
            <summary>
            Gets fully qualified name of the project file.
            </summary>
        </member>
        <member name="P:Alternet.Scripter.TypeScript.UI.Project.ProjectName">
            <summary>
            Gets or sets project's name.
            </summary>
        </member>
        <member name="P:Alternet.Scripter.TypeScript.UI.Project.Files">
            <summary>
            Gets list of files included in the project.
            </summary>
        </member>
        <member name="P:Alternet.Scripter.TypeScript.UI.Project.HostAssemblies">
            <summary>
            Gets list of host assemblies included in the project.
            </summary>
        </member>
        <member name="P:Alternet.Scripter.TypeScript.UI.Project.HostAssembliesSearchPaths">
            <summary>
            Gets list of host assemblies search paths.
            </summary>
        </member>
        <member name="P:Alternet.Scripter.TypeScript.UI.Project.TypeDefinitionsSearchPaths">
            <summary>
            Gets list of type definition search paths.
            </summary>
        </member>
        <member name="P:Alternet.Scripter.TypeScript.UI.Project.Resources">
            <summary>
            Gets the list of the resources embedded into the project.
            </summary>
        </member>
        <member name="P:Alternet.Scripter.TypeScript.UI.Project.AssemblyNames">
            <summary>
            Gets list of assembly references included in the project.
            </summary>
        </member>
        <member name="P:Alternet.Scripter.TypeScript.UI.Project.HasProject">
            <summary>
            Gets a value indicating whether project contains some data.
            </summary>
        </member>
        <member name="P:Alternet.Scripter.TypeScript.UI.Project.IsModified">
            <summary>
            Gets or sets a value indicating whether project content has been modified since last save.
            </summary>
        </member>
        <member name="P:Alternet.Scripter.TypeScript.UI.Project.DefaultExtension">
            <summary>
            Gets a default extension of the project's code files.
            </summary>
        </member>
        <member name="P:Alternet.Scripter.TypeScript.UI.Project.Language">
            <summary>
            Gets or sets programming language of the script.
            </summary>
        </member>
        <member name="M:Alternet.Scripter.TypeScript.UI.Project.UpdateHostConfiguration(Alternet.Common.TypeScript.ITypeScriptProject,Alternet.Common.TypeScript.HostObjects.HostItemsConfiguration)">
            <summary>
            Updates HostItemsConfiguration for specified project.
            </summary>
            <param name="typeScriptProject">Project to be updated.</param>
            <param name="hostItemsConfiguration">New HostItemsConfiguration value.</param>
        </member>
        <member name="M:Alternet.Scripter.TypeScript.UI.Project.AllFiles(System.Boolean)">
            <summary>
            Gets list of files included in the project.
            </summary>
            <param name="includeProject">Specifies that result will include project file.</param>
        </member>
        <member name="M:Alternet.Scripter.TypeScript.UI.Project.Reset">
            <summary>
            Resets <c>Project</c> to the default state.
            </summary>
        </member>
        <member name="M:Alternet.Scripter.TypeScript.UI.Project.Load(System.String)">
            <summary>
            Loads project from specified source.
            </summary>
            <param name="projectFileName">Path to the project file.</param>
            <returns>ProjectData containing project-related data.</returns>
        </member>
        <member name="M:Alternet.Scripter.TypeScript.UI.Project.Save">
            <summary>
            Saves the project to the file system, if modified.
            </summary>
        </member>
        <member name="M:Alternet.Scripter.TypeScript.UI.Project.GetProjectData">
            <summary>
            Retrieves content of the TypeScript project.
            </summary>
            <returns>ProjectData contains all project data.</returns>
        </member>
        <member name="M:Alternet.Scripter.TypeScript.UI.Project.Load(System.String,System.String)">
            <summary>
            Loads project from specified source.
            </summary>
            <param name="projectFileName">Path to the project file.</param>
            <param name="projectName">Project name.</param>
            <returns>ProjectData containing project-related data.</returns>
        </member>
        <member name="M:Alternet.Scripter.TypeScript.UI.Project.AddFile(System.String)">
            <summary>
            Adds specified code or resource file to the project.
            </summary>
            <param name="fileName">File to add.</param>
        </member>
        <member name="M:Alternet.Scripter.TypeScript.UI.Project.RemoveFile(System.String)">
            <summary>
            Removes specified file from the project.
            </summary>
            <param name="fileName">File to remove.</param>
        </member>
        <member name="M:Alternet.Scripter.TypeScript.UI.Project.MoveFileUp(System.String)">
            <summary>
            Moves specified file down one position.
            </summary>
            <param name="fileName">File to reposition.</param>
        </member>
        <member name="M:Alternet.Scripter.TypeScript.UI.Project.MoveFileDown(System.String)">
            <summary>
            Moves specified file down one position.
            </summary>
            <param name="fileName">File to reposition.</param>
        </member>
        <member name="M:Alternet.Scripter.TypeScript.UI.Project.AddHostAssembly(System.String)">
            <summary>
            Adds specified reference to the project.
            </summary>
            <param name="fileName">Assembly file to add.</param>
            <returns>True is succeed; otherwise false.</returns>
        </member>
        <member name="M:Alternet.Scripter.TypeScript.UI.Project.RemoveHostAssembly(System.String)">
            <summary>
            Removes specified reference from the project.
            </summary>
            <param name="name">Assembly name to remove.</param>
            <returns>True is succeed; otherwise false.</returns>
        </member>
        <member name="T:Alternet.Scripter.TypeScript.UI.ProjectExplorer">
            <summary>
            Represents methods used to explore particular project in the TreeView control.
            </summary>
        </member>
        <member name="M:Alternet.Scripter.TypeScript.UI.ProjectExplorer.#ctor">
            <summary>
            Initializes a new instance of the <c>ProjectExplorer</c> class with default settings.
            </summary>
        </member>
        <member name="P:Alternet.Scripter.TypeScript.UI.ProjectExplorer.ExplorerTree">
            <summary>
            Gets or sets System.Windows.Forms.TreeView control used to explore project's content.
            </summary>
        </member>
        <member name="M:Alternet.Scripter.TypeScript.UI.ProjectExplorer.UpdateExplorer(Alternet.Scripter.TypeScript.UI.Project)">
            <summary>
            Updates explorer content from given project.
            </summary>
            <param name="project"><c>Project</c> to explore.</param>
        </member>
        <member name="T:Alternet.Scripter.TypeScript.UI.TypeScriptTokenizer">
            <summary>
            Represents properties and methods to perform lexical analysis for the TypeScript text.
            </summary>
        </member>
        <member name="M:Alternet.Scripter.TypeScript.UI.TypeScriptTokenizer.#ctor(Alternet.Common.RichScriptEdit.RichScriptEdit,Alternet.Common.TypeScript.ITypeScriptProject)">
            <summary>
            Initializes a new instance of the <c>TypeScriptTokenizer</c> class with specified parameters.
            </summary>
            <param name="textBox">RichScriptEdit object which contains text to analyze.</param>
            <param name="project">ITypeScriptProject to which belongs text to analyze.</param>
        </member>
        <member name="M:Alternet.Scripter.TypeScript.UI.TypeScriptTokenizer.#ctor(Alternet.Common.RichScriptEdit.RichScriptEdit)">
            <summary>
            Initializes a new instance of the <c>TypeScriptTokenizer</c> class with specified text control.
            </summary>
            <param name="textBox">RichScriptEdit object which contains text to analyze.</param>
        </member>
        <member name="P:Alternet.Scripter.TypeScript.UI.TypeScriptTokenizer.ScriptKind">
            <summary>
            Gets or sets kind of the source code file being parsed.
            </summary>
        </member>
        <member name="P:Alternet.Scripter.TypeScript.UI.TypeScriptTokenizer.Parser">
            <summary>
            Gets V8 parser associated with this Tokenizer.
            </summary>
        </member>
        <member name="M:Alternet.Scripter.TypeScript.UI.TypeScriptTokenizer.ReparseSyntax">
            <inheritdoc />
        </member>
    </members>
</doc>
