<?xml version="1.0"?>
<doc>
    <assembly>
        <name>Alternet.FormDesigner.UI.v5</name>
    </assembly>
    <members>
        <member name="T:Alternet.FormDesigner.WinForms.UI.CompileResult">
            <summary>
            Represent structured information of code compilation result.
            </summary>
        </member>
        <member name="F:Alternet.FormDesigner.WinForms.UI.CompileResult.Diagnostics">
            <summary>
            Represents List of <c>Microsoft.CodeAnalysis.Diagnostic</c> compilation.
            </summary>
        </member>
        <member name="F:Alternet.FormDesigner.WinForms.UI.CompileResult.Exception">
            <summary>
            Represents an Exception occurred during compilation. Null if compilation succeed.
            </summary>
        </member>
        <member name="F:Alternet.FormDesigner.WinForms.UI.CompileResult.Success">
            <summary>
            Represents a boolean value indicating whether compilation succeed.
            </summary>
        </member>
        <member name="M:Alternet.FormDesigner.WinForms.UI.CompileResult.#ctor(System.Boolean,System.Collections.Immutable.ImmutableArray{Microsoft.CodeAnalysis.Diagnostic})">
            <summary>
            Initializes a new instance of the <c>CompileResult</c> class with specified parameters.
            </summary>
            <param name="success">Indicates whether compilation succeed.</param>
            <param name="diagnostics">Specifies List of compilation <c>Microsoft.CodeAnalysis.Diagnostic</c></param>
        </member>
        <member name="M:Alternet.FormDesigner.WinForms.UI.CompileResult.#ctor(System.Exception)">
            <summary>
            Initializes a new instance of the <c>CompileResult</c> class with specified parameters.
            </summary>
            <param name="exception">Specifies an Exception occurred during compilation.</param>
        </member>
    </members>
</doc>
