<?xml version="1.0"?>
<doc>
    <assembly>
        <name>Alternet.Studio.CodeEdit.v5</name>
    </assembly>
    <members>
        <member name="T:Alternet.Studio.CodeEdit.Roslyn.ResolveReferenceEventArgs">
            <summary>
            Provides data for the <c>IScriptRun.ReferenceResolve</c> event.
            </summary>
        </member>
        <member name="M:Alternet.Studio.CodeEdit.Roslyn.ResolveReferenceEventArgs.#ctor(System.String)">
            <summary>
            Initializes a new instance of the <c>ResolveReferenceEventArgs</c> class with specified reference.
            </summary>
            <param name="reference">Reference to resolve.</param>
        </member>
        <member name="P:Alternet.Studio.CodeEdit.Roslyn.ResolveReferenceEventArgs.Handled">
            <summary>
            Gets or sets a value indicating whether the ReferenceResolve event was handled.
            </summary>
        </member>
        <member name="P:Alternet.Studio.CodeEdit.Roslyn.ResolveReferenceEventArgs.Reference">
            <summary>
            Gets or sets reference to be resolved.
            </summary>
        </member>
        <member name="P:Alternet.Studio.CodeEdit.Roslyn.ResolveReferenceEventArgs.AssemblyLocation">
            <summary>
            Gets or sets suitable Assembly.
            </summary>
        </member>
        <member name="P:Alternet.Studio.CodeEdit.Roslyn.ResolveReferenceEventArgs.AssemblyImage">
            <summary>
            Gets or sets stream suitable Assembly Image.
            </summary>
        </member>
    </members>
</doc>
