<?xml version="1.0"?>
<doc>
    <assembly>
        <name>Alternet.Scripter.Debugger.v5</name>
    </assembly>
    <members>
        <member name="T:Alternet.Scripter.Debugger.ExpressionEvaluation.CodeCompletion.CachingSymbolRecommender">
            <summary>
            Caching decorator for a symbol recommender.
            Solves the following problem:
            When code completion listbox is invoked and you continue typing, we re-invoke it for every character entered (unless it's typed fast).
            VS does not re-invoke code completion if you continue typing literals(i.e identifier symbols), or when you hit backspace, it's just filters code completion listbox.
            </summary>
        </member>
        <member name="M:Alternet.Scripter.Debugger.ExpressionEvaluation.CodeCompletion.CachingSymbolRecommender.#ctor(Alternet.Scripter.Debugger.ExpressionEvaluation.CodeCompletion.ISymbolRecommender,Alternet.Scripter.Debugger.ExpressionEvaluation.CodeCompletion.KeyConfiguration)">
            <summary>
            Initializes a new instance of <c>CachingSymbolRecommender</c> with specified parameters.
            </summary>
            <param name="recommender"><c>ISymbolRecommender</c> whose symbols should be cashed.</param>
            <param name="keyConfiguration">Specifies amount of key settings.</param>
        </member>
        <member name="M:Alternet.Scripter.Debugger.ExpressionEvaluation.CodeCompletion.CachingSymbolRecommender.GetRecommendedSymbols(System.String,System.Int32,System.Boolean)">
            <summary>
            Gets a List of <c>Symbol</c> objects suitable to specified parameters.
            </summary>
            <param name="expressionToEvaluate">Expression to evaluate.</param>
            <param name="positionInExpression">Position inside expression to find out proper symbols.</param>
            <param name="excludeKeywords">Indicates whether reserved words should be excluded from the evaluation.</param>
            <returns>List of symbols belongs to the specified position within expression to evaluate.</returns>
        </member>
        <member name="T:Alternet.Scripter.Debugger.ExpressionEvaluation.CodeCompletion.ParameterInfoProvider">
            <summary>
            Represents methods to provide data related to <c>ParameterInfo</c>.
            </summary>
        </member>
        <member name="M:Alternet.Scripter.Debugger.ExpressionEvaluation.CodeCompletion.ParameterInfoProvider.#ctor(Alternet.Scripter.Debugger.ExpressionEvaluation.CodeCompletion.SyntaxDataProvider)">
            <summary>
            Initializes a new instance of the <c>ParameterInfoProvider</c> class with specified provider.
            </summary>
            <param name="syntaxDataProvider"><c>SyntaxDataProvider</c> for this new instance.</param>
        </member>
        <member name="M:Alternet.Scripter.Debugger.ExpressionEvaluation.CodeCompletion.ParameterInfoProvider.GetFormattedParameterInfoSymbolString(Alternet.Scripter.Debugger.ExpressionEvaluation.CodeCompletion.ParameterInfo,System.Int32)">
            <summary>
            Returns formatted string corresponding to the specified <c>ParameterInfo</c>.
            </summary>
            <param name="parameterInfo"><c>ParameterInfo</c> to be formatted.</param>
            <param name="currentSymbolIndex">Number of current symbol in the parameter info.</param>
            <returns>Formatted string contained evaluated expression data.</returns>
        </member>
        <member name="M:Alternet.Scripter.Debugger.ExpressionEvaluation.CodeCompletion.ParameterInfoProvider.GetParameterInfo(System.String,System.Int32)">
            <summary>
            Returns <c>ParameterInfo</c> for specified expression.
            </summary>
            <param name="expressionToEvaluate">Expression to evaluate.</param>
            <param name="positionInExpression">Position inside expression.</param>
            <returns><c>ParameterInfo</c> that describes evaluated expression.</returns>
        </member>
        <member name="T:Alternet.Scripter.Debugger.ExpressionEvaluation.CodeCompletion.SymbolRecommender">
            <summary>
            Provides methods used to find suitable <c>Symbol</c> objects.
            </summary>
        </member>
        <member name="M:Alternet.Scripter.Debugger.ExpressionEvaluation.CodeCompletion.SymbolRecommender.#ctor(Alternet.Scripter.Debugger.ExpressionEvaluation.CodeCompletion.SyntaxDataProvider)">
            <summary>
            Initializes a new instance of the <c>SymbolRecommender</c> class with specified parameters.
            </summary>
            <param name="syntaxDataProvider"><c>SyntaxDataProvider</c> related to this new instance.</param>
        </member>
        <member name="M:Alternet.Scripter.Debugger.ExpressionEvaluation.CodeCompletion.SymbolRecommender.GetRecommendedSymbols(System.String,System.Int32,System.Boolean)">
            <summary>
            Gets a List of <c>Symbol</c> objects suitable to specified parameters.
            </summary>
            <param name="expressionToEvaluate">Expression to evaluate.</param>
            <param name="positionInExpression">Position inside expression to find out proper symbols.</param>
            <param name="excludeKeywords">Indicates whether reserved words should be exclude from the evaluation.</param>
            <returns>List of symbols belongs to the specified position within expression to evaluate.</returns>
        </member>
        <member name="T:Alternet.Scripter.Debugger.ExpressionEvaluation.CodeCompletion.SyntaxData">
            <summary>
            Contains code syntax and semantic information required for providing code completion during expression evaluation.
            </summary>
        </member>
        <member name="M:Alternet.Scripter.Debugger.ExpressionEvaluation.CodeCompletion.SyntaxData.#ctor(Alternet.Scripter.Roslyn.RoslynScriptHost,Microsoft.CodeAnalysis.SemanticModel,Microsoft.CodeAnalysis.SyntaxTree,System.Int32)">
            <summary>
            Initializes a new instance of the <c>SyntaxData</c> class with specified parameters.
            </summary>
            <param name="scriptHost">Roslyn-based script host used to compile the expression.</param>
            <param name="model">SemanticModel containing semantic information.</param>
            <param name="tree">SyntaxTree containing syntax information.</param>
            <param name="positionInSource">Current position inside the expression.</param>
        </member>
        <member name="P:Alternet.Scripter.Debugger.ExpressionEvaluation.CodeCompletion.SyntaxData.ScriptHost">
            <summary>
            Gets Roslyn-based script host used to compile the expression.
            </summary>
        </member>
        <member name="P:Alternet.Scripter.Debugger.ExpressionEvaluation.CodeCompletion.SyntaxData.Model">
            <summary>
            Gets SemanticModel containing semantic information.
            </summary>
        </member>
        <member name="P:Alternet.Scripter.Debugger.ExpressionEvaluation.CodeCompletion.SyntaxData.Tree">
            <summary>
            Gets SyntaxTree containing syntax information.
            </summary>
        </member>
        <member name="P:Alternet.Scripter.Debugger.ExpressionEvaluation.CodeCompletion.SyntaxData.PositionInSource">
            <summary>
            Gets current position inside the expression.
            </summary>
        </member>
        <member name="T:Alternet.Scripter.Debugger.ExpressionEvaluation.CodeCompletion.CodeCompletionKeywords">
            <summary>
            Contains reserved words related to the .NET languages. 
            </summary>
        </member>
        <member name="F:Alternet.Scripter.Debugger.ExpressionEvaluation.CodeCompletion.CodeCompletionKeywords.ExpressionKeywordsCSharp">
            <summary>
            Defines array of C# language reserved words.
            </summary>
        </member>
        <member name="F:Alternet.Scripter.Debugger.ExpressionEvaluation.CodeCompletion.CodeCompletionKeywords.ExpressionKeywordsVisualBasic">
            <summary>
            Defines array of CVisual Basic language reserved words.
            </summary>
        </member>
        <member name="T:Alternet.Scripter.Debugger.ExpressionEvaluation.CodeCompletion.DocumentationComment">
            <summary>
            A documentation comment derived from either source text or metadata.
            </summary>
        </member>
        <member name="F:Alternet.Scripter.Debugger.ExpressionEvaluation.CodeCompletion.DocumentationComment.Empty">
            <summary>
            An empty comment.
            </summary>
        </member>
        <member name="P:Alternet.Scripter.Debugger.ExpressionEvaluation.CodeCompletion.DocumentationComment.HadXmlParseError">
            <summary>
            True if an error occurred when parsing.
            </summary>
        </member>
        <member name="P:Alternet.Scripter.Debugger.ExpressionEvaluation.CodeCompletion.DocumentationComment.FullXmlFragment">
            <summary>
            The full XML text of this tag.
            </summary>
        </member>
        <member name="P:Alternet.Scripter.Debugger.ExpressionEvaluation.CodeCompletion.DocumentationComment.ExampleText">
            <summary>
            The text in the &lt;example&gt; tag. Null if no tag existed.
            </summary>
        </member>
        <member name="P:Alternet.Scripter.Debugger.ExpressionEvaluation.CodeCompletion.DocumentationComment.SummaryText">
            <summary>
            The text in the &lt;summary&gt; tag. Null if no tag existed.
            </summary>
        </member>
        <member name="P:Alternet.Scripter.Debugger.ExpressionEvaluation.CodeCompletion.DocumentationComment.ReturnsText">
            <summary>
            The text in the &lt;returns&gt; tag. Null if no tag existed.
            </summary>
        </member>
        <member name="P:Alternet.Scripter.Debugger.ExpressionEvaluation.CodeCompletion.DocumentationComment.RemarksText">
            <summary>
            The text in the &lt;remarks&gt; tag. Null if no tag existed.
            </summary>
        </member>
        <member name="P:Alternet.Scripter.Debugger.ExpressionEvaluation.CodeCompletion.DocumentationComment.ParameterNames">
            <summary>
            The names of items in &lt;param&gt; tags.
            </summary>
        </member>
        <member name="P:Alternet.Scripter.Debugger.ExpressionEvaluation.CodeCompletion.DocumentationComment.TypeParameterNames">
            <summary>
            The names of items in &lt;typeparam&gt; tags.
            </summary>
        </member>
        <member name="P:Alternet.Scripter.Debugger.ExpressionEvaluation.CodeCompletion.DocumentationComment.ExceptionTypes">
            <summary>
            The types of items in &lt;exception&gt; tags.
            </summary>
        </member>
        <member name="M:Alternet.Scripter.Debugger.ExpressionEvaluation.CodeCompletion.DocumentationComment.FromXmlFragment(System.String)">
            <summary>
            Parses and constructs a <see cref="T:Alternet.Scripter.Debugger.ExpressionEvaluation.CodeCompletion.DocumentationComment" /> from the given fragment of XML.
            </summary>
            <param name="xml">The fragment of XML to parse.</param>
            <returns>A DocumentationComment instance.</returns>
        </member>
        <member name="M:Alternet.Scripter.Debugger.ExpressionEvaluation.CodeCompletion.DocumentationComment.StripTextFromTags(System.String)">
            <summary>
            Creates clear text from specified input with document comment tags.
            </summary>
            <param name="input">Source string to create stripped text from.</param>
            <returns>Text formatted using a number of xml tags.</returns>
        </member>
        <member name="M:Alternet.Scripter.Debugger.ExpressionEvaluation.CodeCompletion.DocumentationComment.GetParameterText(System.String)">
            <summary>
            Returns the text for a given parameter, or null if no documentation was given for the parameter.
            </summary>
        </member>
        <member name="M:Alternet.Scripter.Debugger.ExpressionEvaluation.CodeCompletion.DocumentationComment.GetTypeParameterText(System.String)">
            <summary>
            Returns the text for a given type parameter, or null if no documentation was given for the type parameter.
            </summary>
            <param name="typeParameterName"></param>
            <returns></returns>
        </member>
        <member name="M:Alternet.Scripter.Debugger.ExpressionEvaluation.CodeCompletion.DocumentationComment.GetExceptionTexts(System.String)">
            <summary>
            Returns the texts for a given exception, or an empty <see cref="T:System.Collections.Immutable.ImmutableArray"/> if no documentation was given for the exception.
            </summary>
        </member>
        <member name="T:Alternet.Scripter.Debugger.ExpressionEvaluation.CodeCompletion.ParameterInfoRetrieverVisualBasic">
            <summary>
            Provides class for retrieving parameter information for Visual Basic based on Microsoft Roslyn.
            </summary>
        </member>
        <member name="M:Alternet.Scripter.Debugger.ExpressionEvaluation.CodeCompletion.ParameterInfoRetrieverVisualBasic.GetFormattedParameterInfoSymbolString(Alternet.Scripter.Debugger.ExpressionEvaluation.CodeCompletion.ParameterInfo,System.Int32)">
            <summary>
            Returns formatted string in Visual Basic style corresponding to the specified <c>ParameterInfo</c>.
            </summary>
            <param name="parameterInfo"><c>ParameterInfo</c> to be formatted.</param>
            <param name="currentSymbolIndex">Number of current symbol in the parameter info.</param>
            <returns>Formatted string containing method description.</returns>
        </member>
        <member name="M:Alternet.Scripter.Debugger.ExpressionEvaluation.CodeCompletion.ParameterInfoRetrieverVisualBasic.GetParameterInfo(Microsoft.CodeAnalysis.SemanticModel,Microsoft.CodeAnalysis.SyntaxNode,System.Int32)">
            <summary>
            Retrieves <c>ParameterInfo</c> for specified position inside the code.
            </summary>
            <param name="model">SemanticModel representing source code.</param>
            <param name="node">SyntaxNode representing method call.</param>
            <param name="position">Position inside the code.</param>
            <returns>ParameterInfo that describes a method at the specified position.</returns>
        </member>
        <member name="T:Alternet.Scripter.Debugger.ExpressionEvaluation.CodeCompletion.ParameterInfoRetrieverCSharp">
            <summary>
            Provides parameter info generation for C# based on Microsoft Roslyn.
            </summary>
        </member>
        <member name="M:Alternet.Scripter.Debugger.ExpressionEvaluation.CodeCompletion.ParameterInfoRetrieverCSharp.GetFormattedParameterInfoSymbolString(Alternet.Scripter.Debugger.ExpressionEvaluation.CodeCompletion.ParameterInfo,System.Int32)">
            <summary>
            Returns formatted string in C# style corresponding to the specified <c>ParameterInfo</c>.
            </summary>
            <param name="parameterInfo"><c>ParameterInfo</c> to be formatted.</param>
            <param name="currentSymbolIndex">Number of current symbol in the parameter info.</param>
            <returns>Formatted string containing method description.</returns>
        </member>
        <member name="M:Alternet.Scripter.Debugger.ExpressionEvaluation.CodeCompletion.ParameterInfoRetrieverCSharp.GetParameterInfo(Microsoft.CodeAnalysis.SemanticModel,Microsoft.CodeAnalysis.SyntaxNode,System.Int32)">
            <summary>
            Retrieves <c>ParameterInfo</c> for specified position inside the code.
            </summary>
            <param name="model">SemanticModel representing source code.</param>
            <param name="node">SyntaxNode representing method call.</param>
            <param name="position">Position inside the code.</param>
            <returns>ParameterInfo that describes a method at the specified position.</returns>
        </member>
        <member name="T:Alternet.Scripter.Debugger.ExpressionEvaluation.CodeCompletion.SyntaxDataProvider">
            <summary>
            Provides syntax and semantic information for a given expression.
            </summary>
        </member>
        <member name="M:Alternet.Scripter.Debugger.ExpressionEvaluation.CodeCompletion.SyntaxDataProvider.#ctor(Alternet.Scripter.IScriptRun,Alternet.Scripter.Debugger.ExecutionPosition)">
            <summary>
            Initializes a new instance of the <c>SyntaxDataProvider</c> class with specified parameters.
            </summary>
            <param name="scriptRun"><c>IScriptRun</c> used to compile the expression.</param>
            <param name="executionPosition">Position to get syntax data.</param>
        </member>
        <member name="P:Alternet.Scripter.Debugger.ExpressionEvaluation.CodeCompletion.SyntaxDataProvider.ScriptLanguage">
            <summary>
            Gets programming language of the script.
            </summary>
        </member>
        <member name="M:Alternet.Scripter.Debugger.ExpressionEvaluation.CodeCompletion.SyntaxDataProvider.PrepareSyntaxData(System.String,System.Int32)">
            <summary>
            Obtains syntax and semantic information for specified expression.
            </summary>
            <param name="expressionToEvaluate">Expression to evaluate.</param>
            <param name="positionInExpression">Current position inside the expression.</param>
            <returns><c>SyntaxData</c> that describes given expression.</returns>
        </member>
        <member name="T:Alternet.Scripter.Debugger.ExpressionEvaluation.EvaluationProvider">
            <summary>
            See https://docs.microsoft.com/en-us/visualstudio/debugger/format-specifiers-in-csharp
            </summary>
        </member>
        <member name="M:Alternet.Scripter.Debugger.ExpressionEvaluation.ExpressionEvaluator.GetCodeCompletionService(Alternet.Scripter.Debugger.ExecutionPosition,Alternet.Scripter.Debugger.ExpressionEvaluation.CodeCompletion.KeyConfiguration)">
            <summary>
            Gets <c>ICodeCompletionService</c> object used to provide code completion for the expression evaluation.
            </summary>
            <param name="position">current execution position</param>
            <param name="keyConfiguration">key configuration</param>
            <returns></returns>
        </member>
        <member name="M:Alternet.Scripter.Debugger.ExpressionEvaluation.Roslyn.ScopeResolutionService.Reset">
            <summary>
            Resets scope evaluator.
            </summary>
        </member>
        <member name="M:Alternet.Scripter.Debugger.ExpressionEvaluation.Roslyn.ScopeResolutionService.GetMethodName(System.String,System.Drawing.Point,System.Collections.Generic.IList{System.String},System.Boolean,System.Boolean)">
            <summary>
            Gets method name and parameters and given source position.
            </summary>
            <param name="fileName">file name go parse</param>
            <param name="position">position within the file</param>
            <param name="parameters">receives list of parameters</param>
            <param name="includeParamNames">Indicate if parameter names should be included</param>
            <param name="includeParamTypes">Indicate if parameter types should be included</param>
            <returns>Method name if found, otherwise empty string.</returns>
        </member>
        <member name="M:Alternet.Scripter.Debugger.ExpressionEvaluation.Roslyn.ScopeResolutionService.GetRelativeFilePath(System.String)">
            <summary>
            Gets path relative to the script location
            </summary>
            <param name="fileName">file name.</param>
            <returns>file name relative to the script location.</returns>
        </member>
        <member name="T:Alternet.Scripter.Debugger.DebuggerCommunication">
            <summary>
            Provides methods to manage debugger communication between client and server via .NET Remoting.
            </summary>
        </member>
        <member name="M:Alternet.Scripter.Debugger.DebuggerCommunication.StartClient(System.String,System.String,System.String)">
            <summary>
            Start client using specified parameters.
            </summary>
            <param name="ipcPortName">Name of IPC port.</param>
            <param name="ipcObjectUri">URL of IPC port.</param>
            <param name="ipcClientChannel">IPC client channel.</param>
            <returns>Object that provides remote communication.</returns>
        </member>
        <member name="M:Alternet.Scripter.Debugger.DebuggerCommunication.StartClient(System.Runtime.Remoting.Channels.IChannel@,System.String,System.String,System.String)">
            <summary>
            Start client using specified parameters.
            </summary>
            <param name="channel">Receives created IPC channel to transmit messages between server and client.</param>
            <param name="ipcPortName">Name of IPC port.</param>
            <param name="ipcObjectUri">URL of IPC port.</param>
            <param name="ipcClientChannel">IPC client channel.</param>
            <returns>Object that provides remote communication.</returns>
        </member>
        <member name="M:Alternet.Scripter.Debugger.DebuggerCommunication.StartServer(Alternet.Scripter.IScriptRemoteControl,System.String,System.String)">
            <summary>
            Start remote server using specified parameters.
            </summary>
            <param name="scriptControl">Control to compile script and start debugger.</param>
            <param name="ipcPortName">Name of IPC port.</param>
            <param name="ipcObjectUri">URL of IPC port.</param>
            <returns>IPC channel to transmit messages between server and client.</returns>
        </member>
        <member name="M:Alternet.Scripter.Debugger.DebuggerCommunication.StopClient(System.Runtime.Remoting.Channels.IChannel)">
            <summary>
            Stops client which is connected to the specified channel.
            </summary>
            <param name="channel">IChannel connected to the client that will be stopped.</param>
        </member>
        <member name="M:Alternet.Scripter.Debugger.DebuggerCommunication.StopServer(System.Runtime.Remoting.Channels.IChannel)">
            <summary>
            Stops server connected to the specified channel.
            </summary>
            <param name="channel">IChannel connected to the server that will be stopped.</param>
        </member>
        <member name="T:Alternet.Scripter.Debugger.DebuggerCommunication.ScriptDebuggerRemoteControl">
            <summary>
            Provides methods for remote communication between application that executes and debugs user script.
            </summary>
        </member>
        <member name="M:Alternet.Scripter.Debugger.DebuggerCommunication.ScriptDebuggerRemoteControl.CompileScript(Alternet.Scripter.ScriptCompiledDelegate)">
            <summary>
            Compiles scripts, and calls back the given delegate when compilation is complete.
            </summary>
        </member>
        <member name="M:Alternet.Scripter.Debugger.DebuggerCommunication.ScriptDebuggerRemoteControl.IsScriptRunning">
            <summary>
            Returns boolean value indicating that script is currently running.
            </summary>
            <returns></returns>
        </member>
        <member name="M:Alternet.Scripter.Debugger.DebuggerCommunication.ScriptDebuggerRemoteControl.StartScript(Alternet.Scripter.ScriptFinishedDelegate)">
            <summary>
            Starts script execution.
            </summary>
        </member>
        <member name="M:Alternet.Scripter.Debugger.DebuggerCommunication.ScriptDebuggerRemoteControl.StopScript">
            <summary>
            Stops script execution.
            </summary>
        </member>
        <member name="T:Alternet.Scripter.Debugger.DebuggerCommunication.ScriptDebuggerRemoteControlCompileCallbackSink">
            <summary>
            Provides call back for remote script compilation.
            </summary>
        </member>
        <member name="M:Alternet.Scripter.Debugger.DebuggerCommunication.ScriptDebuggerRemoteControlCompileCallbackSink.#ctor(Alternet.Scripter.ScriptCompiledDelegate)">
            <summary>
            Initializes a new instance of <c>ScriptDebuggerRemoteControlCompileCallbackSink</c> with specified call back delegate.
            </summary>
            <param name="onScriptCompiled">Delegate receives call back.</param>
        </member>
        <member name="M:Alternet.Scripter.Debugger.DebuggerCommunication.ScriptDebuggerRemoteControlCompileCallbackSink.OnScriptCompiled(Alternet.Scripter.ScriptCompilationResult)">
            <summary>
            Call back method executed after script was compiled.
            </summary>
            <param name="result">Stores compilation result.</param>
        </member>
        <member name="T:Alternet.Scripter.Debugger.DebuggerCommunication.ScriptDebuggerRemoteControlStartCallbackSink">
            <summary>
            Provides call back functionality remote debugging.
            </summary>
        </member>
        <member name="M:Alternet.Scripter.Debugger.DebuggerCommunication.ScriptDebuggerRemoteControlStartCallbackSink.#ctor(Alternet.Scripter.ScriptFinishedDelegate)">
            <summary>
            Initializes a new instance of <c>ScriptDebuggerRemoteControlStartCallbackSink</c> with specified call back delegate.
            </summary>
            <param name="onScriptFinished">Delegate receives call back.</param>
        </member>
        <member name="M:Alternet.Scripter.Debugger.DebuggerCommunication.ScriptDebuggerRemoteControlStartCallbackSink.OnScriptFinished">
            <summary>
            Call back method executed after script executing was finished.
            </summary>
        </member>
        <member name="T:Alternet.Scripter.Debugger.ErrorMessages">
            <summary>
            Contains default string constants related to debugger errors.
            </summary>
        </member>
        <member name="T:Alternet.Scripter.Debugger.LegacyEvaluatorAdapter">
            <summary>
            Enables communication with a debugger.
            </summary>
        </member>
        <member name="T:Alternet.Scripter.Debugger.ScriptBreakpoints">
            <summary>
            Provides list of <c>Breakpoint</c> objects.
            </summary>
        </member>
        <member name="M:Alternet.Scripter.Debugger.ScriptBreakpoints.#ctor(Alternet.Scripter.Debugger.ScriptDebugger)">
            <summary>
            Initializes a new instance of the <c>ScriptBreakpoints</c> class with corresponds to specified <c>ScriptDebugger</c> object.
            </summary>
            <param name="debugger"><c>ScriptDebugger</c> that owns this new instance.</param>
        </member>
        <member name="P:Alternet.Scripter.Debugger.ScriptBreakpoints.Debugger">
            <summary>
            Represents <c>ScriptDebugger</c> owner of this <c>ScriptBreakpoints</c>. 
            </summary>
        </member>
        <member name="P:Alternet.Scripter.Debugger.ScriptBreakpoints.Breakpoints">
            <summary>
            Gets an array of <c>Breakpoint</c> objects.
            </summary>
        </member>
        <member name="M:Alternet.Scripter.Debugger.ScriptBreakpoints.AddBreakpoint(System.String,System.Int32)">
            <summary>
            Adds a <c>Breakpoint</c> to the list.
            </summary>
            <param name="filePath">Name of file where breakpoint is set.</param>
            <param name="lineNumber">Number of line at which breakpoint is set.</param>
        </member>
        <member name="M:Alternet.Scripter.Debugger.ScriptBreakpoints.RemoveBreakpoint(Alternet.Scripter.Debugger.Breakpoint)">
            <summary>
            Removes a <c>Breakpoint</c> from the list.
            </summary>
            <param name="breakpoint">The <c>Breakpoint</c> to remove from the list.</param>
        </member>
        <member name="M:Alternet.Scripter.Debugger.ScriptBreakpoints.RemoveBreakpoints(System.Collections.Generic.IList{Alternet.Scripter.Debugger.Breakpoint})">
            <summary>
            Removes several <c>Breakpoint</c> from the list.
            </summary>
            <param name="breakpoints">The number of <c>Breakpoint</c> to remove from the list.</param>
        </member>
        <member name="M:Alternet.Scripter.Debugger.ScriptBreakpoints.Clear">
            <summary>
            Removes all breakpoints.
            </summary>
        </member>
        <member name="M:Alternet.Scripter.Debugger.ScriptBreakpoints.EnableBreakpoint(Alternet.Scripter.Debugger.Breakpoint,System.Boolean)">
            <summary>
            Enables or disables specified breakpoint.
            </summary>
            <param name="breakpoint"><c>Breakpoint</c> to process.</param>
            <param name="enable">New breakpoint's state.</param>
        </member>
        <member name="T:Alternet.Scripter.Debugger.ScriptDebugger">
            <summary>
            Enables communication with a debugger.
            </summary>
        </member>
        <member name="M:Alternet.Scripter.Debugger.ScriptDebugger.#ctor">
            <summary>
            Initializes a new instance of the <c>ScriptDebugger</c> class with default settings.
            </summary>
        </member>
        <member name="M:Alternet.Scripter.Debugger.ScriptDebugger.Finalize">
            <summary>
            Destructs the instance of the <c>ScriptDebugger</c> class.
            </summary>
        </member>
        <member name="E:Alternet.Scripter.Debugger.ScriptDebugger.ActiveThreadChanged">
            <summary>
            Occurs when thread to be debugged changes.
            </summary>
        </member>
        <member name="E:Alternet.Scripter.Debugger.ScriptDebugger.DebuggerErrorOccured">
            <summary>
            Occurs when encounters error during debugging session.
            </summary>
        </member>
        <member name="E:Alternet.Scripter.Debugger.ScriptDebugger.DebuggingStarted">
            <summary>
            Occurs when debugging session is started.
            </summary>
        </member>
        <member name="E:Alternet.Scripter.Debugger.ScriptDebugger.DebuggingStopped">
            <summary>
            Occurs when debugging session is stopped.
            </summary>
        </member>
        <member name="E:Alternet.Scripter.Debugger.ScriptDebugger.ExecutionResumed">
            <summary>
            Occurs when debugging is resumed after being paused.
            </summary>
        </member>
        <member name="E:Alternet.Scripter.Debugger.ScriptDebugger.ExecutionStopped">
            <summary>
            Occurs when debugging is paused.
            </summary>
        </member>
        <member name="E:Alternet.Scripter.Debugger.ScriptDebugger.LogMessageReceived">
            <summary>
            Occurs when debug message is received.
            </summary>
        </member>
        <member name="E:Alternet.Scripter.Debugger.ScriptDebugger.StackFrameSwitched">
            <summary>
            Occurs debugger switches to the stack frame.
            </summary>
        </member>
        <member name="E:Alternet.Scripter.Debugger.ScriptDebugger.StateChanged">
            <summary>
            Occurs when debugger state is changed.
            </summary>
        </member>
        <member name="P:Alternet.Scripter.Debugger.ScriptDebugger.Breakpoints">
            <summary>
            Returns collection of debugger breakpoints.
            </summary>
        </member>
        <member name="P:Alternet.Scripter.Debugger.ScriptDebugger.EventsSyncAction">
            <summary>
            Gets or sets an action used to synchronize events raising.
            This is normally a function provided by the application to sync raised debugger events (for example, perform Control.Invoke)
            </summary>
        </member>
        <member name="P:Alternet.Scripter.Debugger.ScriptDebugger.GeneratedModulesPath">
            <summary>
            Gets directory where assemblies for the scripts being debugged are located.
            </summary>
        </member>
        <member name="P:Alternet.Scripter.Debugger.ScriptDebugger.IsStarted">
            <summary>
            Indicates whether debugging was started.
            </summary>
        </member>
        <member name="P:Alternet.Scripter.Debugger.ScriptDebugger.ScriptRun">
            <summary>
            Contains all information required to compile and run the script.
            </summary>
        </member>
        <member name="P:Alternet.Scripter.Debugger.ScriptDebugger.State">
            <summary>
            Gets current debugger state.
            </summary>
        </member>
        <member name="P:Alternet.Scripter.Debugger.ScriptDebugger.ExpressionEvaluator">
            <summary>
            Gets <c>IExpressionEvaluator</c> object used to evaluate expressions.
            </summary>
        </member>
        <member name="P:Alternet.Scripter.Debugger.ScriptDebugger.ScopeResolutionService">
            <summary>
            Gets <c>IExpressionEvaluator</c> object used to evaluate expressions.
            </summary>
        </member>
        <member name="P:Alternet.Scripter.Debugger.ScriptDebugger.MyCodeModules">
            <summary>
            Gets or sets collection of module names to be debugged.
            </summary>
        </member>
        <member name="M:Alternet.Scripter.Debugger.ScriptDebugger.ActivateThread(System.Int32)">
            <summary>
            Switches debugging to the specified thread.
            </summary>
            <param name="threadId">Thread ID to be activated.</param>
        </member>
        <member name="M:Alternet.Scripter.Debugger.ScriptDebugger.AttachToProcessAsync(System.Int32)">
            <summary>
            Attaches debugger to the process.
            </summary>
            <param name="processId">Process ID to attach.</param>
        </member>
        <member name="M:Alternet.Scripter.Debugger.ScriptDebugger.AttachToProcessAsync(System.Int32,Alternet.Scripter.Debugger.StartDebuggingOptions)">
            <summary>
            Attaches debugger to the process.
            </summary>
            <param name="processId">Process ID to attach.</param>
            <param name="options">Debugging options.</param>
        </member>
        <member name="M:Alternet.Scripter.Debugger.ScriptDebugger.Break">
            <summary>
            Causes the given process to pause its execution so that its current state can be analyzed.
            </summary>
        </member>
        <member name="M:Alternet.Scripter.Debugger.ScriptDebugger.ClearTemporaryGeneratedModules">
            <summary>
            Clears temporary generated modules on disk.
            </summary>
        </member>
        <member name="M:Alternet.Scripter.Debugger.ScriptDebugger.Continue">
            <summary>
            Continues given process to the next breakpoint or until process finishes.
            </summary>
        </member>
        <member name="M:Alternet.Scripter.Debugger.ScriptDebugger.Dispose">
            <summary>
            Performs application-defined tasks associated with freeing, releasing, or resetting unmanaged resources.
            </summary>
        </member>
        <member name="M:Alternet.Scripter.Debugger.ScriptDebugger.EnableBreakpoint(System.String,System.Int32,System.Boolean)">
            <summary>
            Enables or disables breakpoint at specified position.
            </summary>
            <param name="filePath">Name of file where breakpoint is set.</param>
            <param name="lineNumber">Index of line at which breakpoint is set.</param>
            <param name="enable">New breakpoint's state.</param>
        </member>
        <member name="M:Alternet.Scripter.Debugger.ScriptDebugger.EvaluateCurrentExceptionAsync(System.Threading.CancellationToken)">
            <summary>
            Evaluates current expression based on the current stack frame.
            </summary>
        </member>
        <member name="M:Alternet.Scripter.Debugger.ScriptDebugger.EvaluateExpressionAsync(Alternet.Scripter.Debugger.ExpressionEvaluationRequest,System.Threading.CancellationToken)">
            <summary>
            Evaluates an expression based on the current stack frame. If the expression can be parsed but not evaluated, an object is returned but will not contain a valid value.
            </summary>
        </member>
        <member name="M:Alternet.Scripter.Debugger.ScriptDebugger.EvaluateExpressionsAsync(System.Collections.Generic.IEnumerable{Alternet.Scripter.Debugger.ExpressionEvaluationRequest},System.Threading.CancellationToken)">
            <summary>
            Evaluates an expression based on the current stack frame. If the expression can be parsed but not evaluated, an object is returned but will not contain a valid value.
            </summary>
        </member>
        <member name="M:Alternet.Scripter.Debugger.ScriptDebugger.GetExecutionPositionAsync">
            <summary>
            Finds out current <c>ExecutionPosition</c> based on the current stack frame.
            </summary>
            <returns>Position of execution.</returns>
        </member>
        <member name="M:Alternet.Scripter.Debugger.ScriptDebugger.GetStackFramesAsync">
            <summary>
            Gets list of method calls that are currently on a stack.
            </summary>
        </member>
        <member name="M:Alternet.Scripter.Debugger.ScriptDebugger.GetThreadsAsync">
            <summary>
            Gets list of active threads.
            </summary>
        </member>
        <member name="M:Alternet.Scripter.Debugger.ScriptDebugger.GetVariablesInScopeAsync">
            <summary>
            Receives all local variables based on the current stack frame.
            </summary>
        </member>
        <member name="M:Alternet.Scripter.Debugger.ScriptDebugger.StartDebugging">
            <summary>
            Starts executing the program from the entry point with default settings.
            </summary>
        </member>
        <member name="M:Alternet.Scripter.Debugger.ScriptDebugger.StartDebugging(Alternet.Scripter.Debugger.StartDebuggingOptions)">
            <summary>
            Starts executing the program from the entry point with specified settings.
            </summary>
            <param name="options">Debugging options.</param>
        </member>
        <member name="M:Alternet.Scripter.Debugger.ScriptDebugger.StepInto">
            <summary>
            Executes one statement of code; steps into the next function call, if possible.
            </summary>
        </member>
        <member name="M:Alternet.Scripter.Debugger.ScriptDebugger.TrySetNextStatementAsync(System.Int32)">
            <summary>
            Tries to set the execution point to the specified line of code.
            </summary>
            <param name="lineNumber">Line number to be going to.</param>
            <returns>Result of executing.</returns>
        </member>
        <member name="M:Alternet.Scripter.Debugger.ScriptDebugger.StepOut">
            <summary>
            Executes one statement of code; steps out of the function currently being executed.
            </summary>
        </member>
        <member name="M:Alternet.Scripter.Debugger.ScriptDebugger.StepOver">
            <summary>
            Executes one statement of code; steps over the next function call.
            </summary>
        </member>
        <member name="M:Alternet.Scripter.Debugger.ScriptDebugger.StopDebuggingAsync">
            <summary>
            Stops executing the program.
            </summary>
        </member>
        <member name="M:Alternet.Scripter.Debugger.ScriptDebugger.SwitchToStackFrame(Alternet.Scripter.Debugger.StackFrame)">
            <summary>
            Switches debugging to the given stack frame.
            </summary>
            <param name="frame"><c>StackFrame</c> to be switched to.</param>
        </member>
        <member name="M:Alternet.Scripter.Debugger.ScriptDebugger.SetRunToPositionBreakpoint(Alternet.Scripter.Debugger.RunToPositionBreakpoint)">
            <summary>
            Causes debugger to stop at the specified position.
            </summary>
            <param name="breakpoint">Position in the source file.</param>
        </member>
        <member name="M:Alternet.Scripter.Debugger.ScriptDebugger.ExecuteCommandInDebuggerThread(System.Action)">
            <summary>
            Executes action in the UI thread.
            </summary>
            <param name="action">Action to be executed.</param>
            <returns>Task containing result of execution.</returns>
        </member>
        <member name="M:Alternet.Scripter.Debugger.ScriptDebugger.ExecuteCommandInDebuggerThreadAndMarshalException(System.Action)">
            <summary>
            Executes action in the UI thread; in case action throws exception, it's handled in the UI thread as well.
            </summary>
            <param name="action">Action to be executed.</param>
            <returns>Task containing result of execution.</returns>
        </member>
        <member name="M:Alternet.Scripter.Debugger.ScriptDebugger.ExecuteCommandInDebuggerThread``1(System.Func{``0},System.String)">
            <summary>
            Executes action in context of debugger thread. If current thread is debugger thread it will just execute action.
            Else it will queue command to debugger thread.
            This required because in .Net all COM interfaces can be accessed only from thread they are created/assigned.
            </summary>
        </member>
        <member name="T:Alternet.Scripter.Debugger.IScriptDebugger">
            <summary>
            Provides methods and properties that allow developers to debug applications in the common language runtime (CLR) environment.
            </summary>
        </member>
        <member name="P:Alternet.Scripter.Debugger.IScriptDebugger.GeneratedModulesPath">
            <summary>
            When implemented by a class, gets directory where assemblies for the scripts being debugged are located.
            </summary>
        </member>
        <member name="P:Alternet.Scripter.Debugger.IScriptDebugger.MyCodeModules">
            <summary>
            When implemented by a class, gets or sets collection of module names to be debugged.
            </summary>
        </member>
        <member name="P:Alternet.Scripter.Debugger.IScriptDebugger.ScriptRun">
            <summary>
            When implemented by a class, contains all information required to compile and run the script
            </summary>
        </member>
        <member name="M:Alternet.Scripter.Debugger.IScriptDebugger.GetThreadsAsync">
            <summary>
            When implemented by a class, gets list of active threads.
            </summary>
        </member>
        <member name="M:Alternet.Scripter.Debugger.IScriptDebugger.AttachToProcessAsync(System.Int32,Alternet.Scripter.Debugger.StartDebuggingOptions)">
            <summary>
            When implemented by a class, attaches debugger to the process.
            </summary>
            <param name="processId">Process ID to attach.</param>
            <param name="options">Process attach options.</param>
        </member>
        <member name="M:Alternet.Scripter.Debugger.IScriptDebugger.AttachToProcessAsync(System.Int32)">
            <summary>
            When implemented by a class, attaches debugger to the process.
            </summary>
            <param name="processId">Process ID to attach.</param>
        </member>
        <member name="T:Alternet.Scripter.IScriptDebuggerRemoteControl">
            <summary>
            Represents methods for remote communication between application  that executes script and debugger.
            </summary>
        </member>
        <member name="M:Alternet.Scripter.IScriptDebuggerRemoteControl.CompileScript(Alternet.Scripter.ScriptCompiledDelegate)">
            <summary>
            When implemented by a class, compiles scripts, and calls back the given delegate when compilation is complete.
            </summary>
        </member>
        <member name="M:Alternet.Scripter.IScriptDebuggerRemoteControl.StartScript(Alternet.Scripter.ScriptFinishedDelegate)">
            <summary>
            When implemented by a class, starts script execution.
            </summary>
        </member>
        <member name="M:Alternet.Scripter.IScriptDebuggerRemoteControl.StopScript">
            <summary>
            When implemented by a class, stops script execution.
            </summary>
        </member>
        <member name="M:Alternet.Scripter.IScriptDebuggerRemoteControl.IsScriptRunning">
            <summary>
            When implementing by a class, returns boolean value indicating that script is currently running.
            </summary>
            <returns></returns>
        </member>
    </members>
</doc>
