<?xml version="1.0"?>
<doc>
    <assembly>
        <name>Alternet.Studio.DebugCodeEdit.v5</name>
    </assembly>
    <members>
        <member name="P:Alternet.Studio.DebugCodeEdit.DebugCodeEdit.AllowedActions">
            <summary>
            Gets or sets a allowed actions.
            </summary>
        </member>
        <member name="P:Alternet.Studio.DebugCodeEdit.DebugCodeEdit.DataTipsEnabled">
            <summary>
            Gets or sets a boolean value indicating whether DataTip functionality is enabled.
            </summary>
        </member>
    </members>
</doc>
