<?xml version="1.0"?>
<doc>
    <assembly>
        <name>Alternet.Common.RichScriptEdit.v5</name>
    </assembly>
    <members>
        <member name="T:Alternet.Common.RichScriptEdit.Dialogs.DlgGoto">
            <summary>
            Represents dialog box that allows moving to a specific line index within <c>IScriptEdit</c> control.
            </summary>
        </member>
        <member name="M:Alternet.Common.RichScriptEdit.Dialogs.DlgGoto.#ctor">
            <summary>
            Initializes a new instance of the <c>DlgGoto</c> class with default settings.
            </summary>
        </member>
        <member name="P:Alternet.Common.RichScriptEdit.Dialogs.DlgGoto.Line">
            <summary>
            Gets or sets index of the current line. When dialog executes receives index of the new line.
            </summary>
        </member>
        <member name="P:Alternet.Common.RichScriptEdit.Dialogs.DlgGoto.Lines">
            <summary>
            Sets number of lines in the control's text content.
            </summary>
        </member>
        <member name="M:Alternet.Common.RichScriptEdit.Dialogs.DlgGoto.Execute(System.Object,System.Int32,System.Int32@)">
            <summary>
            Displays a goto dialog.
            </summary>
            <param name="sender">Specifies object owning the dialog.</param>
            <param name="lines">Number of lines in the control's text content.</param>
            <param name="line">Index of the current line. When dialog executes receives index of the new line.</param>
            <returns>DialogResult.OK if the user clicks OK in the dialog box; otherwise, DialogResult.Cancel.</returns>
        </member>
        <member name="M:Alternet.Common.RichScriptEdit.Dialogs.DlgGoto.Execute(System.Object,System.Int32,System.Int32@,System.Windows.Forms.IWin32Window)">
            <summary>
            Displays a goto dialog.
            </summary>
            <param name="sender">Specifies object owning the dialog.</param>
            <param name="lines">Number of lines in the control's text content.</param>
            <param name="line">Index of the current line. When dialog executes receives index of the new line.</param>
            <param name="owner">Any object that implements IWin32Window that represents the top-level window that will own the modal dialog box.</param>
            <returns>DialogResult.OK if the user clicks OK in the dialog box; otherwise, DialogResult.Cancel.</returns>
        </member>
        <member name="F:Alternet.Common.RichScriptEdit.Dialogs.DlgGoto.components">
            <summary>
            Required designer variable.
            </summary>
        </member>
        <member name="M:Alternet.Common.RichScriptEdit.Dialogs.DlgGoto.Dispose(System.Boolean)">
            <summary>
            Clean up any resources being used.
            </summary>
            <param name="disposing">true if managed resources should be disposed; otherwise, false.</param>
        </member>
        <member name="M:Alternet.Common.RichScriptEdit.Dialogs.DlgGoto.InitializeComponent">
            <summary>
            Required method for Designer support - do not modify
            the contents of this method with the code editor.
            </summary>
        </member>
        <member name="T:Alternet.Common.RichScriptEdit.Dialogs.DlgSearch">
            <summary>
            Represents a windows form used to provide search and replace dialog.
            </summary>
        </member>
        <member name="M:Alternet.Common.RichScriptEdit.Dialogs.DlgSearch.#ctor">
            <summary>
            Initializes a new instance of the <c>DlgSearch</c> class with default settings.
            </summary>
        </member>
        <member name="P:Alternet.Common.RichScriptEdit.Dialogs.DlgSearch.IsReplace">
            <summary>
            Gets or sets a value indicating whether search or replace dialog should be executed.
            </summary>
        </member>
        <member name="M:Alternet.Common.RichScriptEdit.Dialogs.DlgSearch.ExecuteDialog(Alternet.Common.RichScriptEdit.RichScriptEdit,System.Boolean)">
            <summary>
            Initializes and runs a search dialog box.
            </summary>
            <param name="textBox">Specifies <c>RichScriptEdit</c> object owning the dialog.</param>
            <param name="isReplace">Indicates whether search or replace dialog should be executed.</param>
            <returns>DialogResult.OK if the user clicks OK in the dialog box; otherwise, DialogResult.Cancel.</returns>
        </member>
        <member name="M:Alternet.Common.RichScriptEdit.Dialogs.DlgSearch.Execute(Alternet.Common.RichScriptEdit.RichScriptEdit,System.Boolean)">
            <summary>
            Initializes and runs a search dialog box.
            </summary>
            <param name="textBox">Specifies <c>RichScriptEdit</c> object owning the dialog.</param>
            <param name="isReplace">Indicates whether search or replace dialog should be executed.</param>
        </member>
        <member name="F:Alternet.Common.RichScriptEdit.Dialogs.DlgSearch.components">
            <summary>
            Required designer variable.
            </summary>
        </member>
        <member name="M:Alternet.Common.RichScriptEdit.Dialogs.DlgSearch.Dispose(System.Boolean)">
            <summary>
            Clean up any resources being used.
            </summary>
            <param name="disposing">true if managed resources should be disposed; otherwise, false.</param>
        </member>
        <member name="M:Alternet.Common.RichScriptEdit.Dialogs.DlgSearch.InitializeComponent">
            <summary>
            Required method for Designer support - do not modify
            the contents of this method with the code editor.
            </summary>
        </member>
        <member name="T:Alternet.Common.RichScriptEdit.Tokenizer">
            <summary>
            Represents a base class to perform lexical analysis of the text.
            </summary>
        </member>
        <member name="M:Alternet.Common.RichScriptEdit.Tokenizer.#ctor(Alternet.Common.RichScriptEdit.RichScriptEdit)">
            <summary>
            Initializes a new instance of the <c>Tokenizer</c> class with specified text control.
            </summary>
            <param name="textBox">RichScriptEdit object which contains text to analyze.</param>
        </member>
        <member name="M:Alternet.Common.RichScriptEdit.Tokenizer.ReparseSyntax">
            <summary>
            Performs lexical analysis for given document.
            </summary>
            <remarks>Does nothing. Will be overridden in the derived classes.</remarks>
        </member>
        <member name="M:Alternet.Common.RichScriptEdit.Tokenizer.CancelParsing">
            <summary>
            Stops parsing task.
            </summary>
        </member>
        <member name="M:Alternet.Common.RichScriptEdit.Tokenizer.Dispose">
            <summary>
            Disposes this <c>Painter</c> and frees resources associated with it.
            </summary>
        </member>
    </members>
</doc>
