<?xml version="1.0"?>
<doc>
    <assembly>
        <name>Alternet.Syntax.Parsers.TypeScript.v5</name>
    </assembly>
    <members>
        <member name="T:Alternet.Syntax.Parsers.TypeScript.FormattingOptionsEventArgs">
            <summary>
            Provides data for the <c>ITypeScriptRepository.CustomFormattingOptions</c> event.
            </summary>
        </member>
        <member name="M:Alternet.Syntax.Parsers.TypeScript.FormattingOptionsEventArgs.#ctor(Alternet.Common.TypeScript.Types.FormatCodeOptions)">
            <summary>
            Initializes a new instance of the <c>FormattingOptionsEventArgs</c> class with specified options.
            </summary>
            <param name="options">Rules that define formatting code behavior.</param>
        </member>
        <member name="P:Alternet.Syntax.Parsers.TypeScript.FormattingOptionsEventArgs.Options">
            <summary>
            Gets or sets a rules that define formatting code behavior.
            </summary>
        </member>
        <member name="T:Alternet.Syntax.Parsers.TypeScript.CodeCompletion.TypeScriptListMember">
            <summary>
            Implements properties and methods for a particular list member in the data collection of the code completion popups used to describe TypeScript code.
            </summary>
        </member>
        <member name="M:Alternet.Syntax.Parsers.TypeScript.CodeCompletion.TypeScriptListMember.#ctor(Alternet.Syntax.CodeCompletion.IListMembers,System.String,System.String,Alternet.Common.TypeScript.Compiler.V8Parser,System.Drawing.Point,System.Drawing.Color[])">
            <summary>
            Initializes a new instance of the <c>TypeScriptListMember</c> class with specified parameters.
            </summary>
            <param name="owner"><c>IListMembers</c> owning this instance.</param>
            <param name="fileName">File name of the source code file.</param>
            <param name="completionName">Name of the completion entry.</param>
            <param name="parser">V8Parser that provides syntax analysis.</param>
            <param name="position">Specifies position of language element within the text.</param>
            <param name="colors">Array of colors to highlight code completion descriptions.</param>
        </member>
        <member name="M:Alternet.Syntax.Parsers.TypeScript.CodeCompletion.TypeScriptListMember.#ctor">
            <summary>
            Initializes a new instance of the <c>TypeScriptListMember</c> class with default settings.
            </summary>
        </member>
        <member name="P:Alternet.Syntax.Parsers.TypeScript.CodeCompletion.TypeScriptListMember.Description">
            <summary>
            Return member's description.
            </summary>
            <returns>String value that describes the member.</returns>
        </member>
        <member name="P:Alternet.Syntax.Parsers.TypeScript.CodeCompletion.TypeScriptListMember.Category">
            <summary>
            Gets or sets CodeCompletionCategory to which this member belongs.
            </summary>
        </member>
        <member name="M:Alternet.Syntax.Parsers.TypeScript.CodeCompletion.TypeScriptListMember.GetParamText(System.Boolean)">
            <summary>
            Converts <c>Parameters</c> property to a single string.
            </summary>
            <param name="useFormatting">Specifies whether to use HTML formatting tags.</param>
            <returns>Returns <c>Parameters</c> in the form of comma separated text.</returns>
        </member>
        <member name="T:Alternet.Syntax.Parsers.TypeScript.CodeCompletion.TypeScriptRepository">
            <summary>
            Represents properties and methods to perform code completion functionality intended to use for TpeScript language.
            </summary>
        </member>
        <member name="M:Alternet.Syntax.Parsers.TypeScript.CodeCompletion.TypeScriptRepository.#ctor(Alternet.Syntax.ISyntaxParser,Alternet.Common.TypeScript.ITypeScriptProject,Alternet.Common.TypeScript.Types.ScriptKind,System.Boolean)">
            <summary>
            Initializes a new instance of the <c>TypeScriptRepository</c> class with specified settings.
            </summary>
            <param name="owner">Specifies parser that owns this repository.</param>
            <param name="project"><c>ITypeScriptProject</c> for this new instance.</param>
            <param name="scriptKind">Script kind of TypeScript file</param>
            <param name="caseSensitive">Specifies CaseSensitive property of this new instance.</param>
        </member>
        <member name="E:Alternet.Syntax.Parsers.TypeScript.CodeCompletion.TypeScriptRepository.CustomFormattingOptions">
            <summary>
            Occurs when text document is being formatted to provide custom formatting options.
            </summary>
        </member>
        <member name="P:Alternet.Syntax.Parsers.TypeScript.CodeCompletion.TypeScriptRepository.Images">
            <summary>
            Represents collection of images used for code completion.
            </summary>
        </member>
        <member name="P:Alternet.Syntax.Parsers.TypeScript.CodeCompletion.TypeScriptRepository.ImagesHighDpi">
            <summary>
            Gets or sets ImageList for high DPI.
            </summary>
        </member>
        <member name="P:Alternet.Syntax.Parsers.TypeScript.CodeCompletion.TypeScriptRepository.FileName">
            <summary>
            Gets or sets file name of the file being parsed.
            </summary>
        </member>
        <member name="P:Alternet.Syntax.Parsers.TypeScript.CodeCompletion.TypeScriptRepository.DefaultExtension">
            <summary>
            Gets or sets a default extension of the code files.
            </summary>
        </member>
        <member name="P:Alternet.Syntax.Parsers.TypeScript.CodeCompletion.TypeScriptRepository.DisplayScaledImages">
            <summary>
            Gets ImageList for high DPI.
            </summary>
        </member>
        <member name="P:Alternet.Syntax.Parsers.TypeScript.CodeCompletion.TypeScriptRepository.Parser">
            <summary>
            Gets a V8Parser provides syntax analysis for TypeScript document.
            </summary>
        </member>
        <member name="P:Alternet.Syntax.Parsers.TypeScript.CodeCompletion.TypeScriptRepository.Project">
            <summary>
            Gets a ITypeScriptProject that contains document being parsed.
            </summary>
        </member>
        <member name="M:Alternet.Syntax.Parsers.TypeScript.CodeCompletion.TypeScriptRepository.FillMembers(System.Collections.Generic.IEnumerable{Alternet.Common.TypeScript.Types.CompletionEntry},Alternet.Syntax.CodeCompletion.IListMembers,System.Drawing.Point)">
            <summary>
            Fills list members provider with list of its member, providing available choices for the specified language element.
            </summary>
            <param name="completions">Set of completions that is source of language elements.</param>
            <param name="members">Specifies provider to fill with available members.</param>
            <param name="position">Specifies position of language element in the text.</param>
        </member>
        <member name="M:Alternet.Syntax.Parsers.TypeScript.CodeCompletion.TypeScriptRepository.FillParameterInfo(Alternet.Common.TypeScript.Types.SignatureHelpItems,Alternet.Syntax.CodeCompletion.IListMembers,System.Drawing.Point)">
            <summary>
            Fills list members provider with list of its member with parameter info.
            </summary>
            <param name="helpItems">Source of the parameter information.</param>
            <param name="members">Specifies provider to fill with available members.</param>
            <param name="position">Specifies position of language element in the text.</param>
        </member>
        <member name="M:Alternet.Syntax.Parsers.TypeScript.CodeCompletion.TypeScriptRepository.QuickInfo(System.Drawing.Point)">
            <summary>
            Gets the quick info available at the caret position.
            </summary>
            <param name="position">The position of the caret.</param>
            <returns>QuickInfo related to the specified position.</returns>
        </member>
        <member name="M:Alternet.Syntax.Parsers.TypeScript.CodeCompletion.TypeScriptRepository.GetClassifications">
            <summary>
            Gets a list of ClassifiedSpan for the document.
            </summary>
            <returns>List of ClassifiedSpan.</returns>
        </member>
        <member name="M:Alternet.Syntax.Parsers.TypeScript.CodeCompletion.TypeScriptRepository.GetOutliningSpans">
            <summary>
            Gets a list of OutliningSpan for the document.
            </summary>
            <returns>List of OutliningSpan.</returns>
        </member>
        <member name="M:Alternet.Syntax.Parsers.TypeScript.CodeCompletion.TypeScriptRepository.GetDiagnostics">
            <summary>
            Gets a list of Diagnostic for the document.
            </summary>
            <returns>List of Diagnostic.</returns>
        </member>
        <member name="M:Alternet.Syntax.Parsers.TypeScript.CodeCompletion.TypeScriptRepository.GetFormattingEditsForRange(System.Int32,System.Int32,System.Boolean,System.Int32,System.Boolean,System.String@)">
            <summary>
            Gets the text changes for the part of document accordingly to the formatting rules.
            </summary>
            <param name="start">Start position of code being formatted.</param>
            <param name="end">End position of code being formatted.</param>
            <param name="useSpaces">Indicates whether indentation string should contain spaces or tabs.</param>
            <param name="spacesInTab">Specifies number of spaces in tab.</param>
            <param name="applyChanges">Forces to apply found changes to the new text.</param>
            <param name="newText">Receives formatted code.</param>
            <returns>List of TextChange representing a difference between old and new text.</returns>
        </member>
        <member name="M:Alternet.Syntax.Parsers.TypeScript.CodeCompletion.TypeScriptRepository.GetCompletionsAtPosition(System.Drawing.Point)">
            <summary>
            Gets the completions available at the caret position.
            </summary>
            <param name="position">The position of the caret.</param>
            <returns>List of CompletionEntry related to the specified position.</returns>
        </member>
        <member name="M:Alternet.Syntax.Parsers.TypeScript.CodeCompletion.TypeScriptRepository.GetSignatureHelpItems(System.Drawing.Point)">
            <summary>
            Gets the signature help items available at the caret position.
            </summary>
            <param name="position">The position of the caret.</param>
            <returns>SignatureHelpItems related to the specified position.</returns>
        </member>
        <member name="M:Alternet.Syntax.Parsers.TypeScript.CodeCompletion.TypeScriptRepository.GetQuickInfoAtPosition(System.Drawing.Point)">
            <summary>
            Gets the quick info available at the caret position.
            </summary>
            <param name="position">The position of the caret.</param>
            <returns>QuickInfo related to the specified position.</returns>
        </member>
        <member name="M:Alternet.Syntax.Parsers.TypeScript.CodeCompletion.TypeScriptRepository.GetDocCommentTemplateAtPosition(System.Drawing.Point)">
            <summary>
            Gets the documentation comment template available at the caret position.
            </summary>
            <param name="position">The position of the caret.</param>
            <returns>TextInsertion that contains documentation comment template.</returns>
        </member>
        <member name="M:Alternet.Syntax.Parsers.TypeScript.CodeCompletion.TypeScriptRepository.GetSyntaxTree">
            <summary>
            Gets the syntax tree for the parsed document.
            </summary>
            <returns>Node holds parsed document content.</returns>
        </member>
        <member name="M:Alternet.Syntax.Parsers.TypeScript.CodeCompletion.TypeScriptRepository.GetSmartFormatSymbol(System.Int32)">
            <summary>
            Gets smart format node under given position.
            </summary>
            <param name="pos">Current position</param>
            <returns>Node that can be formatted or null.</returns>
        </member>
        <member name="M:Alternet.Syntax.Parsers.TypeScript.CodeCompletion.TypeScriptRepository.FindReferences(System.Drawing.Point)">
            <summary>
            Locates all references at given position in the text.
            </summary>
            <param name="position">Specifies position to find declaration.</param>
            <returns>List of ReferencedSymbol that contains all available references.</returns>
        </member>
        <member name="M:Alternet.Syntax.Parsers.TypeScript.CodeCompletion.TypeScriptRepository.FindDeclarations(System.Drawing.Point)">
            <summary>
            Locates all declarations at given position in the text.
            </summary>
            <param name="position">Specifies position to find declaration.</param>
            <returns>List of DefinitionInfo that contains all available declarations.</returns>
        </member>
        <member name="M:Alternet.Syntax.Parsers.TypeScript.CodeCompletion.TypeScriptRepository.GetPositionOfLineAndCharacter(System.Drawing.Point)">
            <summary>
            Converts given position into absolute text coordinate.
            </summary>
            <param name="position"><c>Point</c> to convert.</param>
            <returns>Absolute position.</returns>
        </member>
        <member name="M:Alternet.Syntax.Parsers.TypeScript.CodeCompletion.TypeScriptRepository.GetLineAndCharacterOfPosition(System.Int32)">
            <summary>
            Converts given absolute text coordinate into Point position.
            </summary>
            <param name="position">Absolute text coordinate to convert.</param>
            <returns><c>Point</c> position.</returns>
        </member>
        <member name="M:Alternet.Syntax.Parsers.TypeScript.CodeCompletion.TypeScriptRepository.GetIndentationAtPosition(System.Drawing.Point,System.Boolean,System.Int32)">
            <summary>
            Gets line indentation at specified position.
            </summary>
            <param name="position">Specifies current position in text.</param>
            <param name="useSpaces">Indicates whether indentation string should contain spaces or tabs.</param>
            <param name="spacesInTab">Specifies number of spaces in tab.</param>
            <returns>Number of indentation characters.</returns>
        </member>
        <member name="M:Alternet.Syntax.Parsers.TypeScript.CodeCompletion.TypeScriptRepository.ReplaceDocument(System.String,System.String)">
            <summary>
            Updates source code document to have the text specified.
            </summary>
            <param name="fileName">File name of the document.</param>
            <param name="text">New TypeScript text.</param>
        </member>
        <member name="M:Alternet.Syntax.Parsers.TypeScript.CodeCompletion.TypeScriptRepository.RemoveDocument(System.String)">
            <summary>
            Removes specified document from the project.
            </summary>
            <param name="fileName">File name of the document.</param>
        </member>
        <member name="M:Alternet.Syntax.Parsers.TypeScript.CodeCompletion.TypeScriptRepository.HasDocument(System.String)">
            <summary>
            Indicates whether TypeScript project has document specified.
            </summary>
            <param name="fileName">File name of the document.</param>
            <returns>True if project contains given document; otherwise false.</returns>
        </member>
        <member name="M:Alternet.Syntax.Parsers.TypeScript.CodeCompletion.TypeScriptRepository.GetDocumentText(System.String)">
            <summary>
            Gets text of the specified document.
            </summary>
            <param name="fileName">File name of the document.</param>
            <returns>Source code from given document.</returns>
        </member>
        <member name="M:Alternet.Syntax.Parsers.TypeScript.CodeCompletion.TypeScriptRepository.RegisterCodeFiles(System.String[])">
            <summary>
            Makes types declared in given source files accessible for code completion.
            </summary>
            <param name="files">Files containing source code.</param>
        </member>
        <member name="M:Alternet.Syntax.Parsers.TypeScript.CodeCompletion.TypeScriptRepository.UnregisterCodeFiles(System.String[])">
            <summary>
            Removes types declared in given source files from being accessible code completion.
            </summary>
            <param name="files">Files containing source code.</param>
        </member>
        <member name="T:Alternet.Syntax.Parsers.TypeScript.TypeScriptConsts">
            <summary>
            Contains default constants related to lexical and syntax analyzers.
            </summary>
        </member>
        <member name="T:Alternet.Syntax.Parsers.TypeScript.Helpers.TextResolver">
            <summary>
            Represents properties and methods to convert absolute position within TypeScript code into Point coordinate.
            </summary>
        </member>
        <member name="M:Alternet.Syntax.Parsers.TypeScript.Helpers.TextResolver.#ctor(System.String)">
            <summary>
            Initializes a new instance of the <c>TextResolver</c> class with specified text.
            </summary>
            <param name="text">String representation of the text.</param>
        </member>
        <member name="M:Alternet.Syntax.Parsers.TypeScript.Helpers.TextResolver.#ctor(System.Collections.Generic.IList{System.String})">
            <summary>
            Initializes a new instance of the <c>TextResolver</c> class with specified text.
            </summary>
            <param name="text">List of strings representing the text.</param>
        </member>
        <member name="P:Alternet.Syntax.Parsers.TypeScript.Helpers.TextResolver.Strings">
            <summary>
            Gets part of code in the form of the list of strings.
            </summary>
        </member>
        <member name="M:Alternet.Syntax.Parsers.TypeScript.Helpers.TextResolver.TextToPoint(System.Int32)">
            <summary>
            Converts given absolute text coordinate into Point position.
            </summary>
            <param name="pos">Absolute text coordinate to convert.</param>
            <returns><c>Point</c> position.</returns>
        </member>
        <member name="T:Alternet.Syntax.Parsers.TypeScript.TypeScriptParser">
            <summary>
            Represents properties and methods to perform syntax analysis of the text intended to use for TypeScript language.
            </summary>
        </member>
        <member name="M:Alternet.Syntax.Parsers.TypeScript.TypeScriptParser.#ctor">
            <summary>
            Initializes a new instance of the <c>TypeScriptParser</c> class with default <c>TypeScriptProject</c>.
            </summary>
        </member>
        <member name="M:Alternet.Syntax.Parsers.TypeScript.TypeScriptParser.#ctor(Alternet.Common.TypeScript.ITypeScriptProject)">
            <summary>
            Initializes a new instance of the <c>TypeScriptParser</c> class with specified <c>ITypeScriptProject</c>.
            </summary>
            <param name="project">Specifies <c>ITypeScriptProject</c> to this new instance.</param>
        </member>
        <member name="P:Alternet.Syntax.Parsers.TypeScript.TypeScriptParser.Repository">
            <summary>
            Gets an <c>IRoslynRepository</c> that holds methods for code completion purposes.
            </summary>
        </member>
        <member name="P:Alternet.Syntax.Parsers.TypeScript.TypeScriptParser.FileName">
            <summary>
            Gets or sets file name of the file being parsed.
            </summary>
        </member>
        <member name="P:Alternet.Syntax.Parsers.TypeScript.TypeScriptParser.ScriptKind">
            <summary>
            Gets or sets kind of the source code file being parsed.
            </summary>
        </member>
        <member name="M:Alternet.Syntax.Parsers.TypeScript.TypeScriptParser.CreateRepository">
            <summary>
            Creates <c>ICodeCompletionRepository</c> to perform code completion functionality for this parser.
            </summary>
            <returns><c>ICodeCompletionRepository</c> that is created.</returns>
        </member>
        <member name="M:Alternet.Syntax.Parsers.TypeScript.TypeScriptParser.LoadFile(System.String,System.Text.Encoding)">
            <summary>
            Loads the contents of the specified file with specified encoding.
            </summary>
            <param name="fileName">Name of file to load text.</param>
            <param name="encoding">Specifies the character encoding to use.</param>
            <returns>True is succeed; otherwise false.</returns>
        </member>
        <member name="M:Alternet.Syntax.Parsers.TypeScript.TypeScriptParser.ResetParseInterval">
            <summary>
            Resets <c>ParseInterval</c> to the default value.
            </summary>
        </member>
        <member name="M:Alternet.Syntax.Parsers.TypeScript.TypeScriptParser.ShouldSerializeParseInterval">
            <summary>
            Indicates whether the <c>ParseInterval</c> property should be persisted.
            </summary>
            <returns>True if <c>ParseInterval</c> differs from its default value; otherwise false.</returns>
        </member>
        <member name="M:Alternet.Syntax.Parsers.TypeScript.TypeScriptParser.IsCodeCompletionChar(System.Char,System.Byte,System.Int32@)">
            <inheritdoc />
        </member>
        <member name="M:Alternet.Syntax.Parsers.TypeScript.TypeScriptParser.ReparseText(System.Boolean,System.Int32,System.Int32)">
            <inheritdoc />
        </member>
        <member name="M:Alternet.Syntax.Parsers.TypeScript.TypeScriptParser.ReparseText">
            <inheritdoc />
        </member>
        <member name="M:Alternet.Syntax.Parsers.TypeScript.TypeScriptParser.Reset">
            <inheritdoc />
        </member>
        <member name="M:Alternet.Syntax.Parsers.TypeScript.TypeScriptParser.ParseText(System.Int32,System.Int32,System.String,Alternet.Syntax.StringItemInfo[]@)">
            <inheritdoc />
        </member>
        <member name="M:Alternet.Syntax.Parsers.TypeScript.TypeScriptParser.StopParsing">
            <inheritdoc />
        </member>
        <member name="M:Alternet.Syntax.Parsers.TypeScript.TypeScriptParser.Outline(System.Collections.Generic.IList{Alternet.Common.IRange})">
            <inheritdoc />
        </member>
        <member name="M:Alternet.Syntax.Parsers.TypeScript.TypeScriptParser.GetSyntaxErrors(System.Collections.Generic.IList{Alternet.Syntax.ISyntaxError})">
            <inheritdoc />
        </member>
        <member name="M:Alternet.Syntax.Parsers.TypeScript.TypeScriptParser.CodeCompletion(System.String,Alternet.Syntax.StringItemInfo[],System.Drawing.Point,Alternet.Syntax.CodeCompletionArgs)">
            <inheritdoc />
        </member>
        <member name="M:Alternet.Syntax.Parsers.TypeScript.TypeScriptParser.GetXmlComment">
            <summary>
            Represents beginning of XML comment.
            </summary>
            <returns>String determines XML comment start.</returns>
        </member>
        <member name="M:Alternet.Syntax.Parsers.TypeScript.TypeScriptParser.SmartFormat(System.Drawing.Point@,System.Boolean,System.Int32,Alternet.Syntax.ITextUndoList)">
            <inheritdoc />
        </member>
        <member name="M:Alternet.Syntax.Parsers.TypeScript.TypeScriptParser.SmartFormat(System.Drawing.Point@,System.Drawing.Point@,System.Boolean,System.Int32,System.Boolean,Alternet.Syntax.ITextUndoList)">
            <inheritdoc />
        </member>
        <member name="M:Alternet.Syntax.Parsers.TypeScript.TypeScriptParser.GetSmartIndentString(System.Int32,System.Boolean,System.Boolean,System.Int32)">
            <inheritdoc />
        </member>
        <member name="M:Alternet.Syntax.Parsers.TypeScript.TypeScriptParser.PositionChanged(System.Int32,System.Int32,System.Int32,System.Int32)">
            <summary>
            Changes positions of any syntax nodes and its elements located next to the specified position.
            </summary>
            <param name="x">The X-constituent of the Point value that specifies start position to change.</param>
            <param name="y">The Y-constituent of the Point value that specifies start position to change.</param>
            <param name="deltaX">Specifies horizontal displacement.</param>
            <param name="deltaY">Specifies vertical displacement.</param>
        </member>
        <member name="M:Alternet.Syntax.Parsers.TypeScript.TypeScriptParser.FindReferences(System.Drawing.Point,Alternet.Common.IRangeList,System.Boolean)">
            <summary>
            Locates declaration at given position and finds all references to this declaration in the text.
            </summary>
            <param name="position">Specifies position to find declaration.</param>
            <param name="references">Retrieves references to found declaration.</param>
            <param name="allDocuments">Specifies if search needs to process all documents in the solution</param>
            <returns>Number of found references.</returns>
        </member>
        <member name="M:Alternet.Syntax.Parsers.TypeScript.TypeScriptParser.FindReferences(System.Drawing.Point)">
            <inheritdoc />
        </member>
        <member name="M:Alternet.Syntax.Parsers.TypeScript.TypeScriptParser.FindDeclaration(System.Drawing.Point)">
            <summary>
            Finds the declaration node at given position.
            </summary>
            <param name="position">Specifies position to find node.</param>
            <returns>SymbolLocation representing declaration location.</returns>
        </member>
        <member name="M:Alternet.Syntax.Parsers.TypeScript.TypeScriptParser.GetCompletionType(System.Char)">
            <inheritdoc />
        </member>
        <member name="M:Alternet.Syntax.Parsers.TypeScript.TypeScriptParser.ResetCodeCompletionChars">
            <inheritdoc />
        </member>
        <member name="M:Alternet.Syntax.Parsers.TypeScript.TypeScriptParser.ResetAutoIndentChars">
            <inheritdoc />
        </member>
        <member name="M:Alternet.Syntax.Parsers.TypeScript.TypeScriptParser.ResetSmartFormatChars">
            <inheritdoc />
        </member>
        <member name="M:Alternet.Syntax.Parsers.TypeScript.TypeScriptParser.ShouldSerializeAutoIndentChars">
            <inheritdoc />
        </member>
        <member name="M:Alternet.Syntax.Parsers.TypeScript.TypeScriptParser.ShouldSerializeCodeCompletionChars">
            <inheritdoc />
        </member>
        <member name="M:Alternet.Syntax.Parsers.TypeScript.TypeScriptParser.ShouldSerializeSmartFormatChars">
            <inheritdoc />
        </member>
        <member name="M:Alternet.Syntax.Parsers.TypeScript.TypeScriptParser.ShouldSerializeOptions">
            <summary>
            Indicates whether the <c>Options</c> property should be persisted.
            </summary>
            <returns>True if <c>Options</c> differs from its default value; otherwise false.</returns>
        </member>
        <member name="M:Alternet.Syntax.Parsers.TypeScript.TypeScriptParser.ShouldSerializeScriptKind">
            <summary>
            Indicates whether the <c>ScriptKind</c> property should be persisted.
            </summary>
            <returns>True if <c>ScriptKind</c> differs from its default value; otherwise false.</returns>
        </member>
        <member name="M:Alternet.Syntax.Parsers.TypeScript.TypeScriptParser.ResetOptions">
            <summary>
            Resets <c>Options</c> to the default value.
            </summary>
        </member>
        <member name="M:Alternet.Syntax.Parsers.TypeScript.TypeScriptParser.ResetScriptKind">
            <summary>
            Resets <c>ScriptKind</c> to the default value.
            </summary>
        </member>
        <member name="M:Alternet.Syntax.Parsers.TypeScript.TypeScriptParser.ParseSyntax(System.Threading.CancellationToken)">
            <summary>
            Performs syntax analysis of specified document.
            </summary>
            <param name="cancellationToken">Represents a token handles cancellation operation.</param>
        </member>
        <member name="M:Alternet.Syntax.Parsers.TypeScript.TypeScriptParser.RegisterDefaultAssemblies(Alternet.Common.TechnologyEnvironment)">
            <summary>
            Adds default system assemblies to be used for Code completion.
            </summary>
            <param name="technologyEnvironment">Specifies platform to be used for code completion.</param>
        </member>
        <member name="T:Alternet.Syntax.Parsers.TypeScript.TypeScriptTokenizer">
            <summary>
            Represents class that and perform lexical analysis of specified TypeScript code.
            </summary>
        </member>
        <member name="P:Alternet.Syntax.Parsers.TypeScript.TypeScriptTokenizer.Tokens">
            <summary>
            Gets or sets list of tokens with structured information for the code.
            </summary>
        </member>
        <member name="P:Alternet.Syntax.Parsers.TypeScript.TypeScriptTokenizer.Initialized">
            <summary>
            Gets a boolean value indicates whether code is already parsed. 
            </summary>
        </member>
        <member name="P:Alternet.Syntax.Parsers.TypeScript.TypeScriptTokenizer.UpdateCount">
            <summary>
            Keeps track of calls to <c>BeginUpdate</c> and <c>EndUpdate</c> so that they can be nested.
            </summary>
        </member>
        <member name="P:Alternet.Syntax.Parsers.TypeScript.TypeScriptTokenizer.TypeNameToken">
            <summary>
            Gets or sets token related to the type name.
            </summary>
        </member>
        <member name="M:Alternet.Syntax.Parsers.TypeScript.TypeScriptTokenizer.Clear">
            <summary>
            Removes all information from the tokenizer content.
            </summary>
        </member>
        <member name="M:Alternet.Syntax.Parsers.TypeScript.TypeScriptTokenizer.ReparseSyntax(System.Collections.Generic.IEnumerable{Alternet.Common.TypeScript.Types.ClassifiedSpan},Alternet.Syntax.Parsers.TypeScript.Helpers.TextResolver,System.Int32)">
            <summary>
            Performs lexical analysis for given ClassifiedSpan collection.
            </summary>
            <param name="spans">Source of syntax information.</param>
            <param name="textResolver">TextResolver that provides conversion between Line and Character and absolute coordinates.</param>
            <param name="count">Tokens capacity.</param>
        </member>
        <member name="M:Alternet.Syntax.Parsers.TypeScript.TypeScriptTokenizer.ParseText(System.Int32,Alternet.Syntax.StringItemInfo[]@)">
            <summary>
            Performs lexical analysis of given text.
            </summary>
            <param name="line">Specifies current line within the text.</param>
            <param name="colorData">Receives color data representing lexical information of the given text line.</param>
            <returns>Final lexical state.</returns>
        </member>
        <member name="M:Alternet.Syntax.Parsers.TypeScript.TypeScriptTokenizer.GetTokens(System.Collections.Generic.IEnumerable{Alternet.Common.TypeScript.Types.ClassifiedSpan},Alternet.Syntax.Parsers.TypeScript.Helpers.TextResolver,System.Int32)">
            <summary>
            Performs lexical analysis for given ClassifiedSpan collection.
            </summary>
            <param name="spans">Source of syntax information.</param>
            <param name="textResolver">TextResolver that provides conversion between Line and Character and absolute coordinates.</param>
            <param name="count">Tokens capacity.</param>
            <returns>Returns list of tokens as result of lexical analysis.</returns>
        </member>
        <member name="M:Alternet.Syntax.Parsers.TypeScript.TypeScriptTokenizer.PositionChanged(System.Int32,System.Int32,System.Int32,System.Int32,System.Char)">
            <summary>
            Changes positions of any tokens located next to the specified position.
            </summary>
            <param name="x">The X-constituent of the Point value that specifies start position to change.</param>
            <param name="y">The Y-constituent of the Point value that specifies start position to change.</param>
            <param name="deltaX">Specifies horizontal displacement.</param>
            <param name="deltaY">Specifies vertical displacement.</param>
            <param name="ch">Can be used as punctuation or separator stop char.</param>
        </member>
        <member name="M:Alternet.Syntax.Parsers.TypeScript.TypeScriptTokenizer.BeginUpdate">
            <summary>
            Prevents tokenizer state updating until calling <c>EndUpdate</c> method.
            </summary>
            <returns>Number of tokenizer state updating locks.</returns>
        </member>
        <member name="M:Alternet.Syntax.Parsers.TypeScript.TypeScriptTokenizer.EndUpdate">
            <summary>
            Re-enables tokenizer state updating, that was turn of by calling <c>BeginUpdate</c> method.
            </summary>
            <returns>Number of tokenizer state updating locks.</returns>
        </member>
        <member name="M:Alternet.Syntax.Parsers.TypeScript.TypeScriptTokenizer.DisableUpdate">
            <summary>
            Prevents tokenizer state updating until calling <c>EnableUpdate</c> method.
            </summary>
            <returns>Number of tokenizer state updating locks.</returns>
        </member>
        <member name="M:Alternet.Syntax.Parsers.TypeScript.TypeScriptTokenizer.EnableUpdate">
            <summary>
            Re-enables tokenizer state updating, that was turn of by calling <c>DisableUpdate</c> method.
            Using DisableUpdate/EnableUpdate to prevent notifying about updating the tokenizer state.
            </summary>
            <returns>Number of tokenizer state updating locks.</returns>
        </member>
        <member name="M:Alternet.Syntax.Parsers.TypeScript.TypeScriptTokenizer.Update">
            <summary>
            Updates tokenizer state.
            </summary>
        </member>
        <member name="T:Alternet.Syntax.Parsers.TypeScript.TypeScriptTokenizer.LineToken">
            <summary>
            Represents information about particular line token.
            </summary>
        </member>
        <member name="M:Alternet.Syntax.Parsers.TypeScript.TypeScriptTokenizer.LineToken.#ctor(System.Int32,System.Int32,System.Int32,System.Int32)">
            <summary>
            Initializes a new instance of the <c>LineToken</c> class with specific parameters.
            </summary>
            <param name="line">Number of line.</param>
            <param name="start">Number of start character.</param>
            <param name="len">Token length.</param>
            <param name="style">Lexical style.</param>
        </member>
        <member name="P:Alternet.Syntax.Parsers.TypeScript.TypeScriptTokenizer.LineToken.Line">
            <summary>
            Gets or sets number of line.
            </summary>
        </member>
        <member name="P:Alternet.Syntax.Parsers.TypeScript.TypeScriptTokenizer.LineToken.Start">
            <summary>
            Gets or sets number of start character.
            </summary>
        </member>
        <member name="P:Alternet.Syntax.Parsers.TypeScript.TypeScriptTokenizer.LineToken.Style">
            <summary>
            Gets or sets lexical style.
            </summary>
        </member>
        <member name="P:Alternet.Syntax.Parsers.TypeScript.TypeScriptTokenizer.LineToken.Length">
            <summary>
            Gets or sets token length.
            </summary>
        </member>
        <member name="M:Alternet.Syntax.Parsers.TypeScript.TypeScriptTokenizer.LineToken.Clone">
            <summary>
            Creates a new LineToken that is a copy of the current instance.
            </summary>
            <returns>A new LineToken that is a copy of this instance.</returns>
        </member>
        <member name="T:Alternet.Syntax.Parsers.TypeScript.TypeScriptTokenizer.TokenList">
            <summary>
            Represents a <c>LineToken</c> collection.
            </summary>
        </member>
        <member name="M:Alternet.Syntax.Parsers.TypeScript.TypeScriptTokenizer.TokenList.#ctor(System.Int32)">
            <summary>
            Initializes a new instance of the <c>TokenList</c> class with specified capacity.
            </summary>
            <param name="capacity">Capacity of the collection.</param>
        </member>
        <member name="M:Alternet.Syntax.Parsers.TypeScript.TypeScriptTokenizer.TokenList.PositionChangedY(System.Int32,System.Int32,System.Int32)">
            <summary>
            Updates specified position by deltaY values for any LineToken in the collection.
            </summary>
            <param name="x">Index of current character in the text.</param>
            <param name="y">Index of current line in the text.</param>
            <param name="deltaY">Vertical displacement.</param>
        </member>
        <member name="M:Alternet.Syntax.Parsers.TypeScript.TypeScriptTokenizer.TokenList.PositionChangedX(System.Int32,System.Int32,System.Int32,System.Char)">
            <summary>
            Updates specified position by deltaX values for any LineToken in the collection.
            </summary>
            <param name="x">Index of current character in the text.</param>
            <param name="y">Index of current line in the text.</param>
            <param name="deltaX">Horizontal displacement.</param>
            <param name="ch">Stop character.</param>
        </member>
        <member name="M:Alternet.Syntax.Parsers.TypeScript.TypeScriptTokenizer.TokenList.PositionChanged(System.Int32,System.Int32,System.Int32,System.Int32,System.Char)">
            <summary>
            Updates specified position by deltaY values for any LineToken in the collection.
            </summary>
            <param name="x">Index of current character in the text.</param>
            <param name="y">Index of current line in the text.</param>
            <param name="deltaX">Horizontal displacement.</param>
            <param name="deltaY">Vertical displacement.</param>
            <param name="ch">Stop character.</param>
        </member>
        <member name="M:Alternet.Syntax.Parsers.TypeScript.TypeScriptTokenizer.TokenList.GetTokens(System.Int32,System.Boolean)">
            <summary>
            Gets list of tokens suitable for specified line index.
            </summary>
            <param name="index">Index of line.</param>
            <param name="add">Indicates whether to extend token collection if necessary.</param>
            <returns>List of <c>LineToken</c> at specified line.</returns>
        </member>
        <member name="T:Alternet.Syntax.Parsers.TypeScript.ITypeScriptRepository">
            <summary>
            Represents properties and methods to perform code completion functionality for TypeScript code.
            </summary>
        </member>
        <member name="E:Alternet.Syntax.Parsers.TypeScript.ITypeScriptRepository.CustomFormattingOptions">
            <summary>
            When implemented by a class, occurs while trying to obtains information about formatting options related to the document.
            </summary>
        </member>
        <member name="P:Alternet.Syntax.Parsers.TypeScript.ITypeScriptRepository.DisplayScaledImages">
            <summary>
            When implemented by a class, gets ImageList for high DPIs.
            </summary>
        </member>
        <member name="P:Alternet.Syntax.Parsers.TypeScript.ITypeScriptRepository.FileName">
            <summary>
            When implemented by a class, gets or sets file name of the file being parsed.
            </summary>
        </member>
        <member name="P:Alternet.Syntax.Parsers.TypeScript.ITypeScriptRepository.DefaultExtension">
            <summary>
            When implemented by a class, gets or sets default extension associated with this repository.
            </summary>
        </member>
        <member name="P:Alternet.Syntax.Parsers.TypeScript.ITypeScriptRepository.Project">
            <summary>
            When implemented by a class, gets a ITypeScriptProject that contains document being parsed.
            </summary>
        </member>
        <member name="P:Alternet.Syntax.Parsers.TypeScript.ITypeScriptRepository.Parser">
            <summary>
            When implemented by a class, gets a V8Parser that provides syntax analysis for TypeScript document.
            </summary>
        </member>
        <member name="M:Alternet.Syntax.Parsers.TypeScript.ITypeScriptRepository.GetClassifications">
            <summary>
            When implemented by a class, gets a list of ClassifiedSpan for the document.
            </summary>
            <returns>List of ClassifiedSpan.</returns>
        </member>
        <member name="M:Alternet.Syntax.Parsers.TypeScript.ITypeScriptRepository.GetOutliningSpans">
            <summary>
            When implemented by a class, gets a list of OutliningSpan for the document.
            </summary>
            <returns>List of OutliningSpan.</returns>
        </member>
        <member name="M:Alternet.Syntax.Parsers.TypeScript.ITypeScriptRepository.GetDiagnostics">
            <summary>
            When implemented by a class, gets a list of Diagnostic for the document.
            </summary>
            <returns>List of Diagnostic.</returns>
        </member>
        <member name="M:Alternet.Syntax.Parsers.TypeScript.ITypeScriptRepository.GetFormattingEditsForRange(System.Int32,System.Int32,System.Boolean,System.Int32,System.Boolean,System.String@)">
            <summary>
            When implemented by a class, gets the text changes for the part of document accordingly to the formatting rules.
            </summary>
            <param name="start">Start position of code being formatted.</param>
            <param name="end">End position of code being formatted.</param>
            <param name="useSpaces">Indicates whether indentation string should contain spaces or tabs.</param>
            <param name="spacesInTab">Specifies number of spaces in tab.</param>
            <param name="applyChanges">Forces to apply found changes to the new text.</param>
            <param name="newText">Receives formatted code.</param>
            <returns>List of TextChanges representing difference between old and new code.</returns>
        </member>
        <member name="M:Alternet.Syntax.Parsers.TypeScript.ITypeScriptRepository.GetCompletionsAtPosition(System.Drawing.Point)">
            <summary>
            When implemented by a class, gets the completions available at the caret position.
            </summary>
            <param name="position">The position of the caret.</param>
            <returns>List of CompletionEntry related to the specified position.</returns>
        </member>
        <member name="M:Alternet.Syntax.Parsers.TypeScript.ITypeScriptRepository.GetSignatureHelpItems(System.Drawing.Point)">
            <summary>
            When implemented by a class, gets the signature help items available at the caret position.
            </summary>
            <param name="position">The position of the caret.</param>
            <returns>SignatureHelpItems related to the specified position.</returns>
        </member>
        <member name="M:Alternet.Syntax.Parsers.TypeScript.ITypeScriptRepository.GetQuickInfoAtPosition(System.Drawing.Point)">
            <summary>
            When implemented by a class, gets the quick info available at the caret position.
            </summary>
            <param name="position">The position of the caret.</param>
            <returns>QuickInfo related to the specified position.</returns>
        </member>
        <member name="M:Alternet.Syntax.Parsers.TypeScript.ITypeScriptRepository.GetDocCommentTemplateAtPosition(System.Drawing.Point)">
            <summary>
            When implemented by a class, gets the documentation comment template available at the caret position.
            </summary>
            <param name="position">The position of the caret.</param>
            <returns>TextInsertion that contains documentation comment template.</returns>
        </member>
        <member name="M:Alternet.Syntax.Parsers.TypeScript.ITypeScriptRepository.GetSyntaxTree">
            <summary>
            When implemented by a class, gets the syntax tree for the parsed document.
            </summary>
            <returns>Node holds parsed document content.</returns>
        </member>
        <member name="M:Alternet.Syntax.Parsers.TypeScript.ITypeScriptRepository.GetSmartFormatSymbol(System.Int32)">
            <summary>
            When implemented by a class, gets smart format node under given position.
            </summary>
            <param name="pos">Current position</param>
            <returns>Node that can be formatted or null.</returns>
        </member>
        <member name="M:Alternet.Syntax.Parsers.TypeScript.ITypeScriptRepository.GetPositionOfLineAndCharacter(System.Drawing.Point)">
            <summary>
            When implemented by a class, converts given position into absolute text coordinate.
            </summary>
            <param name="position"><c>Point</c> to convert.</param>
            <returns>Absolute position.</returns>
        </member>
        <member name="M:Alternet.Syntax.Parsers.TypeScript.ITypeScriptRepository.GetLineAndCharacterOfPosition(System.Int32)">
            <summary>
            When implemented by a class, converts given absolute text coordinate into Point position.
            </summary>
            <param name="position">Absolute text coordinate to convert.</param>
            <returns><c>Point</c> position.</returns>
        </member>
        <member name="M:Alternet.Syntax.Parsers.TypeScript.ITypeScriptRepository.GetIndentationAtPosition(System.Drawing.Point,System.Boolean,System.Int32)">
            <summary>
            When implemented by a class, gets line indentation at specified position.
            </summary>
            <param name="position">Specifies current position in text.</param>
            <param name="useSpaces">Indicates whether indentation string should contain spaces or tabs.</param>
            <param name="spacesInTab">Specifies number of spaces in tab.</param>
            <returns>Number of indentation characters.</returns>
        </member>
        <member name="M:Alternet.Syntax.Parsers.TypeScript.ITypeScriptRepository.ReplaceDocument(System.String,System.String)">
            <summary>
            When implemented by a class, updates source code document to have the text specified.
            </summary>
            <param name="fileName">File name of the document.</param>
            <param name="text">New TypeScript text.</param>
        </member>
        <member name="M:Alternet.Syntax.Parsers.TypeScript.ITypeScriptRepository.RemoveDocument(System.String)">
            <summary>
            When implemented by a class, removes specified document from the project.
            </summary>
            <param name="fileName">File name of the document.</param>
        </member>
        <member name="M:Alternet.Syntax.Parsers.TypeScript.ITypeScriptRepository.HasDocument(System.String)">
            <summary>
            When implemented by a class, indicates whether TypeScript project has document specified.
            </summary>
            <param name="fileName">File name of the document.</param>
            <returns>True if project contains given document; otherwise false.</returns>
        </member>
        <member name="M:Alternet.Syntax.Parsers.TypeScript.ITypeScriptRepository.GetDocumentText(System.String)">
            <summary>
            When implemented by a class, gets text of the specified document.
            </summary>
            <param name="fileName">File name of the document.</param>
            <returns>Source code of a given document.</returns>
        </member>
        <member name="M:Alternet.Syntax.Parsers.TypeScript.ITypeScriptRepository.RegisterCodeFiles(System.String[])">
            <summary>
            When implemented by a class, makes types declared in given source files accessible for code completion.
            </summary>
            <param name="files">Files containing source code.</param>
        </member>
        <member name="M:Alternet.Syntax.Parsers.TypeScript.ITypeScriptRepository.UnregisterCodeFiles(System.String[])">
            <summary>
            When implemented by a class, removes types declared in given source files from being accessible code completion.
            </summary>
            <param name="files">Files containing source code.</param>
        </member>
        <member name="M:Alternet.Syntax.Parsers.TypeScript.ITypeScriptRepository.FillMembers(System.Collections.Generic.IEnumerable{Alternet.Common.TypeScript.Types.CompletionEntry},Alternet.Syntax.CodeCompletion.IListMembers,System.Drawing.Point)">
            <summary>
            When implemented by a class, fills list members provider with list of its member, providing available choices for the specified language element.
            </summary>
            <param name="completions">Set of completions that is source of language elements.</param>
            <param name="members">Specifies provider to fill with available members.</param>
            <param name="position">Specifies position of language element in the text.</param>
        </member>
        <member name="M:Alternet.Syntax.Parsers.TypeScript.ITypeScriptRepository.FillParameterInfo(Alternet.Common.TypeScript.Types.SignatureHelpItems,Alternet.Syntax.CodeCompletion.IListMembers,System.Drawing.Point)">
            <summary>
            When implemented by a class, fills list members provider with list of its member with parameter info.
            </summary>
            <param name="helpItems">Source of the parameter information.</param>
            <param name="members">Specifies provider to fill with available members.</param>
            <param name="position">Specifies position of language element in the text.</param>
        </member>
        <member name="M:Alternet.Syntax.Parsers.TypeScript.ITypeScriptRepository.FindReferences(System.Drawing.Point)">
            <summary>
            When implemented by a class, locates all references at given position in the text.
            </summary>
            <param name="position">Specifies position to find declaration.</param>
            <returns>List of ReferencedSymbol that contains all available references.</returns>
        </member>
        <member name="M:Alternet.Syntax.Parsers.TypeScript.ITypeScriptRepository.FindDeclarations(System.Drawing.Point)">
            <summary>
            When implemented by a class, locates all declarations at given position in the text.
            </summary>
            <param name="position">Specifies position to find declaration.</param>
            <returns>List of DefinitionInfo that contains all available declarations.</returns>
        </member>
        <member name="M:Alternet.Syntax.Parsers.TypeScript.ITypeScriptRepository.QuickInfo(System.Drawing.Point)">
            <summary>
            When implemented by a class, gets the quick info available at the caret position.
            </summary>
            <param name="position">The position of the caret.</param>
            <returns>QuickInfo related to the specified position.</returns>
        </member>
        <member name="T:Alternet.Syntax.Parsers.TypeScript.JavaScriptParser">
            <summary>
            Represents properties and methods to perform syntax analysis of the text intended to use for JavaScript language.
            </summary>
        </member>
        <member name="M:Alternet.Syntax.Parsers.TypeScript.JavaScriptParser.#ctor">
            <summary>
            Initializes a new instance of the <c>JavaScriptParser</c> class with default <c>TypeScriptProject</c>.
            </summary>
        </member>
        <member name="M:Alternet.Syntax.Parsers.TypeScript.JavaScriptParser.#ctor(Alternet.Common.TypeScript.ITypeScriptProject)">
            <summary>
            Initializes a new instance of the <c>JavaScriptParser</c> class with specified <c>ITypeScriptProject</c>.
            </summary>
            <param name="project">Specifies <c>ITypeScriptProject</c> to this new instance.</param>
        </member>
        <member name="M:Alternet.Syntax.Parsers.TypeScript.JavaScriptParser.CreateRepository">
            <inheritdoc />
        </member>
        <member name="M:Alternet.Syntax.Parsers.TypeScript.JavaScriptParser.ShouldSerializeScriptKind">
            <inheritdoc />
        </member>
        <member name="M:Alternet.Syntax.Parsers.TypeScript.JavaScriptParser.ResetScriptKind">
            <inheritdoc />
        </member>
        <member name="T:Alternet.Syntax.Parsers.TypeScript.Properties.Resources">
            <summary>
              A strongly-typed resource class, for looking up localized strings, etc.
            </summary>
        </member>
        <member name="P:Alternet.Syntax.Parsers.TypeScript.Properties.Resources.ResourceManager">
            <summary>
              Returns the cached ResourceManager instance used by this class.
            </summary>
        </member>
        <member name="P:Alternet.Syntax.Parsers.TypeScript.Properties.Resources.Culture">
            <summary>
              Overrides the current thread's CurrentUICulture property for all
              resource lookups using this strongly typed resource class.
            </summary>
        </member>
        <member name="P:Alternet.Syntax.Parsers.TypeScript.Properties.Resources.ParserBundle">
            <summary>
              Looks up a localized string similar to .
            </summary>
        </member>
    </members>
</doc>
